[2026-09-18T13:02:08.613+0000] {processor.py:161} INFO - Started process (PID=195) to work on /opt/airflow/dags/dag_customer_rfm_dinda_c.py
[2026-09-18T13:02:08.614+0000] {processor.py:830} INFO - Processing file /opt/airflow/dags/dag_customer_rfm_dinda_c.py for tasks to queue
[2026-09-18T13:02:08.616+0000] {logging_mixin.py:188} INFO - [2026-09-18T13:02:08.616+0000] {dagbag.py:545} INFO - Filling up the DagBag from /opt/airflow/dags/dag_customer_rfm_dinda_c.py
[2026-09-18T13:02:08.637+0000] {processor.py:840} INFO - DAG(s) 'customer_rfm' retrieved from /opt/airflow/dags/dag_customer_rfm_dinda_c.py
[2026-09-18T13:02:08.682+0000] {logging_mixin.py:188} INFO - [2026-09-18T13:02:08.682+0000] {dag.py:3089} INFO - Sync 1 DAGs
[2026-09-18T13:02:08.703+0000] {logging_mixin.py:188} INFO - [2026-09-18T13:02:08.703+0000] {dag.py:3947} INFO - Setting next_dagrun for customer_rfm to 2026-09-18 00:00:00+00:00, run_after=2026-09-19 00:00:00+00:00
[2026-09-18T13:02:08.723+0000] {processor.py:183} INFO - Processing /opt/airflow/dags/dag_customer_rfm_dinda_c.py took 0.117 seconds
[2026-09-18T13:02:38.825+0000] {processor.py:161} INFO - Started process (PID=209) to work on /opt/airflow/dags/dag_customer_rfm_dinda_c.py
[2026-09-18T13:02:38.826+0000] {processor.py:830} INFO - Processing file /opt/airflow/dags/dag_customer_rfm_dinda_c.py for tasks to queue
[2026-09-18T13:02:38.829+0000] {logging_mixin.py:188} INFO - [2026-09-18T13:02:38.828+0000] {dagbag.py:545} INFO - Filling up the DagBag from /opt/airflow/dags/dag_customer_rfm_dinda_c.py
[2026-09-18T13:02:38.849+0000] {processor.py:840} INFO - DAG(s) 'customer_rfm' retrieved from /opt/airflow/dags/dag_customer_rfm_dinda_c.py
[2026-09-18T13:02:38.876+0000] {logging_mixin.py:188} INFO - [2026-09-18T13:02:38.876+0000] {dag.py:3089} INFO - Sync 1 DAGs
[2026-09-18T13:02:38.893+0000] {logging_mixin.py:188} INFO - [2026-09-18T13:02:38.893+0000] {dag.py:3947} INFO - Setting next_dagrun for customer_rfm to 2026-09-18 00:00:00+00:00, run_after=2026-09-19 00:00:00+00:00
[2026-09-18T13:02:38.910+0000] {processor.py:183} INFO - Processing /opt/airflow/dags/dag_customer_rfm_dinda_c.py took 0.090 seconds
[2026-09-18T13:03:09.049+0000] {processor.py:161} INFO - Started process (PID=214) to work on /opt/airflow/dags/dag_customer_rfm_dinda_c.py
[2026-09-18T13:03:09.050+0000] {processor.py:830} INFO - Processing file /opt/airflow/dags/dag_customer_rfm_dinda_c.py for tasks to queue
[2026-09-18T13:03:09.051+0000] {logging_mixin.py:188} INFO - [2026-09-18T13:03:09.051+0000] {dagbag.py:545} INFO - Filling up the DagBag from /opt/airflow/dags/dag_customer_rfm_dinda_c.py
[2026-09-18T13:03:09.065+0000] {processor.py:840} INFO - DAG(s) 'customer_rfm' retrieved from /opt/airflow/dags/dag_customer_rfm_dinda_c.py
[2026-09-18T13:03:09.090+0000] {logging_mixin.py:188} INFO - [2026-09-18T13:03:09.090+0000] {dag.py:3089} INFO - Sync 1 DAGs
[2026-09-18T13:03:09.108+0000] {logging_mixin.py:188} INFO - [2026-09-18T13:03:09.108+0000] {dag.py:3947} INFO - Setting next_dagrun for customer_rfm to 2026-09-18 00:00:00+00:00, run_after=2026-09-19 00:00:00+00:00
[2026-09-18T13:03:09.127+0000] {processor.py:183} INFO - Processing /opt/airflow/dags/dag_customer_rfm_dinda_c.py took 0.081 seconds
[2026-09-18T13:03:39.208+0000] {processor.py:161} INFO - Started process (PID=219) to work on /opt/airflow/dags/dag_customer_rfm_dinda_c.py
[2026-09-18T13:03:39.209+0000] {processor.py:830} INFO - Processing file /opt/airflow/dags/dag_customer_rfm_dinda_c.py for tasks to queue
[2026-09-18T13:03:39.210+0000] {logging_mixin.py:188} INFO - [2026-09-18T13:03:39.210+0000] {dagbag.py:545} INFO - Filling up the DagBag from /opt/airflow/dags/dag_customer_rfm_dinda_c.py
[2026-09-18T13:03:39.223+0000] {processor.py:840} INFO - DAG(s) 'customer_rfm' retrieved from /opt/airflow/dags/dag_customer_rfm_dinda_c.py
[2026-09-18T13:03:39.250+0000] {logging_mixin.py:188} INFO - [2026-09-18T13:03:39.249+0000] {dag.py:3089} INFO - Sync 1 DAGs
[2026-09-18T13:03:39.269+0000] {logging_mixin.py:188} INFO - [2026-09-18T13:03:39.269+0000] {dag.py:3947} INFO - Setting next_dagrun for customer_rfm to 2026-09-18 00:00:00+00:00, run_after=2026-09-19 00:00:00+00:00
[2026-09-18T13:03:39.284+0000] {processor.py:183} INFO - Processing /opt/airflow/dags/dag_customer_rfm_dinda_c.py took 0.080 seconds
[2026-09-18T13:04:09.412+0000] {processor.py:161} INFO - Started process (PID=224) to work on /opt/airflow/dags/dag_customer_rfm_dinda_c.py
[2026-09-18T13:04:09.413+0000] {processor.py:830} INFO - Processing file /opt/airflow/dags/dag_customer_rfm_dinda_c.py for tasks to queue
[2026-09-18T13:04:09.414+0000] {logging_mixin.py:188} INFO - [2026-09-18T13:04:09.414+0000] {dagbag.py:545} INFO - Filling up the DagBag from /opt/airflow/dags/dag_customer_rfm_dinda_c.py
[2026-09-18T13:04:09.428+0000] {processor.py:840} INFO - DAG(s) 'customer_rfm' retrieved from /opt/airflow/dags/dag_customer_rfm_dinda_c.py
[2026-09-18T13:04:09.452+0000] {logging_mixin.py:188} INFO - [2026-09-18T13:04:09.452+0000] {dag.py:3089} INFO - Sync 1 DAGs
[2026-09-18T13:04:09.470+0000] {logging_mixin.py:188} INFO - [2026-09-18T13:04:09.470+0000] {dag.py:3947} INFO - Setting next_dagrun for customer_rfm to 2026-09-18 00:00:00+00:00, run_after=2026-09-19 00:00:00+00:00
[2026-09-18T13:04:09.486+0000] {processor.py:183} INFO - Processing /opt/airflow/dags/dag_customer_rfm_dinda_c.py took 0.077 seconds
[2026-09-18T13:04:39.589+0000] {processor.py:161} INFO - Started process (PID=229) to work on /opt/airflow/dags/dag_customer_rfm_dinda_c.py
[2026-09-18T13:04:39.590+0000] {processor.py:830} INFO - Processing file /opt/airflow/dags/dag_customer_rfm_dinda_c.py for tasks to queue
[2026-09-18T13:04:39.591+0000] {logging_mixin.py:188} INFO - [2026-09-18T13:04:39.591+0000] {dagbag.py:545} INFO - Filling up the DagBag from /opt/airflow/dags/dag_customer_rfm_dinda_c.py
[2026-09-18T13:04:39.604+0000] {processor.py:840} INFO - DAG(s) 'customer_rfm' retrieved from /opt/airflow/dags/dag_customer_rfm_dinda_c.py
[2026-09-18T13:04:39.628+0000] {logging_mixin.py:188} INFO - [2026-09-18T13:04:39.628+0000] {dag.py:3089} INFO - Sync 1 DAGs
[2026-09-18T13:04:39.645+0000] {logging_mixin.py:188} INFO - [2026-09-18T13:04:39.645+0000] {dag.py:3947} INFO - Setting next_dagrun for customer_rfm to 2026-09-18 00:00:00+00:00, run_after=2026-09-19 00:00:00+00:00
[2026-09-18T13:04:39.664+0000] {processor.py:183} INFO - Processing /opt/airflow/dags/dag_customer_rfm_dinda_c.py took 0.081 seconds
[2026-09-18T13:05:09.803+0000] {processor.py:161} INFO - Started process (PID=234) to work on /opt/airflow/dags/dag_customer_rfm_dinda_c.py
[2026-09-18T13:05:09.804+0000] {processor.py:830} INFO - Processing file /opt/airflow/dags/dag_customer_rfm_dinda_c.py for tasks to queue
[2026-09-18T13:05:09.805+0000] {logging_mixin.py:188} INFO - [2026-09-18T13:05:09.805+0000] {dagbag.py:545} INFO - Filling up the DagBag from /opt/airflow/dags/dag_customer_rfm_dinda_c.py
[2026-09-18T13:05:09.817+0000] {processor.py:840} INFO - DAG(s) 'customer_rfm' retrieved from /opt/airflow/dags/dag_customer_rfm_dinda_c.py
[2026-09-18T13:05:09.840+0000] {logging_mixin.py:188} INFO - [2026-09-18T13:05:09.840+0000] {dag.py:3089} INFO - Sync 1 DAGs
[2026-09-18T13:05:09.856+0000] {logging_mixin.py:188} INFO - [2026-09-18T13:05:09.856+0000] {dag.py:3947} INFO - Setting next_dagrun for customer_rfm to 2026-09-18 00:00:00+00:00, run_after=2026-09-19 00:00:00+00:00
[2026-09-18T13:05:09.871+0000] {processor.py:183} INFO - Processing /opt/airflow/dags/dag_customer_rfm_dinda_c.py took 0.071 seconds
[2026-09-18T13:05:39.964+0000] {processor.py:161} INFO - Started process (PID=239) to work on /opt/airflow/dags/dag_customer_rfm_dinda_c.py
[2026-09-18T13:05:39.965+0000] {processor.py:830} INFO - Processing file /opt/airflow/dags/dag_customer_rfm_dinda_c.py for tasks to queue
[2026-09-18T13:05:39.966+0000] {logging_mixin.py:188} INFO - [2026-09-18T13:05:39.966+0000] {dagbag.py:545} INFO - Filling up the DagBag from /opt/airflow/dags/dag_customer_rfm_dinda_c.py
[2026-09-18T13:05:39.980+0000] {processor.py:840} INFO - DAG(s) 'customer_rfm' retrieved from /opt/airflow/dags/dag_customer_rfm_dinda_c.py
[2026-09-18T13:05:40.005+0000] {logging_mixin.py:188} INFO - [2026-09-18T13:05:40.005+0000] {dag.py:3089} INFO - Sync 1 DAGs
[2026-09-18T13:05:40.023+0000] {logging_mixin.py:188} INFO - [2026-09-18T13:05:40.023+0000] {dag.py:3947} INFO - Setting next_dagrun for customer_rfm to 2026-09-18 00:00:00+00:00, run_after=2026-09-19 00:00:00+00:00
[2026-09-18T13:05:40.038+0000] {processor.py:183} INFO - Processing /opt/airflow/dags/dag_customer_rfm_dinda_c.py took 0.078 seconds
[2026-09-18T13:06:10.160+0000] {processor.py:161} INFO - Started process (PID=244) to work on /opt/airflow/dags/dag_customer_rfm_dinda_c.py
[2026-09-18T13:06:10.161+0000] {processor.py:830} INFO - Processing file /opt/airflow/dags/dag_customer_rfm_dinda_c.py for tasks to queue
[2026-09-18T13:06:10.163+0000] {logging_mixin.py:188} INFO - [2026-09-18T13:06:10.163+0000] {dagbag.py:545} INFO - Filling up the DagBag from /opt/airflow/dags/dag_customer_rfm_dinda_c.py
[2026-09-18T13:06:10.198+0000] {processor.py:840} INFO - DAG(s) 'customer_rfm' retrieved from /opt/airflow/dags/dag_customer_rfm_dinda_c.py
[2026-09-18T13:06:10.226+0000] {logging_mixin.py:188} INFO - [2026-09-18T13:06:10.226+0000] {dag.py:3089} INFO - Sync 1 DAGs
[2026-09-18T13:06:10.243+0000] {logging_mixin.py:188} INFO - [2026-09-18T13:06:10.243+0000] {dag.py:3947} INFO - Setting next_dagrun for customer_rfm to 2026-09-18 00:00:00+00:00, run_after=2026-09-19 00:00:00+00:00
[2026-09-18T13:06:10.258+0000] {processor.py:183} INFO - Processing /opt/airflow/dags/dag_customer_rfm_dinda_c.py took 0.102 seconds
[2026-09-18T13:06:40.340+0000] {processor.py:161} INFO - Started process (PID=249) to work on /opt/airflow/dags/dag_customer_rfm_dinda_c.py
[2026-09-18T13:06:40.340+0000] {processor.py:830} INFO - Processing file /opt/airflow/dags/dag_customer_rfm_dinda_c.py for tasks to queue
[2026-09-18T13:06:40.342+0000] {logging_mixin.py:188} INFO - [2026-09-18T13:06:40.341+0000] {dagbag.py:545} INFO - Filling up the DagBag from /opt/airflow/dags/dag_customer_rfm_dinda_c.py
[2026-09-18T13:06:40.355+0000] {processor.py:840} INFO - DAG(s) 'customer_rfm' retrieved from /opt/airflow/dags/dag_customer_rfm_dinda_c.py
[2026-09-18T13:06:40.379+0000] {logging_mixin.py:188} INFO - [2026-09-18T13:06:40.379+0000] {dag.py:3089} INFO - Sync 1 DAGs
[2026-09-18T13:06:40.395+0000] {logging_mixin.py:188} INFO - [2026-09-18T13:06:40.394+0000] {dag.py:3947} INFO - Setting next_dagrun for customer_rfm to 2026-09-18 00:00:00+00:00, run_after=2026-09-19 00:00:00+00:00
[2026-09-18T13:06:40.416+0000] {processor.py:183} INFO - Processing /opt/airflow/dags/dag_customer_rfm_dinda_c.py took 0.079 seconds
[2026-09-18T13:07:10.562+0000] {processor.py:161} INFO - Started process (PID=254) to work on /opt/airflow/dags/dag_customer_rfm_dinda_c.py
[2026-09-18T13:07:10.563+0000] {processor.py:830} INFO - Processing file /opt/airflow/dags/dag_customer_rfm_dinda_c.py for tasks to queue
[2026-09-18T13:07:10.564+0000] {logging_mixin.py:188} INFO - [2026-09-18T13:07:10.564+0000] {dagbag.py:545} INFO - Filling up the DagBag from /opt/airflow/dags/dag_customer_rfm_dinda_c.py
[2026-09-18T13:07:10.579+0000] {processor.py:840} INFO - DAG(s) 'customer_rfm' retrieved from /opt/airflow/dags/dag_customer_rfm_dinda_c.py
[2026-09-18T13:07:10.601+0000] {logging_mixin.py:188} INFO - [2026-09-18T13:07:10.601+0000] {dag.py:3089} INFO - Sync 1 DAGs
[2026-09-18T13:07:10.621+0000] {logging_mixin.py:188} INFO - [2026-09-18T13:07:10.621+0000] {dag.py:3947} INFO - Setting next_dagrun for customer_rfm to 2026-09-18 00:00:00+00:00, run_after=2026-09-19 00:00:00+00:00
[2026-09-18T13:07:10.636+0000] {processor.py:183} INFO - Processing /opt/airflow/dags/dag_customer_rfm_dinda_c.py took 0.078 seconds
[2026-09-18T13:07:40.699+0000] {processor.py:161} INFO - Started process (PID=259) to work on /opt/airflow/dags/dag_customer_rfm_dinda_c.py
[2026-09-18T13:07:40.700+0000] {processor.py:830} INFO - Processing file /opt/airflow/dags/dag_customer_rfm_dinda_c.py for tasks to queue
[2026-09-18T13:07:40.702+0000] {logging_mixin.py:188} INFO - [2026-09-18T13:07:40.701+0000] {dagbag.py:545} INFO - Filling up the DagBag from /opt/airflow/dags/dag_customer_rfm_dinda_c.py
[2026-09-18T13:07:40.716+0000] {processor.py:840} INFO - DAG(s) 'customer_rfm' retrieved from /opt/airflow/dags/dag_customer_rfm_dinda_c.py
[2026-09-18T13:07:40.737+0000] {logging_mixin.py:188} INFO - [2026-09-18T13:07:40.737+0000] {dag.py:3089} INFO - Sync 1 DAGs
[2026-09-18T13:07:40.756+0000] {logging_mixin.py:188} INFO - [2026-09-18T13:07:40.756+0000] {dag.py:3947} INFO - Setting next_dagrun for customer_rfm to 2026-09-18 00:00:00+00:00, run_after=2026-09-19 00:00:00+00:00
[2026-09-18T13:07:40.773+0000] {processor.py:183} INFO - Processing /opt/airflow/dags/dag_customer_rfm_dinda_c.py took 0.079 seconds
[2026-09-18T13:08:10.915+0000] {processor.py:161} INFO - Started process (PID=264) to work on /opt/airflow/dags/dag_customer_rfm_dinda_c.py
[2026-09-18T13:08:10.916+0000] {processor.py:830} INFO - Processing file /opt/airflow/dags/dag_customer_rfm_dinda_c.py for tasks to queue
[2026-09-18T13:08:10.917+0000] {logging_mixin.py:188} INFO - [2026-09-18T13:08:10.917+0000] {dagbag.py:545} INFO - Filling up the DagBag from /opt/airflow/dags/dag_customer_rfm_dinda_c.py
[2026-09-18T13:08:10.931+0000] {processor.py:840} INFO - DAG(s) 'customer_rfm' retrieved from /opt/airflow/dags/dag_customer_rfm_dinda_c.py
[2026-09-18T13:08:10.953+0000] {logging_mixin.py:188} INFO - [2026-09-18T13:08:10.952+0000] {dag.py:3089} INFO - Sync 1 DAGs
[2026-09-18T13:08:10.969+0000] {logging_mixin.py:188} INFO - [2026-09-18T13:08:10.969+0000] {dag.py:3947} INFO - Setting next_dagrun for customer_rfm to 2026-09-18 00:00:00+00:00, run_after=2026-09-19 00:00:00+00:00
[2026-09-18T13:08:10.983+0000] {processor.py:183} INFO - Processing /opt/airflow/dags/dag_customer_rfm_dinda_c.py took 0.072 seconds
[2026-09-18T13:08:41.065+0000] {processor.py:161} INFO - Started process (PID=269) to work on /opt/airflow/dags/dag_customer_rfm_dinda_c.py
[2026-09-18T13:08:41.066+0000] {processor.py:830} INFO - Processing file /opt/airflow/dags/dag_customer_rfm_dinda_c.py for tasks to queue
[2026-09-18T13:08:41.067+0000] {logging_mixin.py:188} INFO - [2026-09-18T13:08:41.067+0000] {dagbag.py:545} INFO - Filling up the DagBag from /opt/airflow/dags/dag_customer_rfm_dinda_c.py
[2026-09-18T13:08:41.081+0000] {processor.py:840} INFO - DAG(s) 'customer_rfm' retrieved from /opt/airflow/dags/dag_customer_rfm_dinda_c.py
[2026-09-18T13:08:41.104+0000] {logging_mixin.py:188} INFO - [2026-09-18T13:08:41.104+0000] {dag.py:3089} INFO - Sync 1 DAGs
[2026-09-18T13:08:41.121+0000] {logging_mixin.py:188} INFO - [2026-09-18T13:08:41.121+0000] {dag.py:3947} INFO - Setting next_dagrun for customer_rfm to 2026-09-18 00:00:00+00:00, run_after=2026-09-19 00:00:00+00:00
[2026-09-18T13:08:41.137+0000] {processor.py:183} INFO - Processing /opt/airflow/dags/dag_customer_rfm_dinda_c.py took 0.076 seconds
[2026-09-18T13:09:11.328+0000] {processor.py:161} INFO - Started process (PID=274) to work on /opt/airflow/dags/dag_customer_rfm_dinda_c.py
[2026-09-18T13:09:11.329+0000] {processor.py:830} INFO - Processing file /opt/airflow/dags/dag_customer_rfm_dinda_c.py for tasks to queue
[2026-09-18T13:09:11.330+0000] {logging_mixin.py:188} INFO - [2026-09-18T13:09:11.330+0000] {dagbag.py:545} INFO - Filling up the DagBag from /opt/airflow/dags/dag_customer_rfm_dinda_c.py
[2026-09-18T13:09:11.350+0000] {processor.py:840} INFO - DAG(s) 'customer_rfm' retrieved from /opt/airflow/dags/dag_customer_rfm_dinda_c.py
[2026-09-18T13:09:11.375+0000] {logging_mixin.py:188} INFO - [2026-09-18T13:09:11.374+0000] {dag.py:3089} INFO - Sync 1 DAGs
[2026-09-18T13:09:11.392+0000] {logging_mixin.py:188} INFO - [2026-09-18T13:09:11.392+0000] {dag.py:3947} INFO - Setting next_dagrun for customer_rfm to 2026-09-18 00:00:00+00:00, run_after=2026-09-19 00:00:00+00:00
[2026-09-18T13:09:11.410+0000] {processor.py:183} INFO - Processing /opt/airflow/dags/dag_customer_rfm_dinda_c.py took 0.086 seconds
[2026-09-18T13:09:41.471+0000] {processor.py:161} INFO - Started process (PID=279) to work on /opt/airflow/dags/dag_customer_rfm_dinda_c.py
[2026-09-18T13:09:41.471+0000] {processor.py:830} INFO - Processing file /opt/airflow/dags/dag_customer_rfm_dinda_c.py for tasks to queue
[2026-09-18T13:09:41.473+0000] {logging_mixin.py:188} INFO - [2026-09-18T13:09:41.473+0000] {dagbag.py:545} INFO - Filling up the DagBag from /opt/airflow/dags/dag_customer_rfm_dinda_c.py
[2026-09-18T13:09:41.485+0000] {processor.py:840} INFO - DAG(s) 'customer_rfm' retrieved from /opt/airflow/dags/dag_customer_rfm_dinda_c.py
[2026-09-18T13:09:41.509+0000] {logging_mixin.py:188} INFO - [2026-09-18T13:09:41.509+0000] {dag.py:3089} INFO - Sync 1 DAGs
[2026-09-18T13:09:41.529+0000] {logging_mixin.py:188} INFO - [2026-09-18T13:09:41.529+0000] {dag.py:3947} INFO - Setting next_dagrun for customer_rfm to 2026-09-18 00:00:00+00:00, run_after=2026-09-19 00:00:00+00:00
[2026-09-18T13:09:41.546+0000] {processor.py:183} INFO - Processing /opt/airflow/dags/dag_customer_rfm_dinda_c.py took 0.079 seconds
[2026-09-18T13:10:11.748+0000] {processor.py:161} INFO - Started process (PID=284) to work on /opt/airflow/dags/dag_customer_rfm_dinda_c.py
[2026-09-18T13:10:11.749+0000] {processor.py:830} INFO - Processing file /opt/airflow/dags/dag_customer_rfm_dinda_c.py for tasks to queue
[2026-09-18T13:10:11.751+0000] {logging_mixin.py:188} INFO - [2026-09-18T13:10:11.750+0000] {dagbag.py:545} INFO - Filling up the DagBag from /opt/airflow/dags/dag_customer_rfm_dinda_c.py
[2026-09-18T13:10:11.763+0000] {processor.py:840} INFO - DAG(s) 'customer_rfm' retrieved from /opt/airflow/dags/dag_customer_rfm_dinda_c.py
[2026-09-18T13:10:11.786+0000] {logging_mixin.py:188} INFO - [2026-09-18T13:10:11.786+0000] {dag.py:3089} INFO - Sync 1 DAGs
[2026-09-18T13:10:11.802+0000] {logging_mixin.py:188} INFO - [2026-09-18T13:10:11.802+0000] {dag.py:3947} INFO - Setting next_dagrun for customer_rfm to 2026-09-18 00:00:00+00:00, run_after=2026-09-19 00:00:00+00:00
[2026-09-18T13:10:11.816+0000] {processor.py:183} INFO - Processing /opt/airflow/dags/dag_customer_rfm_dinda_c.py took 0.072 seconds
[2026-09-18T13:10:41.921+0000] {processor.py:161} INFO - Started process (PID=289) to work on /opt/airflow/dags/dag_customer_rfm_dinda_c.py
[2026-09-18T13:10:41.921+0000] {processor.py:830} INFO - Processing file /opt/airflow/dags/dag_customer_rfm_dinda_c.py for tasks to queue
[2026-09-18T13:10:41.924+0000] {logging_mixin.py:188} INFO - [2026-09-18T13:10:41.923+0000] {dagbag.py:545} INFO - Filling up the DagBag from /opt/airflow/dags/dag_customer_rfm_dinda_c.py
[2026-09-18T13:10:41.941+0000] {processor.py:840} INFO - DAG(s) 'customer_rfm' retrieved from /opt/airflow/dags/dag_customer_rfm_dinda_c.py
[2026-09-18T13:10:41.965+0000] {logging_mixin.py:188} INFO - [2026-09-18T13:10:41.965+0000] {dag.py:3089} INFO - Sync 1 DAGs
[2026-09-18T13:10:41.982+0000] {logging_mixin.py:188} INFO - [2026-09-18T13:10:41.982+0000] {dag.py:3947} INFO - Setting next_dagrun for customer_rfm to 2026-09-18 00:00:00+00:00, run_after=2026-09-19 00:00:00+00:00
[2026-09-18T13:10:42.003+0000] {processor.py:183} INFO - Processing /opt/airflow/dags/dag_customer_rfm_dinda_c.py took 0.086 seconds
[2026-09-18T13:10:44.969+0000] {processor.py:161} INFO - Started process (PID=294) to work on /opt/airflow/dags/dag_customer_rfm_dinda_c.py
[2026-09-18T13:10:44.970+0000] {processor.py:830} INFO - Processing file /opt/airflow/dags/dag_customer_rfm_dinda_c.py for tasks to queue
[2026-09-18T13:10:44.972+0000] {logging_mixin.py:188} INFO - [2026-09-18T13:10:44.971+0000] {dagbag.py:545} INFO - Filling up the DagBag from /opt/airflow/dags/dag_customer_rfm_dinda_c.py
[2026-09-18T13:10:44.994+0000] {processor.py:840} INFO - DAG(s) 'customer_rfm' retrieved from /opt/airflow/dags/dag_customer_rfm_dinda_c.py
[2026-09-18T13:10:45.018+0000] {logging_mixin.py:188} INFO - [2026-09-18T13:10:45.018+0000] {dag.py:3089} INFO - Sync 1 DAGs
[2026-09-18T13:10:45.036+0000] {logging_mixin.py:188} INFO - [2026-09-18T13:10:45.036+0000] {dag.py:3947} INFO - Setting next_dagrun for customer_rfm to 2026-09-18 00:00:00+00:00, run_after=2026-09-19 00:00:00+00:00
[2026-09-18T13:10:45.055+0000] {processor.py:183} INFO - Processing /opt/airflow/dags/dag_customer_rfm_dinda_c.py took 0.091 seconds
[2026-09-18T13:10:59.119+0000] {processor.py:161} INFO - Started process (PID=307) to work on /opt/airflow/dags/dag_customer_rfm_dinda_c.py
[2026-09-18T13:10:59.120+0000] {processor.py:830} INFO - Processing file /opt/airflow/dags/dag_customer_rfm_dinda_c.py for tasks to queue
[2026-09-18T13:10:59.121+0000] {logging_mixin.py:188} INFO - [2026-09-18T13:10:59.121+0000] {dagbag.py:545} INFO - Filling up the DagBag from /opt/airflow/dags/dag_customer_rfm_dinda_c.py
[2026-09-18T13:10:59.138+0000] {processor.py:840} INFO - DAG(s) 'customer_rfm' retrieved from /opt/airflow/dags/dag_customer_rfm_dinda_c.py
[2026-09-18T13:10:59.171+0000] {logging_mixin.py:188} INFO - [2026-09-18T13:10:59.171+0000] {dag.py:3089} INFO - Sync 1 DAGs
[2026-09-18T13:10:59.186+0000] {logging_mixin.py:188} INFO - [2026-09-18T13:10:59.186+0000] {dag.py:3947} INFO - Setting next_dagrun for customer_rfm to 2026-09-18 00:00:00+00:00, run_after=2026-09-19 00:00:00+00:00
[2026-09-18T13:10:59.202+0000] {processor.py:183} INFO - Processing /opt/airflow/dags/dag_customer_rfm_dinda_c.py took 0.087 seconds
[2026-09-18T13:11:29.287+0000] {processor.py:161} INFO - Started process (PID=312) to work on /opt/airflow/dags/dag_customer_rfm_dinda_c.py
[2026-09-18T13:11:29.288+0000] {processor.py:830} INFO - Processing file /opt/airflow/dags/dag_customer_rfm_dinda_c.py for tasks to queue
[2026-09-18T13:11:29.289+0000] {logging_mixin.py:188} INFO - [2026-09-18T13:11:29.289+0000] {dagbag.py:545} INFO - Filling up the DagBag from /opt/airflow/dags/dag_customer_rfm_dinda_c.py
[2026-09-18T13:11:29.302+0000] {processor.py:840} INFO - DAG(s) 'customer_rfm' retrieved from /opt/airflow/dags/dag_customer_rfm_dinda_c.py
[2026-09-18T13:11:29.328+0000] {logging_mixin.py:188} INFO - [2026-09-18T13:11:29.328+0000] {dag.py:3089} INFO - Sync 1 DAGs
[2026-09-18T13:11:29.345+0000] {logging_mixin.py:188} INFO - [2026-09-18T13:11:29.345+0000] {dag.py:3947} INFO - Setting next_dagrun for customer_rfm to 2026-09-18 00:00:00+00:00, run_after=2026-09-19 00:00:00+00:00
[2026-09-18T13:11:29.359+0000] {processor.py:183} INFO - Processing /opt/airflow/dags/dag_customer_rfm_dinda_c.py took 0.077 seconds
[2026-09-18T13:11:59.564+0000] {processor.py:161} INFO - Started process (PID=317) to work on /opt/airflow/dags/dag_customer_rfm_dinda_c.py
[2026-09-18T13:11:59.565+0000] {processor.py:830} INFO - Processing file /opt/airflow/dags/dag_customer_rfm_dinda_c.py for tasks to queue
[2026-09-18T13:11:59.566+0000] {logging_mixin.py:188} INFO - [2026-09-18T13:11:59.566+0000] {dagbag.py:545} INFO - Filling up the DagBag from /opt/airflow/dags/dag_customer_rfm_dinda_c.py
[2026-09-18T13:11:59.587+0000] {processor.py:840} INFO - DAG(s) 'customer_rfm' retrieved from /opt/airflow/dags/dag_customer_rfm_dinda_c.py
[2026-09-18T13:11:59.619+0000] {logging_mixin.py:188} INFO - [2026-09-18T13:11:59.618+0000] {dag.py:3089} INFO - Sync 1 DAGs
[2026-09-18T13:11:59.641+0000] {logging_mixin.py:188} INFO - [2026-09-18T13:11:59.641+0000] {dag.py:3947} INFO - Setting next_dagrun for customer_rfm to 2026-09-18 00:00:00+00:00, run_after=2026-09-19 00:00:00+00:00
[2026-09-18T13:11:59.657+0000] {processor.py:183} INFO - Processing /opt/airflow/dags/dag_customer_rfm_dinda_c.py took 0.098 seconds
[2026-09-18T13:12:16.701+0000] {processor.py:161} INFO - Started process (PID=322) to work on /opt/airflow/dags/dag_customer_rfm_dinda_c.py
[2026-09-18T13:12:16.702+0000] {processor.py:830} INFO - Processing file /opt/airflow/dags/dag_customer_rfm_dinda_c.py for tasks to queue
[2026-09-18T13:12:16.703+0000] {logging_mixin.py:188} INFO - [2026-09-18T13:12:16.703+0000] {dagbag.py:545} INFO - Filling up the DagBag from /opt/airflow/dags/dag_customer_rfm_dinda_c.py
[2026-09-18T13:12:16.722+0000] {processor.py:840} INFO - DAG(s) 'customer_rfm' retrieved from /opt/airflow/dags/dag_customer_rfm_dinda_c.py
[2026-09-18T13:12:16.746+0000] {logging_mixin.py:188} INFO - [2026-09-18T13:12:16.746+0000] {dag.py:3089} INFO - Sync 1 DAGs
[2026-09-18T13:12:16.764+0000] {logging_mixin.py:188} INFO - [2026-09-18T13:12:16.764+0000] {dag.py:3947} INFO - Setting next_dagrun for customer_rfm to 2026-09-18 00:00:00+00:00, run_after=2026-09-19 00:00:00+00:00
[2026-09-18T13:12:16.781+0000] {processor.py:183} INFO - Processing /opt/airflow/dags/dag_customer_rfm_dinda_c.py took 0.085 seconds
[2026-09-18T13:12:34.831+0000] {processor.py:161} INFO - Started process (PID=327) to work on /opt/airflow/dags/dag_customer_rfm_dinda_c.py
[2026-09-18T13:12:34.831+0000] {processor.py:830} INFO - Processing file /opt/airflow/dags/dag_customer_rfm_dinda_c.py for tasks to queue
[2026-09-18T13:12:34.833+0000] {logging_mixin.py:188} INFO - [2026-09-18T13:12:34.832+0000] {dagbag.py:545} INFO - Filling up the DagBag from /opt/airflow/dags/dag_customer_rfm_dinda_c.py
[2026-09-18T13:12:34.852+0000] {processor.py:840} INFO - DAG(s) 'customer_rfm' retrieved from /opt/airflow/dags/dag_customer_rfm_dinda_c.py
[2026-09-18T13:12:34.873+0000] {logging_mixin.py:188} INFO - [2026-09-18T13:12:34.873+0000] {dag.py:3089} INFO - Sync 1 DAGs
[2026-09-18T13:12:34.890+0000] {logging_mixin.py:188} INFO - [2026-09-18T13:12:34.890+0000] {dag.py:3947} INFO - Setting next_dagrun for customer_rfm to 2026-09-18 00:00:00+00:00, run_after=2026-09-19 00:00:00+00:00
[2026-09-18T13:12:34.909+0000] {processor.py:183} INFO - Processing /opt/airflow/dags/dag_customer_rfm_dinda_c.py took 0.082 seconds
[2026-09-18T13:13:05.007+0000] {processor.py:161} INFO - Started process (PID=332) to work on /opt/airflow/dags/dag_customer_rfm_dinda_c.py
[2026-09-18T13:13:05.008+0000] {processor.py:830} INFO - Processing file /opt/airflow/dags/dag_customer_rfm_dinda_c.py for tasks to queue
[2026-09-18T13:13:05.010+0000] {logging_mixin.py:188} INFO - [2026-09-18T13:13:05.010+0000] {dagbag.py:545} INFO - Filling up the DagBag from /opt/airflow/dags/dag_customer_rfm_dinda_c.py
[2026-09-18T13:13:05.024+0000] {processor.py:840} INFO - DAG(s) 'customer_rfm' retrieved from /opt/airflow/dags/dag_customer_rfm_dinda_c.py
[2026-09-18T13:13:05.049+0000] {logging_mixin.py:188} INFO - [2026-09-18T13:13:05.049+0000] {dag.py:3089} INFO - Sync 1 DAGs
[2026-09-18T13:13:05.069+0000] {logging_mixin.py:188} INFO - [2026-09-18T13:13:05.069+0000] {dag.py:3947} INFO - Setting next_dagrun for customer_rfm to 2026-09-18 00:00:00+00:00, run_after=2026-09-19 00:00:00+00:00
[2026-09-18T13:13:05.083+0000] {processor.py:183} INFO - Processing /opt/airflow/dags/dag_customer_rfm_dinda_c.py took 0.081 seconds
[2026-09-18T13:13:35.194+0000] {processor.py:161} INFO - Started process (PID=337) to work on /opt/airflow/dags/dag_customer_rfm_dinda_c.py
[2026-09-18T13:13:35.195+0000] {processor.py:830} INFO - Processing file /opt/airflow/dags/dag_customer_rfm_dinda_c.py for tasks to queue
[2026-09-18T13:13:35.198+0000] {logging_mixin.py:188} INFO - [2026-09-18T13:13:35.197+0000] {dagbag.py:545} INFO - Filling up the DagBag from /opt/airflow/dags/dag_customer_rfm_dinda_c.py
[2026-09-18T13:13:35.211+0000] {processor.py:840} INFO - DAG(s) 'customer_rfm' retrieved from /opt/airflow/dags/dag_customer_rfm_dinda_c.py
[2026-09-18T13:13:35.232+0000] {logging_mixin.py:188} INFO - [2026-09-18T13:13:35.232+0000] {dag.py:3089} INFO - Sync 1 DAGs
[2026-09-18T13:13:35.250+0000] {logging_mixin.py:188} INFO - [2026-09-18T13:13:35.250+0000] {dag.py:3947} INFO - Setting next_dagrun for customer_rfm to 2026-09-18 00:00:00+00:00, run_after=2026-09-19 00:00:00+00:00
[2026-09-18T13:13:35.264+0000] {processor.py:183} INFO - Processing /opt/airflow/dags/dag_customer_rfm_dinda_c.py took 0.074 seconds
[2026-09-18T13:14:05.352+0000] {processor.py:161} INFO - Started process (PID=342) to work on /opt/airflow/dags/dag_customer_rfm_dinda_c.py
[2026-09-18T13:14:05.353+0000] {processor.py:830} INFO - Processing file /opt/airflow/dags/dag_customer_rfm_dinda_c.py for tasks to queue
[2026-09-18T13:14:05.354+0000] {logging_mixin.py:188} INFO - [2026-09-18T13:14:05.354+0000] {dagbag.py:545} INFO - Filling up the DagBag from /opt/airflow/dags/dag_customer_rfm_dinda_c.py
[2026-09-18T13:14:05.366+0000] {processor.py:840} INFO - DAG(s) 'customer_rfm' retrieved from /opt/airflow/dags/dag_customer_rfm_dinda_c.py
[2026-09-18T13:14:05.386+0000] {logging_mixin.py:188} INFO - [2026-09-18T13:14:05.386+0000] {dag.py:3089} INFO - Sync 1 DAGs
[2026-09-18T13:14:05.403+0000] {logging_mixin.py:188} INFO - [2026-09-18T13:14:05.403+0000] {dag.py:3947} INFO - Setting next_dagrun for customer_rfm to 2026-09-18 00:00:00+00:00, run_after=2026-09-19 00:00:00+00:00
[2026-09-18T13:14:05.415+0000] {processor.py:183} INFO - Processing /opt/airflow/dags/dag_customer_rfm_dinda_c.py took 0.068 seconds
[2026-09-18T13:14:35.569+0000] {processor.py:161} INFO - Started process (PID=347) to work on /opt/airflow/dags/dag_customer_rfm_dinda_c.py
[2026-09-18T13:14:35.569+0000] {processor.py:830} INFO - Processing file /opt/airflow/dags/dag_customer_rfm_dinda_c.py for tasks to queue
[2026-09-18T13:14:35.571+0000] {logging_mixin.py:188} INFO - [2026-09-18T13:14:35.571+0000] {dagbag.py:545} INFO - Filling up the DagBag from /opt/airflow/dags/dag_customer_rfm_dinda_c.py
[2026-09-18T13:14:35.582+0000] {processor.py:840} INFO - DAG(s) 'customer_rfm' retrieved from /opt/airflow/dags/dag_customer_rfm_dinda_c.py
[2026-09-18T13:14:35.603+0000] {logging_mixin.py:188} INFO - [2026-09-18T13:14:35.603+0000] {dag.py:3089} INFO - Sync 1 DAGs
[2026-09-18T13:14:35.618+0000] {logging_mixin.py:188} INFO - [2026-09-18T13:14:35.618+0000] {dag.py:3947} INFO - Setting next_dagrun for customer_rfm to 2026-09-18 00:00:00+00:00, run_after=2026-09-19 00:00:00+00:00
[2026-09-18T13:14:35.631+0000] {processor.py:183} INFO - Processing /opt/airflow/dags/dag_customer_rfm_dinda_c.py took 0.066 seconds
[2026-09-18T13:15:05.724+0000] {processor.py:161} INFO - Started process (PID=352) to work on /opt/airflow/dags/dag_customer_rfm_dinda_c.py
[2026-09-18T13:15:05.726+0000] {processor.py:830} INFO - Processing file /opt/airflow/dags/dag_customer_rfm_dinda_c.py for tasks to queue
[2026-09-18T13:15:05.727+0000] {logging_mixin.py:188} INFO - [2026-09-18T13:15:05.727+0000] {dagbag.py:545} INFO - Filling up the DagBag from /opt/airflow/dags/dag_customer_rfm_dinda_c.py
[2026-09-18T13:15:05.743+0000] {processor.py:840} INFO - DAG(s) 'customer_rfm' retrieved from /opt/airflow/dags/dag_customer_rfm_dinda_c.py
[2026-09-18T13:15:05.769+0000] {logging_mixin.py:188} INFO - [2026-09-18T13:15:05.769+0000] {dag.py:3089} INFO - Sync 1 DAGs
[2026-09-18T13:15:05.788+0000] {logging_mixin.py:188} INFO - [2026-09-18T13:15:05.788+0000] {dag.py:3947} INFO - Setting next_dagrun for customer_rfm to 2026-09-18 00:00:00+00:00, run_after=2026-09-19 00:00:00+00:00
[2026-09-18T13:15:05.804+0000] {processor.py:183} INFO - Processing /opt/airflow/dags/dag_customer_rfm_dinda_c.py took 0.084 seconds
[2026-09-18T13:15:35.963+0000] {processor.py:161} INFO - Started process (PID=357) to work on /opt/airflow/dags/dag_customer_rfm_dinda_c.py
[2026-09-18T13:15:35.964+0000] {processor.py:830} INFO - Processing file /opt/airflow/dags/dag_customer_rfm_dinda_c.py for tasks to queue
[2026-09-18T13:15:35.967+0000] {logging_mixin.py:188} INFO - [2026-09-18T13:15:35.966+0000] {dagbag.py:545} INFO - Filling up the DagBag from /opt/airflow/dags/dag_customer_rfm_dinda_c.py
[2026-09-18T13:15:35.988+0000] {processor.py:840} INFO - DAG(s) 'customer_rfm' retrieved from /opt/airflow/dags/dag_customer_rfm_dinda_c.py
[2026-09-18T13:15:36.015+0000] {logging_mixin.py:188} INFO - [2026-09-18T13:15:36.015+0000] {dag.py:3089} INFO - Sync 1 DAGs
[2026-09-18T13:15:36.034+0000] {logging_mixin.py:188} INFO - [2026-09-18T13:15:36.034+0000] {dag.py:3947} INFO - Setting next_dagrun for customer_rfm to 2026-09-18 00:00:00+00:00, run_after=2026-09-19 00:00:00+00:00
[2026-09-18T13:15:36.048+0000] {processor.py:183} INFO - Processing /opt/airflow/dags/dag_customer_rfm_dinda_c.py took 0.088 seconds
[2026-09-18T13:16:06.109+0000] {processor.py:161} INFO - Started process (PID=362) to work on /opt/airflow/dags/dag_customer_rfm_dinda_c.py
[2026-09-18T13:16:06.110+0000] {processor.py:830} INFO - Processing file /opt/airflow/dags/dag_customer_rfm_dinda_c.py for tasks to queue
[2026-09-18T13:16:06.113+0000] {logging_mixin.py:188} INFO - [2026-09-18T13:16:06.113+0000] {dagbag.py:545} INFO - Filling up the DagBag from /opt/airflow/dags/dag_customer_rfm_dinda_c.py
[2026-09-18T13:16:06.126+0000] {processor.py:840} INFO - DAG(s) 'customer_rfm' retrieved from /opt/airflow/dags/dag_customer_rfm_dinda_c.py
[2026-09-18T13:16:06.149+0000] {logging_mixin.py:188} INFO - [2026-09-18T13:16:06.148+0000] {dag.py:3089} INFO - Sync 1 DAGs
[2026-09-18T13:16:06.168+0000] {logging_mixin.py:188} INFO - [2026-09-18T13:16:06.168+0000] {dag.py:3947} INFO - Setting next_dagrun for customer_rfm to 2026-09-18 00:00:00+00:00, run_after=2026-09-19 00:00:00+00:00
[2026-09-18T13:16:06.184+0000] {processor.py:183} INFO - Processing /opt/airflow/dags/dag_customer_rfm_dinda_c.py took 0.079 seconds
[2026-09-18T13:16:36.340+0000] {processor.py:161} INFO - Started process (PID=367) to work on /opt/airflow/dags/dag_customer_rfm_dinda_c.py
[2026-09-18T13:16:36.341+0000] {processor.py:830} INFO - Processing file /opt/airflow/dags/dag_customer_rfm_dinda_c.py for tasks to queue
[2026-09-18T13:16:36.343+0000] {logging_mixin.py:188} INFO - [2026-09-18T13:16:36.342+0000] {dagbag.py:545} INFO - Filling up the DagBag from /opt/airflow/dags/dag_customer_rfm_dinda_c.py
[2026-09-18T13:16:36.354+0000] {processor.py:840} INFO - DAG(s) 'customer_rfm' retrieved from /opt/airflow/dags/dag_customer_rfm_dinda_c.py
[2026-09-18T13:16:36.378+0000] {logging_mixin.py:188} INFO - [2026-09-18T13:16:36.378+0000] {dag.py:3089} INFO - Sync 1 DAGs
[2026-09-18T13:16:36.395+0000] {logging_mixin.py:188} INFO - [2026-09-18T13:16:36.395+0000] {dag.py:3947} INFO - Setting next_dagrun for customer_rfm to 2026-09-18 00:00:00+00:00, run_after=2026-09-19 00:00:00+00:00
[2026-09-18T13:16:36.412+0000] {processor.py:183} INFO - Processing /opt/airflow/dags/dag_customer_rfm_dinda_c.py took 0.075 seconds
[2026-09-18T13:17:06.522+0000] {processor.py:161} INFO - Started process (PID=372) to work on /opt/airflow/dags/dag_customer_rfm_dinda_c.py
[2026-09-18T13:17:06.523+0000] {processor.py:830} INFO - Processing file /opt/airflow/dags/dag_customer_rfm_dinda_c.py for tasks to queue
[2026-09-18T13:17:06.526+0000] {logging_mixin.py:188} INFO - [2026-09-18T13:17:06.525+0000] {dagbag.py:545} INFO - Filling up the DagBag from /opt/airflow/dags/dag_customer_rfm_dinda_c.py
[2026-09-18T13:17:06.547+0000] {processor.py:840} INFO - DAG(s) 'customer_rfm' retrieved from /opt/airflow/dags/dag_customer_rfm_dinda_c.py
[2026-09-18T13:17:06.592+0000] {logging_mixin.py:188} INFO - [2026-09-18T13:17:06.592+0000] {dag.py:3089} INFO - Sync 1 DAGs
[2026-09-18T13:17:06.618+0000] {logging_mixin.py:188} INFO - [2026-09-18T13:17:06.617+0000] {dag.py:3947} INFO - Setting next_dagrun for customer_rfm to 2026-09-18 00:00:00+00:00, run_after=2026-09-19 00:00:00+00:00
[2026-09-18T13:17:06.641+0000] {processor.py:183} INFO - Processing /opt/airflow/dags/dag_customer_rfm_dinda_c.py took 0.123 seconds
[2026-09-18T13:17:36.790+0000] {processor.py:161} INFO - Started process (PID=377) to work on /opt/airflow/dags/dag_customer_rfm_dinda_c.py
[2026-09-18T13:17:36.791+0000] {processor.py:830} INFO - Processing file /opt/airflow/dags/dag_customer_rfm_dinda_c.py for tasks to queue
[2026-09-18T13:17:36.793+0000] {logging_mixin.py:188} INFO - [2026-09-18T13:17:36.793+0000] {dagbag.py:545} INFO - Filling up the DagBag from /opt/airflow/dags/dag_customer_rfm_dinda_c.py
[2026-09-18T13:17:36.833+0000] {processor.py:840} INFO - DAG(s) 'customer_rfm' retrieved from /opt/airflow/dags/dag_customer_rfm_dinda_c.py
[2026-09-18T13:17:36.861+0000] {logging_mixin.py:188} INFO - [2026-09-18T13:17:36.861+0000] {dag.py:3089} INFO - Sync 1 DAGs
[2026-09-18T13:17:36.880+0000] {logging_mixin.py:188} INFO - [2026-09-18T13:17:36.879+0000] {dag.py:3947} INFO - Setting next_dagrun for customer_rfm to 2026-09-18 00:00:00+00:00, run_after=2026-09-19 00:00:00+00:00
[2026-09-18T13:17:36.901+0000] {processor.py:183} INFO - Processing /opt/airflow/dags/dag_customer_rfm_dinda_c.py took 0.116 seconds
[2026-09-18T13:18:07.033+0000] {processor.py:161} INFO - Started process (PID=382) to work on /opt/airflow/dags/dag_customer_rfm_dinda_c.py
[2026-09-18T13:18:07.034+0000] {processor.py:830} INFO - Processing file /opt/airflow/dags/dag_customer_rfm_dinda_c.py for tasks to queue
[2026-09-18T13:18:07.035+0000] {logging_mixin.py:188} INFO - [2026-09-18T13:18:07.035+0000] {dagbag.py:545} INFO - Filling up the DagBag from /opt/airflow/dags/dag_customer_rfm_dinda_c.py
[2026-09-18T13:18:07.050+0000] {processor.py:840} INFO - DAG(s) 'customer_rfm' retrieved from /opt/airflow/dags/dag_customer_rfm_dinda_c.py
[2026-09-18T13:18:07.073+0000] {logging_mixin.py:188} INFO - [2026-09-18T13:18:07.073+0000] {dag.py:3089} INFO - Sync 1 DAGs
[2026-09-18T13:18:07.090+0000] {logging_mixin.py:188} INFO - [2026-09-18T13:18:07.089+0000] {dag.py:3947} INFO - Setting next_dagrun for customer_rfm to 2026-09-18 00:00:00+00:00, run_after=2026-09-19 00:00:00+00:00
[2026-09-18T13:18:07.104+0000] {processor.py:183} INFO - Processing /opt/airflow/dags/dag_customer_rfm_dinda_c.py took 0.075 seconds
[2026-09-18T13:18:37.217+0000] {processor.py:161} INFO - Started process (PID=387) to work on /opt/airflow/dags/dag_customer_rfm_dinda_c.py
[2026-09-18T13:18:37.218+0000] {processor.py:830} INFO - Processing file /opt/airflow/dags/dag_customer_rfm_dinda_c.py for tasks to queue
[2026-09-18T13:18:37.219+0000] {logging_mixin.py:188} INFO - [2026-09-18T13:18:37.219+0000] {dagbag.py:545} INFO - Filling up the DagBag from /opt/airflow/dags/dag_customer_rfm_dinda_c.py
[2026-09-18T13:18:37.232+0000] {processor.py:840} INFO - DAG(s) 'customer_rfm' retrieved from /opt/airflow/dags/dag_customer_rfm_dinda_c.py
[2026-09-18T13:18:37.257+0000] {logging_mixin.py:188} INFO - [2026-09-18T13:18:37.257+0000] {dag.py:3089} INFO - Sync 1 DAGs
[2026-09-18T13:18:37.276+0000] {logging_mixin.py:188} INFO - [2026-09-18T13:18:37.276+0000] {dag.py:3947} INFO - Setting next_dagrun for customer_rfm to 2026-09-18 00:00:00+00:00, run_after=2026-09-19 00:00:00+00:00
[2026-09-18T13:18:37.292+0000] {processor.py:183} INFO - Processing /opt/airflow/dags/dag_customer_rfm_dinda_c.py took 0.079 seconds
[2026-09-18T13:19:07.391+0000] {processor.py:161} INFO - Started process (PID=392) to work on /opt/airflow/dags/dag_customer_rfm_dinda_c.py
[2026-09-18T13:19:07.392+0000] {processor.py:830} INFO - Processing file /opt/airflow/dags/dag_customer_rfm_dinda_c.py for tasks to queue
[2026-09-18T13:19:07.394+0000] {logging_mixin.py:188} INFO - [2026-09-18T13:19:07.394+0000] {dagbag.py:545} INFO - Filling up the DagBag from /opt/airflow/dags/dag_customer_rfm_dinda_c.py
[2026-09-18T13:19:07.410+0000] {processor.py:840} INFO - DAG(s) 'customer_rfm' retrieved from /opt/airflow/dags/dag_customer_rfm_dinda_c.py
[2026-09-18T13:19:07.433+0000] {logging_mixin.py:188} INFO - [2026-09-18T13:19:07.432+0000] {dag.py:3089} INFO - Sync 1 DAGs
[2026-09-18T13:19:07.452+0000] {logging_mixin.py:188} INFO - [2026-09-18T13:19:07.451+0000] {dag.py:3947} INFO - Setting next_dagrun for customer_rfm to 2026-09-18 00:00:00+00:00, run_after=2026-09-19 00:00:00+00:00
[2026-09-18T13:19:07.469+0000] {processor.py:183} INFO - Processing /opt/airflow/dags/dag_customer_rfm_dinda_c.py took 0.082 seconds
[2026-09-18T13:19:37.565+0000] {processor.py:161} INFO - Started process (PID=397) to work on /opt/airflow/dags/dag_customer_rfm_dinda_c.py
[2026-09-18T13:19:37.566+0000] {processor.py:830} INFO - Processing file /opt/airflow/dags/dag_customer_rfm_dinda_c.py for tasks to queue
[2026-09-18T13:19:37.567+0000] {logging_mixin.py:188} INFO - [2026-09-18T13:19:37.567+0000] {dagbag.py:545} INFO - Filling up the DagBag from /opt/airflow/dags/dag_customer_rfm_dinda_c.py
[2026-09-18T13:19:37.578+0000] {processor.py:840} INFO - DAG(s) 'customer_rfm' retrieved from /opt/airflow/dags/dag_customer_rfm_dinda_c.py
[2026-09-18T13:19:37.599+0000] {logging_mixin.py:188} INFO - [2026-09-18T13:19:37.599+0000] {dag.py:3089} INFO - Sync 1 DAGs
[2026-09-18T13:19:37.616+0000] {logging_mixin.py:188} INFO - [2026-09-18T13:19:37.616+0000] {dag.py:3947} INFO - Setting next_dagrun for customer_rfm to 2026-09-18 00:00:00+00:00, run_after=2026-09-19 00:00:00+00:00
[2026-09-18T13:19:37.630+0000] {processor.py:183} INFO - Processing /opt/airflow/dags/dag_customer_rfm_dinda_c.py took 0.069 seconds
[2026-09-18T13:20:07.747+0000] {processor.py:161} INFO - Started process (PID=402) to work on /opt/airflow/dags/dag_customer_rfm_dinda_c.py
[2026-09-18T13:20:07.747+0000] {processor.py:830} INFO - Processing file /opt/airflow/dags/dag_customer_rfm_dinda_c.py for tasks to queue
[2026-09-18T13:20:07.749+0000] {logging_mixin.py:188} INFO - [2026-09-18T13:20:07.749+0000] {dagbag.py:545} INFO - Filling up the DagBag from /opt/airflow/dags/dag_customer_rfm_dinda_c.py
[2026-09-18T13:20:07.761+0000] {processor.py:840} INFO - DAG(s) 'customer_rfm' retrieved from /opt/airflow/dags/dag_customer_rfm_dinda_c.py
[2026-09-18T13:20:07.781+0000] {logging_mixin.py:188} INFO - [2026-09-18T13:20:07.781+0000] {dag.py:3089} INFO - Sync 1 DAGs
[2026-09-18T13:20:07.796+0000] {logging_mixin.py:188} INFO - [2026-09-18T13:20:07.796+0000] {dag.py:3947} INFO - Setting next_dagrun for customer_rfm to 2026-09-18 00:00:00+00:00, run_after=2026-09-19 00:00:00+00:00
[2026-09-18T13:20:07.809+0000] {processor.py:183} INFO - Processing /opt/airflow/dags/dag_customer_rfm_dinda_c.py took 0.066 seconds
[2026-09-18T13:20:37.944+0000] {processor.py:161} INFO - Started process (PID=407) to work on /opt/airflow/dags/dag_customer_rfm_dinda_c.py
[2026-09-18T13:20:37.945+0000] {processor.py:830} INFO - Processing file /opt/airflow/dags/dag_customer_rfm_dinda_c.py for tasks to queue
[2026-09-18T13:20:37.946+0000] {logging_mixin.py:188} INFO - [2026-09-18T13:20:37.946+0000] {dagbag.py:545} INFO - Filling up the DagBag from /opt/airflow/dags/dag_customer_rfm_dinda_c.py
[2026-09-18T13:20:37.959+0000] {processor.py:840} INFO - DAG(s) 'customer_rfm' retrieved from /opt/airflow/dags/dag_customer_rfm_dinda_c.py
[2026-09-18T13:20:37.979+0000] {logging_mixin.py:188} INFO - [2026-09-18T13:20:37.979+0000] {dag.py:3089} INFO - Sync 1 DAGs
[2026-09-18T13:20:37.994+0000] {logging_mixin.py:188} INFO - [2026-09-18T13:20:37.994+0000] {dag.py:3947} INFO - Setting next_dagrun for customer_rfm to 2026-09-18 00:00:00+00:00, run_after=2026-09-19 00:00:00+00:00
[2026-09-18T13:20:38.007+0000] {processor.py:183} INFO - Processing /opt/airflow/dags/dag_customer_rfm_dinda_c.py took 0.067 seconds
[2026-09-18T13:21:08.108+0000] {processor.py:161} INFO - Started process (PID=412) to work on /opt/airflow/dags/dag_customer_rfm_dinda_c.py
[2026-09-18T13:21:08.109+0000] {processor.py:830} INFO - Processing file /opt/airflow/dags/dag_customer_rfm_dinda_c.py for tasks to queue
[2026-09-18T13:21:08.110+0000] {logging_mixin.py:188} INFO - [2026-09-18T13:21:08.110+0000] {dagbag.py:545} INFO - Filling up the DagBag from /opt/airflow/dags/dag_customer_rfm_dinda_c.py
[2026-09-18T13:21:08.125+0000] {processor.py:840} INFO - DAG(s) 'customer_rfm' retrieved from /opt/airflow/dags/dag_customer_rfm_dinda_c.py
[2026-09-18T13:21:08.148+0000] {logging_mixin.py:188} INFO - [2026-09-18T13:21:08.148+0000] {dag.py:3089} INFO - Sync 1 DAGs
[2026-09-18T13:21:08.165+0000] {logging_mixin.py:188} INFO - [2026-09-18T13:21:08.164+0000] {dag.py:3947} INFO - Setting next_dagrun for customer_rfm to 2026-09-18 00:00:00+00:00, run_after=2026-09-19 00:00:00+00:00
[2026-09-18T13:21:08.181+0000] {processor.py:183} INFO - Processing /opt/airflow/dags/dag_customer_rfm_dinda_c.py took 0.077 seconds
[2026-09-18T13:21:38.313+0000] {processor.py:161} INFO - Started process (PID=417) to work on /opt/airflow/dags/dag_customer_rfm_dinda_c.py
[2026-09-18T13:21:38.314+0000] {processor.py:830} INFO - Processing file /opt/airflow/dags/dag_customer_rfm_dinda_c.py for tasks to queue
[2026-09-18T13:21:38.315+0000] {logging_mixin.py:188} INFO - [2026-09-18T13:21:38.315+0000] {dagbag.py:545} INFO - Filling up the DagBag from /opt/airflow/dags/dag_customer_rfm_dinda_c.py
[2026-09-18T13:21:38.327+0000] {processor.py:840} INFO - DAG(s) 'customer_rfm' retrieved from /opt/airflow/dags/dag_customer_rfm_dinda_c.py
[2026-09-18T13:21:38.348+0000] {logging_mixin.py:188} INFO - [2026-09-18T13:21:38.348+0000] {dag.py:3089} INFO - Sync 1 DAGs
[2026-09-18T13:21:38.364+0000] {logging_mixin.py:188} INFO - [2026-09-18T13:21:38.364+0000] {dag.py:3947} INFO - Setting next_dagrun for customer_rfm to 2026-09-18 00:00:00+00:00, run_after=2026-09-19 00:00:00+00:00
[2026-09-18T13:21:38.377+0000] {processor.py:183} INFO - Processing /opt/airflow/dags/dag_customer_rfm_dinda_c.py took 0.068 seconds
[2026-09-18T13:22:08.516+0000] {processor.py:161} INFO - Started process (PID=422) to work on /opt/airflow/dags/dag_customer_rfm_dinda_c.py
[2026-09-18T13:22:08.517+0000] {processor.py:830} INFO - Processing file /opt/airflow/dags/dag_customer_rfm_dinda_c.py for tasks to queue
[2026-09-18T13:22:08.518+0000] {logging_mixin.py:188} INFO - [2026-09-18T13:22:08.518+0000] {dagbag.py:545} INFO - Filling up the DagBag from /opt/airflow/dags/dag_customer_rfm_dinda_c.py
[2026-09-18T13:22:08.538+0000] {processor.py:840} INFO - DAG(s) 'customer_rfm' retrieved from /opt/airflow/dags/dag_customer_rfm_dinda_c.py
[2026-09-18T13:22:08.563+0000] {logging_mixin.py:188} INFO - [2026-09-18T13:22:08.563+0000] {dag.py:3089} INFO - Sync 1 DAGs
[2026-09-18T13:22:08.581+0000] {logging_mixin.py:188} INFO - [2026-09-18T13:22:08.580+0000] {dag.py:3947} INFO - Setting next_dagrun for customer_rfm to 2026-09-18 00:00:00+00:00, run_after=2026-09-19 00:00:00+00:00
[2026-09-18T13:22:08.600+0000] {processor.py:183} INFO - Processing /opt/airflow/dags/dag_customer_rfm_dinda_c.py took 0.087 seconds
[2026-09-18T13:22:38.690+0000] {processor.py:161} INFO - Started process (PID=427) to work on /opt/airflow/dags/dag_customer_rfm_dinda_c.py
[2026-09-18T13:22:38.691+0000] {processor.py:830} INFO - Processing file /opt/airflow/dags/dag_customer_rfm_dinda_c.py for tasks to queue
[2026-09-18T13:22:38.692+0000] {logging_mixin.py:188} INFO - [2026-09-18T13:22:38.692+0000] {dagbag.py:545} INFO - Filling up the DagBag from /opt/airflow/dags/dag_customer_rfm_dinda_c.py
[2026-09-18T13:22:38.704+0000] {processor.py:840} INFO - DAG(s) 'customer_rfm' retrieved from /opt/airflow/dags/dag_customer_rfm_dinda_c.py
[2026-09-18T13:22:38.725+0000] {logging_mixin.py:188} INFO - [2026-09-18T13:22:38.725+0000] {dag.py:3089} INFO - Sync 1 DAGs
[2026-09-18T13:22:38.741+0000] {logging_mixin.py:188} INFO - [2026-09-18T13:22:38.741+0000] {dag.py:3947} INFO - Setting next_dagrun for customer_rfm to 2026-09-18 00:00:00+00:00, run_after=2026-09-19 00:00:00+00:00
[2026-09-18T13:22:38.764+0000] {processor.py:183} INFO - Processing /opt/airflow/dags/dag_customer_rfm_dinda_c.py took 0.077 seconds
[2026-09-18T13:23:09.010+0000] {processor.py:161} INFO - Started process (PID=432) to work on /opt/airflow/dags/dag_customer_rfm_dinda_c.py
[2026-09-18T13:23:09.011+0000] {processor.py:830} INFO - Processing file /opt/airflow/dags/dag_customer_rfm_dinda_c.py for tasks to queue
[2026-09-18T13:23:09.012+0000] {logging_mixin.py:188} INFO - [2026-09-18T13:23:09.012+0000] {dagbag.py:545} INFO - Filling up the DagBag from /opt/airflow/dags/dag_customer_rfm_dinda_c.py
[2026-09-18T13:23:09.031+0000] {processor.py:840} INFO - DAG(s) 'customer_rfm' retrieved from /opt/airflow/dags/dag_customer_rfm_dinda_c.py
[2026-09-18T13:23:09.053+0000] {logging_mixin.py:188} INFO - [2026-09-18T13:23:09.053+0000] {dag.py:3089} INFO - Sync 1 DAGs
[2026-09-18T13:23:09.070+0000] {logging_mixin.py:188} INFO - [2026-09-18T13:23:09.069+0000] {dag.py:3947} INFO - Setting next_dagrun for customer_rfm to 2026-09-18 00:00:00+00:00, run_after=2026-09-19 00:00:00+00:00
[2026-09-18T13:23:09.083+0000] {processor.py:183} INFO - Processing /opt/airflow/dags/dag_customer_rfm_dinda_c.py took 0.077 seconds
[2026-09-18T13:23:39.185+0000] {processor.py:161} INFO - Started process (PID=437) to work on /opt/airflow/dags/dag_customer_rfm_dinda_c.py
[2026-09-18T13:23:39.186+0000] {processor.py:830} INFO - Processing file /opt/airflow/dags/dag_customer_rfm_dinda_c.py for tasks to queue
[2026-09-18T13:23:39.187+0000] {logging_mixin.py:188} INFO - [2026-09-18T13:23:39.187+0000] {dagbag.py:545} INFO - Filling up the DagBag from /opt/airflow/dags/dag_customer_rfm_dinda_c.py
[2026-09-18T13:23:39.198+0000] {processor.py:840} INFO - DAG(s) 'customer_rfm' retrieved from /opt/airflow/dags/dag_customer_rfm_dinda_c.py
[2026-09-18T13:23:39.221+0000] {logging_mixin.py:188} INFO - [2026-09-18T13:23:39.221+0000] {dag.py:3089} INFO - Sync 1 DAGs
[2026-09-18T13:23:39.238+0000] {logging_mixin.py:188} INFO - [2026-09-18T13:23:39.238+0000] {dag.py:3947} INFO - Setting next_dagrun for customer_rfm to 2026-09-18 00:00:00+00:00, run_after=2026-09-19 00:00:00+00:00
[2026-09-18T13:23:39.250+0000] {processor.py:183} INFO - Processing /opt/airflow/dags/dag_customer_rfm_dinda_c.py took 0.069 seconds
[2026-09-18T13:24:09.417+0000] {processor.py:161} INFO - Started process (PID=442) to work on /opt/airflow/dags/dag_customer_rfm_dinda_c.py
[2026-09-18T13:24:09.417+0000] {processor.py:830} INFO - Processing file /opt/airflow/dags/dag_customer_rfm_dinda_c.py for tasks to queue
[2026-09-18T13:24:09.419+0000] {logging_mixin.py:188} INFO - [2026-09-18T13:24:09.418+0000] {dagbag.py:545} INFO - Filling up the DagBag from /opt/airflow/dags/dag_customer_rfm_dinda_c.py
[2026-09-18T13:24:09.434+0000] {processor.py:840} INFO - DAG(s) 'customer_rfm' retrieved from /opt/airflow/dags/dag_customer_rfm_dinda_c.py
[2026-09-18T13:24:09.455+0000] {logging_mixin.py:188} INFO - [2026-09-18T13:24:09.455+0000] {dag.py:3089} INFO - Sync 1 DAGs
[2026-09-18T13:24:09.473+0000] {logging_mixin.py:188} INFO - [2026-09-18T13:24:09.473+0000] {dag.py:3947} INFO - Setting next_dagrun for customer_rfm to 2026-09-18 00:00:00+00:00, run_after=2026-09-19 00:00:00+00:00
[2026-09-18T13:24:09.493+0000] {processor.py:183} INFO - Processing /opt/airflow/dags/dag_customer_rfm_dinda_c.py took 0.080 seconds
[2026-09-18T13:24:39.665+0000] {processor.py:161} INFO - Started process (PID=447) to work on /opt/airflow/dags/dag_customer_rfm_dinda_c.py
[2026-09-18T13:24:39.666+0000] {processor.py:830} INFO - Processing file /opt/airflow/dags/dag_customer_rfm_dinda_c.py for tasks to queue
[2026-09-18T13:24:39.667+0000] {logging_mixin.py:188} INFO - [2026-09-18T13:24:39.667+0000] {dagbag.py:545} INFO - Filling up the DagBag from /opt/airflow/dags/dag_customer_rfm_dinda_c.py
[2026-09-18T13:24:39.699+0000] {processor.py:840} INFO - DAG(s) 'customer_rfm' retrieved from /opt/airflow/dags/dag_customer_rfm_dinda_c.py
[2026-09-18T13:24:39.724+0000] {logging_mixin.py:188} INFO - [2026-09-18T13:24:39.724+0000] {dag.py:3089} INFO - Sync 1 DAGs
[2026-09-18T13:24:39.741+0000] {logging_mixin.py:188} INFO - [2026-09-18T13:24:39.741+0000] {dag.py:3947} INFO - Setting next_dagrun for customer_rfm to 2026-09-18 00:00:00+00:00, run_after=2026-09-19 00:00:00+00:00
[2026-09-18T13:24:39.766+0000] {processor.py:183} INFO - Processing /opt/airflow/dags/dag_customer_rfm_dinda_c.py took 0.105 seconds
[2026-09-18T13:25:09.838+0000] {processor.py:161} INFO - Started process (PID=452) to work on /opt/airflow/dags/dag_customer_rfm_dinda_c.py
[2026-09-18T13:25:09.839+0000] {processor.py:830} INFO - Processing file /opt/airflow/dags/dag_customer_rfm_dinda_c.py for tasks to queue
[2026-09-18T13:25:09.841+0000] {logging_mixin.py:188} INFO - [2026-09-18T13:25:09.841+0000] {dagbag.py:545} INFO - Filling up the DagBag from /opt/airflow/dags/dag_customer_rfm_dinda_c.py
[2026-09-18T13:25:09.860+0000] {processor.py:840} INFO - DAG(s) 'customer_rfm' retrieved from /opt/airflow/dags/dag_customer_rfm_dinda_c.py
[2026-09-18T13:25:09.886+0000] {logging_mixin.py:188} INFO - [2026-09-18T13:25:09.885+0000] {dag.py:3089} INFO - Sync 1 DAGs
[2026-09-18T13:25:09.905+0000] {logging_mixin.py:188} INFO - [2026-09-18T13:25:09.905+0000] {dag.py:3947} INFO - Setting next_dagrun for customer_rfm to 2026-09-18 00:00:00+00:00, run_after=2026-09-19 00:00:00+00:00
[2026-09-18T13:25:09.920+0000] {processor.py:183} INFO - Processing /opt/airflow/dags/dag_customer_rfm_dinda_c.py took 0.085 seconds
[2026-09-18T13:25:40.098+0000] {processor.py:161} INFO - Started process (PID=457) to work on /opt/airflow/dags/dag_customer_rfm_dinda_c.py
[2026-09-18T13:25:40.099+0000] {processor.py:830} INFO - Processing file /opt/airflow/dags/dag_customer_rfm_dinda_c.py for tasks to queue
[2026-09-18T13:25:40.100+0000] {logging_mixin.py:188} INFO - [2026-09-18T13:25:40.100+0000] {dagbag.py:545} INFO - Filling up the DagBag from /opt/airflow/dags/dag_customer_rfm_dinda_c.py
[2026-09-18T13:25:40.112+0000] {processor.py:840} INFO - DAG(s) 'customer_rfm' retrieved from /opt/airflow/dags/dag_customer_rfm_dinda_c.py
[2026-09-18T13:25:40.133+0000] {logging_mixin.py:188} INFO - [2026-09-18T13:25:40.133+0000] {dag.py:3089} INFO - Sync 1 DAGs
[2026-09-18T13:25:40.149+0000] {logging_mixin.py:188} INFO - [2026-09-18T13:25:40.149+0000] {dag.py:3947} INFO - Setting next_dagrun for customer_rfm to 2026-09-18 00:00:00+00:00, run_after=2026-09-19 00:00:00+00:00
[2026-09-18T13:25:40.163+0000] {processor.py:183} INFO - Processing /opt/airflow/dags/dag_customer_rfm_dinda_c.py took 0.068 seconds
[2026-09-18T13:26:10.257+0000] {processor.py:161} INFO - Started process (PID=462) to work on /opt/airflow/dags/dag_customer_rfm_dinda_c.py
[2026-09-18T13:26:10.258+0000] {processor.py:830} INFO - Processing file /opt/airflow/dags/dag_customer_rfm_dinda_c.py for tasks to queue
[2026-09-18T13:26:10.259+0000] {logging_mixin.py:188} INFO - [2026-09-18T13:26:10.259+0000] {dagbag.py:545} INFO - Filling up the DagBag from /opt/airflow/dags/dag_customer_rfm_dinda_c.py
[2026-09-18T13:26:10.273+0000] {processor.py:840} INFO - DAG(s) 'customer_rfm' retrieved from /opt/airflow/dags/dag_customer_rfm_dinda_c.py
[2026-09-18T13:26:10.299+0000] {logging_mixin.py:188} INFO - [2026-09-18T13:26:10.299+0000] {dag.py:3089} INFO - Sync 1 DAGs
[2026-09-18T13:26:10.314+0000] {logging_mixin.py:188} INFO - [2026-09-18T13:26:10.314+0000] {dag.py:3947} INFO - Setting next_dagrun for customer_rfm to 2026-09-18 00:00:00+00:00, run_after=2026-09-19 00:00:00+00:00
[2026-09-18T13:26:10.328+0000] {processor.py:183} INFO - Processing /opt/airflow/dags/dag_customer_rfm_dinda_c.py took 0.076 seconds
[2026-09-18T13:26:40.504+0000] {processor.py:161} INFO - Started process (PID=467) to work on /opt/airflow/dags/dag_customer_rfm_dinda_c.py
[2026-09-18T13:26:40.504+0000] {processor.py:830} INFO - Processing file /opt/airflow/dags/dag_customer_rfm_dinda_c.py for tasks to queue
[2026-09-18T13:26:40.506+0000] {logging_mixin.py:188} INFO - [2026-09-18T13:26:40.506+0000] {dagbag.py:545} INFO - Filling up the DagBag from /opt/airflow/dags/dag_customer_rfm_dinda_c.py
[2026-09-18T13:26:40.528+0000] {processor.py:840} INFO - DAG(s) 'customer_rfm' retrieved from /opt/airflow/dags/dag_customer_rfm_dinda_c.py
[2026-09-18T13:26:40.552+0000] {logging_mixin.py:188} INFO - [2026-09-18T13:26:40.551+0000] {dag.py:3089} INFO - Sync 1 DAGs
[2026-09-18T13:26:40.569+0000] {logging_mixin.py:188} INFO - [2026-09-18T13:26:40.569+0000] {dag.py:3947} INFO - Setting next_dagrun for customer_rfm to 2026-09-18 00:00:00+00:00, run_after=2026-09-19 00:00:00+00:00
[2026-09-18T13:26:40.586+0000] {processor.py:183} INFO - Processing /opt/airflow/dags/dag_customer_rfm_dinda_c.py took 0.086 seconds
[2026-09-18T13:27:10.689+0000] {processor.py:161} INFO - Started process (PID=472) to work on /opt/airflow/dags/dag_customer_rfm_dinda_c.py
[2026-09-18T13:27:10.690+0000] {processor.py:830} INFO - Processing file /opt/airflow/dags/dag_customer_rfm_dinda_c.py for tasks to queue
[2026-09-18T13:27:10.691+0000] {logging_mixin.py:188} INFO - [2026-09-18T13:27:10.691+0000] {dagbag.py:545} INFO - Filling up the DagBag from /opt/airflow/dags/dag_customer_rfm_dinda_c.py
[2026-09-18T13:27:10.706+0000] {processor.py:840} INFO - DAG(s) 'customer_rfm' retrieved from /opt/airflow/dags/dag_customer_rfm_dinda_c.py
[2026-09-18T13:27:10.730+0000] {logging_mixin.py:188} INFO - [2026-09-18T13:27:10.730+0000] {dag.py:3089} INFO - Sync 1 DAGs
[2026-09-18T13:27:10.750+0000] {logging_mixin.py:188} INFO - [2026-09-18T13:27:10.749+0000] {dag.py:3947} INFO - Setting next_dagrun for customer_rfm to 2026-09-18 00:00:00+00:00, run_after=2026-09-19 00:00:00+00:00
[2026-09-18T13:27:10.763+0000] {processor.py:183} INFO - Processing /opt/airflow/dags/dag_customer_rfm_dinda_c.py took 0.078 seconds
[2026-09-18T13:27:40.914+0000] {processor.py:161} INFO - Started process (PID=477) to work on /opt/airflow/dags/dag_customer_rfm_dinda_c.py
[2026-09-18T13:27:40.914+0000] {processor.py:830} INFO - Processing file /opt/airflow/dags/dag_customer_rfm_dinda_c.py for tasks to queue
[2026-09-18T13:27:40.916+0000] {logging_mixin.py:188} INFO - [2026-09-18T13:27:40.915+0000] {dagbag.py:545} INFO - Filling up the DagBag from /opt/airflow/dags/dag_customer_rfm_dinda_c.py
[2026-09-18T13:27:40.931+0000] {processor.py:840} INFO - DAG(s) 'customer_rfm' retrieved from /opt/airflow/dags/dag_customer_rfm_dinda_c.py
[2026-09-18T13:27:40.953+0000] {logging_mixin.py:188} INFO - [2026-09-18T13:27:40.952+0000] {dag.py:3089} INFO - Sync 1 DAGs
[2026-09-18T13:27:40.971+0000] {logging_mixin.py:188} INFO - [2026-09-18T13:27:40.971+0000] {dag.py:3947} INFO - Setting next_dagrun for customer_rfm to 2026-09-18 00:00:00+00:00, run_after=2026-09-19 00:00:00+00:00
[2026-09-18T13:27:40.988+0000] {processor.py:183} INFO - Processing /opt/airflow/dags/dag_customer_rfm_dinda_c.py took 0.078 seconds
[2026-09-18T13:28:11.081+0000] {processor.py:161} INFO - Started process (PID=482) to work on /opt/airflow/dags/dag_customer_rfm_dinda_c.py
[2026-09-18T13:28:11.081+0000] {processor.py:830} INFO - Processing file /opt/airflow/dags/dag_customer_rfm_dinda_c.py for tasks to queue
[2026-09-18T13:28:11.083+0000] {logging_mixin.py:188} INFO - [2026-09-18T13:28:11.082+0000] {dagbag.py:545} INFO - Filling up the DagBag from /opt/airflow/dags/dag_customer_rfm_dinda_c.py
[2026-09-18T13:28:11.095+0000] {processor.py:840} INFO - DAG(s) 'customer_rfm' retrieved from /opt/airflow/dags/dag_customer_rfm_dinda_c.py
[2026-09-18T13:28:11.115+0000] {logging_mixin.py:188} INFO - [2026-09-18T13:28:11.115+0000] {dag.py:3089} INFO - Sync 1 DAGs
[2026-09-18T13:28:11.135+0000] {logging_mixin.py:188} INFO - [2026-09-18T13:28:11.135+0000] {dag.py:3947} INFO - Setting next_dagrun for customer_rfm to 2026-09-18 00:00:00+00:00, run_after=2026-09-19 00:00:00+00:00
[2026-09-18T13:28:11.148+0000] {processor.py:183} INFO - Processing /opt/airflow/dags/dag_customer_rfm_dinda_c.py took 0.072 seconds
[2026-09-18T13:28:41.313+0000] {processor.py:161} INFO - Started process (PID=487) to work on /opt/airflow/dags/dag_customer_rfm_dinda_c.py
[2026-09-18T13:28:41.314+0000] {processor.py:830} INFO - Processing file /opt/airflow/dags/dag_customer_rfm_dinda_c.py for tasks to queue
[2026-09-18T13:28:41.316+0000] {logging_mixin.py:188} INFO - [2026-09-18T13:28:41.315+0000] {dagbag.py:545} INFO - Filling up the DagBag from /opt/airflow/dags/dag_customer_rfm_dinda_c.py
[2026-09-18T13:28:41.328+0000] {processor.py:840} INFO - DAG(s) 'customer_rfm' retrieved from /opt/airflow/dags/dag_customer_rfm_dinda_c.py
[2026-09-18T13:28:41.350+0000] {logging_mixin.py:188} INFO - [2026-09-18T13:28:41.350+0000] {dag.py:3089} INFO - Sync 1 DAGs
[2026-09-18T13:28:41.366+0000] {logging_mixin.py:188} INFO - [2026-09-18T13:28:41.366+0000] {dag.py:3947} INFO - Setting next_dagrun for customer_rfm to 2026-09-18 00:00:00+00:00, run_after=2026-09-19 00:00:00+00:00
[2026-09-18T13:28:41.380+0000] {processor.py:183} INFO - Processing /opt/airflow/dags/dag_customer_rfm_dinda_c.py took 0.071 seconds
[2026-09-18T13:29:11.478+0000] {processor.py:161} INFO - Started process (PID=492) to work on /opt/airflow/dags/dag_customer_rfm_dinda_c.py
[2026-09-18T13:29:11.479+0000] {processor.py:830} INFO - Processing file /opt/airflow/dags/dag_customer_rfm_dinda_c.py for tasks to queue
[2026-09-18T13:29:11.481+0000] {logging_mixin.py:188} INFO - [2026-09-18T13:29:11.481+0000] {dagbag.py:545} INFO - Filling up the DagBag from /opt/airflow/dags/dag_customer_rfm_dinda_c.py
[2026-09-18T13:29:11.496+0000] {processor.py:840} INFO - DAG(s) 'customer_rfm' retrieved from /opt/airflow/dags/dag_customer_rfm_dinda_c.py
[2026-09-18T13:29:11.527+0000] {logging_mixin.py:188} INFO - [2026-09-18T13:29:11.526+0000] {dag.py:3089} INFO - Sync 1 DAGs
[2026-09-18T13:29:11.547+0000] {logging_mixin.py:188} INFO - [2026-09-18T13:29:11.547+0000] {dag.py:3947} INFO - Setting next_dagrun for customer_rfm to 2026-09-18 00:00:00+00:00, run_after=2026-09-19 00:00:00+00:00
[2026-09-18T13:29:11.568+0000] {processor.py:183} INFO - Processing /opt/airflow/dags/dag_customer_rfm_dinda_c.py took 0.095 seconds
[2026-09-18T13:29:41.712+0000] {processor.py:161} INFO - Started process (PID=497) to work on /opt/airflow/dags/dag_customer_rfm_dinda_c.py
[2026-09-18T13:29:41.713+0000] {processor.py:830} INFO - Processing file /opt/airflow/dags/dag_customer_rfm_dinda_c.py for tasks to queue
[2026-09-18T13:29:41.714+0000] {logging_mixin.py:188} INFO - [2026-09-18T13:29:41.714+0000] {dagbag.py:545} INFO - Filling up the DagBag from /opt/airflow/dags/dag_customer_rfm_dinda_c.py
[2026-09-18T13:29:41.725+0000] {processor.py:840} INFO - DAG(s) 'customer_rfm' retrieved from /opt/airflow/dags/dag_customer_rfm_dinda_c.py
[2026-09-18T13:29:41.748+0000] {logging_mixin.py:188} INFO - [2026-09-18T13:29:41.747+0000] {dag.py:3089} INFO - Sync 1 DAGs
[2026-09-18T13:29:41.764+0000] {logging_mixin.py:188} INFO - [2026-09-18T13:29:41.764+0000] {dag.py:3947} INFO - Setting next_dagrun for customer_rfm to 2026-09-18 00:00:00+00:00, run_after=2026-09-19 00:00:00+00:00
[2026-09-18T13:29:41.777+0000] {processor.py:183} INFO - Processing /opt/airflow/dags/dag_customer_rfm_dinda_c.py took 0.069 seconds
[2026-09-18T13:30:11.894+0000] {processor.py:161} INFO - Started process (PID=502) to work on /opt/airflow/dags/dag_customer_rfm_dinda_c.py
[2026-09-18T13:30:11.895+0000] {processor.py:830} INFO - Processing file /opt/airflow/dags/dag_customer_rfm_dinda_c.py for tasks to queue
[2026-09-18T13:30:11.897+0000] {logging_mixin.py:188} INFO - [2026-09-18T13:30:11.896+0000] {dagbag.py:545} INFO - Filling up the DagBag from /opt/airflow/dags/dag_customer_rfm_dinda_c.py
[2026-09-18T13:30:11.909+0000] {processor.py:840} INFO - DAG(s) 'customer_rfm' retrieved from /opt/airflow/dags/dag_customer_rfm_dinda_c.py
[2026-09-18T13:30:11.932+0000] {logging_mixin.py:188} INFO - [2026-09-18T13:30:11.932+0000] {dag.py:3089} INFO - Sync 1 DAGs
[2026-09-18T13:30:11.952+0000] {logging_mixin.py:188} INFO - [2026-09-18T13:30:11.952+0000] {dag.py:3947} INFO - Setting next_dagrun for customer_rfm to 2026-09-18 00:00:00+00:00, run_after=2026-09-19 00:00:00+00:00
[2026-09-18T13:30:11.967+0000] {processor.py:183} INFO - Processing /opt/airflow/dags/dag_customer_rfm_dinda_c.py took 0.077 seconds
[2026-09-18T13:30:42.091+0000] {processor.py:161} INFO - Started process (PID=507) to work on /opt/airflow/dags/dag_customer_rfm_dinda_c.py
[2026-09-18T13:30:42.092+0000] {processor.py:830} INFO - Processing file /opt/airflow/dags/dag_customer_rfm_dinda_c.py for tasks to queue
[2026-09-18T13:30:42.093+0000] {logging_mixin.py:188} INFO - [2026-09-18T13:30:42.093+0000] {dagbag.py:545} INFO - Filling up the DagBag from /opt/airflow/dags/dag_customer_rfm_dinda_c.py
[2026-09-18T13:30:42.111+0000] {processor.py:840} INFO - DAG(s) 'customer_rfm' retrieved from /opt/airflow/dags/dag_customer_rfm_dinda_c.py
[2026-09-18T13:30:42.135+0000] {logging_mixin.py:188} INFO - [2026-09-18T13:30:42.135+0000] {dag.py:3089} INFO - Sync 1 DAGs
[2026-09-18T13:30:42.151+0000] {logging_mixin.py:188} INFO - [2026-09-18T13:30:42.151+0000] {dag.py:3947} INFO - Setting next_dagrun for customer_rfm to 2026-09-18 00:00:00+00:00, run_after=2026-09-19 00:00:00+00:00
[2026-09-18T13:30:42.165+0000] {processor.py:183} INFO - Processing /opt/airflow/dags/dag_customer_rfm_dinda_c.py took 0.078 seconds
[2026-09-18T13:31:12.251+0000] {processor.py:161} INFO - Started process (PID=512) to work on /opt/airflow/dags/dag_customer_rfm_dinda_c.py
[2026-09-18T13:31:12.252+0000] {processor.py:830} INFO - Processing file /opt/airflow/dags/dag_customer_rfm_dinda_c.py for tasks to queue
[2026-09-18T13:31:12.254+0000] {logging_mixin.py:188} INFO - [2026-09-18T13:31:12.253+0000] {dagbag.py:545} INFO - Filling up the DagBag from /opt/airflow/dags/dag_customer_rfm_dinda_c.py
[2026-09-18T13:31:12.267+0000] {processor.py:840} INFO - DAG(s) 'customer_rfm' retrieved from /opt/airflow/dags/dag_customer_rfm_dinda_c.py
[2026-09-18T13:31:12.291+0000] {logging_mixin.py:188} INFO - [2026-09-18T13:31:12.291+0000] {dag.py:3089} INFO - Sync 1 DAGs
[2026-09-18T13:31:12.309+0000] {logging_mixin.py:188} INFO - [2026-09-18T13:31:12.309+0000] {dag.py:3947} INFO - Setting next_dagrun for customer_rfm to 2026-09-18 00:00:00+00:00, run_after=2026-09-19 00:00:00+00:00
[2026-09-18T13:31:12.324+0000] {processor.py:183} INFO - Processing /opt/airflow/dags/dag_customer_rfm_dinda_c.py took 0.076 seconds
[2026-09-18T13:31:42.536+0000] {processor.py:161} INFO - Started process (PID=517) to work on /opt/airflow/dags/dag_customer_rfm_dinda_c.py
[2026-09-18T13:31:42.537+0000] {processor.py:830} INFO - Processing file /opt/airflow/dags/dag_customer_rfm_dinda_c.py for tasks to queue
[2026-09-18T13:31:42.538+0000] {logging_mixin.py:188} INFO - [2026-09-18T13:31:42.538+0000] {dagbag.py:545} INFO - Filling up the DagBag from /opt/airflow/dags/dag_customer_rfm_dinda_c.py
[2026-09-18T13:31:42.558+0000] {processor.py:840} INFO - DAG(s) 'customer_rfm' retrieved from /opt/airflow/dags/dag_customer_rfm_dinda_c.py
[2026-09-18T13:31:42.582+0000] {logging_mixin.py:188} INFO - [2026-09-18T13:31:42.581+0000] {dag.py:3089} INFO - Sync 1 DAGs
[2026-09-18T13:31:42.600+0000] {logging_mixin.py:188} INFO - [2026-09-18T13:31:42.600+0000] {dag.py:3947} INFO - Setting next_dagrun for customer_rfm to 2026-09-18 00:00:00+00:00, run_after=2026-09-19 00:00:00+00:00
[2026-09-18T13:31:42.614+0000] {processor.py:183} INFO - Processing /opt/airflow/dags/dag_customer_rfm_dinda_c.py took 0.082 seconds
[2026-09-18T13:32:12.710+0000] {processor.py:161} INFO - Started process (PID=522) to work on /opt/airflow/dags/dag_customer_rfm_dinda_c.py
[2026-09-18T13:32:12.711+0000] {processor.py:830} INFO - Processing file /opt/airflow/dags/dag_customer_rfm_dinda_c.py for tasks to queue
[2026-09-18T13:32:12.712+0000] {logging_mixin.py:188} INFO - [2026-09-18T13:32:12.712+0000] {dagbag.py:545} INFO - Filling up the DagBag from /opt/airflow/dags/dag_customer_rfm_dinda_c.py
[2026-09-18T13:32:12.725+0000] {processor.py:840} INFO - DAG(s) 'customer_rfm' retrieved from /opt/airflow/dags/dag_customer_rfm_dinda_c.py
[2026-09-18T13:32:12.748+0000] {logging_mixin.py:188} INFO - [2026-09-18T13:32:12.747+0000] {dag.py:3089} INFO - Sync 1 DAGs
[2026-09-18T13:32:12.763+0000] {logging_mixin.py:188} INFO - [2026-09-18T13:32:12.763+0000] {dag.py:3947} INFO - Setting next_dagrun for customer_rfm to 2026-09-18 00:00:00+00:00, run_after=2026-09-19 00:00:00+00:00
[2026-09-18T13:32:12.780+0000] {processor.py:183} INFO - Processing /opt/airflow/dags/dag_customer_rfm_dinda_c.py took 0.074 seconds
[2026-09-18T13:32:42.930+0000] {processor.py:161} INFO - Started process (PID=527) to work on /opt/airflow/dags/dag_customer_rfm_dinda_c.py
[2026-09-18T13:32:42.931+0000] {processor.py:830} INFO - Processing file /opt/airflow/dags/dag_customer_rfm_dinda_c.py for tasks to queue
[2026-09-18T13:32:42.932+0000] {logging_mixin.py:188} INFO - [2026-09-18T13:32:42.932+0000] {dagbag.py:545} INFO - Filling up the DagBag from /opt/airflow/dags/dag_customer_rfm_dinda_c.py
[2026-09-18T13:32:42.943+0000] {processor.py:840} INFO - DAG(s) 'customer_rfm' retrieved from /opt/airflow/dags/dag_customer_rfm_dinda_c.py
[2026-09-18T13:32:42.968+0000] {logging_mixin.py:188} INFO - [2026-09-18T13:32:42.968+0000] {dag.py:3089} INFO - Sync 1 DAGs
[2026-09-18T13:32:42.987+0000] {logging_mixin.py:188} INFO - [2026-09-18T13:32:42.987+0000] {dag.py:3947} INFO - Setting next_dagrun for customer_rfm to 2026-09-18 00:00:00+00:00, run_after=2026-09-19 00:00:00+00:00
[2026-09-18T13:32:43.003+0000] {processor.py:183} INFO - Processing /opt/airflow/dags/dag_customer_rfm_dinda_c.py took 0.077 seconds
[2026-09-18T13:33:13.086+0000] {processor.py:161} INFO - Started process (PID=532) to work on /opt/airflow/dags/dag_customer_rfm_dinda_c.py
[2026-09-18T13:33:13.086+0000] {processor.py:830} INFO - Processing file /opt/airflow/dags/dag_customer_rfm_dinda_c.py for tasks to queue
[2026-09-18T13:33:13.088+0000] {logging_mixin.py:188} INFO - [2026-09-18T13:33:13.088+0000] {dagbag.py:545} INFO - Filling up the DagBag from /opt/airflow/dags/dag_customer_rfm_dinda_c.py
[2026-09-18T13:33:13.100+0000] {processor.py:840} INFO - DAG(s) 'customer_rfm' retrieved from /opt/airflow/dags/dag_customer_rfm_dinda_c.py
[2026-09-18T13:33:13.125+0000] {logging_mixin.py:188} INFO - [2026-09-18T13:33:13.125+0000] {dag.py:3089} INFO - Sync 1 DAGs
[2026-09-18T13:33:13.142+0000] {logging_mixin.py:188} INFO - [2026-09-18T13:33:13.142+0000] {dag.py:3947} INFO - Setting next_dagrun for customer_rfm to 2026-09-18 00:00:00+00:00, run_after=2026-09-19 00:00:00+00:00
[2026-09-18T13:33:13.154+0000] {processor.py:183} INFO - Processing /opt/airflow/dags/dag_customer_rfm_dinda_c.py took 0.073 seconds
[2026-09-18T13:33:43.328+0000] {processor.py:161} INFO - Started process (PID=537) to work on /opt/airflow/dags/dag_customer_rfm_dinda_c.py
[2026-09-18T13:33:43.329+0000] {processor.py:830} INFO - Processing file /opt/airflow/dags/dag_customer_rfm_dinda_c.py for tasks to queue
[2026-09-18T13:33:43.331+0000] {logging_mixin.py:188} INFO - [2026-09-18T13:33:43.331+0000] {dagbag.py:545} INFO - Filling up the DagBag from /opt/airflow/dags/dag_customer_rfm_dinda_c.py
[2026-09-18T13:33:43.348+0000] {processor.py:840} INFO - DAG(s) 'customer_rfm' retrieved from /opt/airflow/dags/dag_customer_rfm_dinda_c.py
[2026-09-18T13:33:43.374+0000] {logging_mixin.py:188} INFO - [2026-09-18T13:33:43.374+0000] {dag.py:3089} INFO - Sync 1 DAGs
[2026-09-18T13:33:43.395+0000] {logging_mixin.py:188} INFO - [2026-09-18T13:33:43.395+0000] {dag.py:3947} INFO - Setting next_dagrun for customer_rfm to 2026-09-18 00:00:00+00:00, run_after=2026-09-19 00:00:00+00:00
[2026-09-18T13:33:43.413+0000] {processor.py:183} INFO - Processing /opt/airflow/dags/dag_customer_rfm_dinda_c.py took 0.089 seconds
[2026-09-18T13:34:13.475+0000] {processor.py:161} INFO - Started process (PID=542) to work on /opt/airflow/dags/dag_customer_rfm_dinda_c.py
[2026-09-18T13:34:13.476+0000] {processor.py:830} INFO - Processing file /opt/airflow/dags/dag_customer_rfm_dinda_c.py for tasks to queue
[2026-09-18T13:34:13.478+0000] {logging_mixin.py:188} INFO - [2026-09-18T13:34:13.477+0000] {dagbag.py:545} INFO - Filling up the DagBag from /opt/airflow/dags/dag_customer_rfm_dinda_c.py
[2026-09-18T13:34:13.490+0000] {processor.py:840} INFO - DAG(s) 'customer_rfm' retrieved from /opt/airflow/dags/dag_customer_rfm_dinda_c.py
[2026-09-18T13:34:13.515+0000] {logging_mixin.py:188} INFO - [2026-09-18T13:34:13.515+0000] {dag.py:3089} INFO - Sync 1 DAGs
[2026-09-18T13:34:13.532+0000] {logging_mixin.py:188} INFO - [2026-09-18T13:34:13.532+0000] {dag.py:3947} INFO - Setting next_dagrun for customer_rfm to 2026-09-18 00:00:00+00:00, run_after=2026-09-19 00:00:00+00:00
[2026-09-18T13:34:13.548+0000] {processor.py:183} INFO - Processing /opt/airflow/dags/dag_customer_rfm_dinda_c.py took 0.077 seconds
[2026-09-18T13:34:43.741+0000] {processor.py:161} INFO - Started process (PID=547) to work on /opt/airflow/dags/dag_customer_rfm_dinda_c.py
[2026-09-18T13:34:43.741+0000] {processor.py:830} INFO - Processing file /opt/airflow/dags/dag_customer_rfm_dinda_c.py for tasks to queue
[2026-09-18T13:34:43.743+0000] {logging_mixin.py:188} INFO - [2026-09-18T13:34:43.742+0000] {dagbag.py:545} INFO - Filling up the DagBag from /opt/airflow/dags/dag_customer_rfm_dinda_c.py
[2026-09-18T13:34:43.754+0000] {processor.py:840} INFO - DAG(s) 'customer_rfm' retrieved from /opt/airflow/dags/dag_customer_rfm_dinda_c.py
[2026-09-18T13:34:43.777+0000] {logging_mixin.py:188} INFO - [2026-09-18T13:34:43.777+0000] {dag.py:3089} INFO - Sync 1 DAGs
[2026-09-18T13:34:43.799+0000] {logging_mixin.py:188} INFO - [2026-09-18T13:34:43.799+0000] {dag.py:3947} INFO - Setting next_dagrun for customer_rfm to 2026-09-18 00:00:00+00:00, run_after=2026-09-19 00:00:00+00:00
[2026-09-18T13:34:43.814+0000] {processor.py:183} INFO - Processing /opt/airflow/dags/dag_customer_rfm_dinda_c.py took 0.076 seconds
[2026-09-18T13:35:13.914+0000] {processor.py:161} INFO - Started process (PID=552) to work on /opt/airflow/dags/dag_customer_rfm_dinda_c.py
[2026-09-18T13:35:13.915+0000] {processor.py:830} INFO - Processing file /opt/airflow/dags/dag_customer_rfm_dinda_c.py for tasks to queue
[2026-09-18T13:35:13.917+0000] {logging_mixin.py:188} INFO - [2026-09-18T13:35:13.916+0000] {dagbag.py:545} INFO - Filling up the DagBag from /opt/airflow/dags/dag_customer_rfm_dinda_c.py
[2026-09-18T13:35:13.931+0000] {processor.py:840} INFO - DAG(s) 'customer_rfm' retrieved from /opt/airflow/dags/dag_customer_rfm_dinda_c.py
[2026-09-18T13:35:13.954+0000] {logging_mixin.py:188} INFO - [2026-09-18T13:35:13.954+0000] {dag.py:3089} INFO - Sync 1 DAGs
[2026-09-18T13:35:13.972+0000] {logging_mixin.py:188} INFO - [2026-09-18T13:35:13.972+0000] {dag.py:3947} INFO - Setting next_dagrun for customer_rfm to 2026-09-18 00:00:00+00:00, run_after=2026-09-19 00:00:00+00:00
[2026-09-18T13:35:13.986+0000] {processor.py:183} INFO - Processing /opt/airflow/dags/dag_customer_rfm_dinda_c.py took 0.077 seconds
[2026-09-18T13:35:44.136+0000] {processor.py:161} INFO - Started process (PID=557) to work on /opt/airflow/dags/dag_customer_rfm_dinda_c.py
[2026-09-18T13:35:44.137+0000] {processor.py:830} INFO - Processing file /opt/airflow/dags/dag_customer_rfm_dinda_c.py for tasks to queue
[2026-09-18T13:35:44.138+0000] {logging_mixin.py:188} INFO - [2026-09-18T13:35:44.138+0000] {dagbag.py:545} INFO - Filling up the DagBag from /opt/airflow/dags/dag_customer_rfm_dinda_c.py
[2026-09-18T13:35:44.153+0000] {processor.py:840} INFO - DAG(s) 'customer_rfm' retrieved from /opt/airflow/dags/dag_customer_rfm_dinda_c.py
[2026-09-18T13:35:44.176+0000] {logging_mixin.py:188} INFO - [2026-09-18T13:35:44.176+0000] {dag.py:3089} INFO - Sync 1 DAGs
[2026-09-18T13:35:44.192+0000] {logging_mixin.py:188} INFO - [2026-09-18T13:35:44.192+0000] {dag.py:3947} INFO - Setting next_dagrun for customer_rfm to 2026-09-18 00:00:00+00:00, run_after=2026-09-19 00:00:00+00:00
[2026-09-18T13:35:44.208+0000] {processor.py:183} INFO - Processing /opt/airflow/dags/dag_customer_rfm_dinda_c.py took 0.076 seconds
[2026-09-18T13:36:14.291+0000] {processor.py:161} INFO - Started process (PID=562) to work on /opt/airflow/dags/dag_customer_rfm_dinda_c.py
[2026-09-18T13:36:14.291+0000] {processor.py:830} INFO - Processing file /opt/airflow/dags/dag_customer_rfm_dinda_c.py for tasks to queue
[2026-09-18T13:36:14.293+0000] {logging_mixin.py:188} INFO - [2026-09-18T13:36:14.293+0000] {dagbag.py:545} INFO - Filling up the DagBag from /opt/airflow/dags/dag_customer_rfm_dinda_c.py
[2026-09-18T13:36:14.310+0000] {processor.py:840} INFO - DAG(s) 'customer_rfm' retrieved from /opt/airflow/dags/dag_customer_rfm_dinda_c.py
[2026-09-18T13:36:14.335+0000] {logging_mixin.py:188} INFO - [2026-09-18T13:36:14.335+0000] {dag.py:3089} INFO - Sync 1 DAGs
[2026-09-18T13:36:14.352+0000] {logging_mixin.py:188} INFO - [2026-09-18T13:36:14.352+0000] {dag.py:3947} INFO - Setting next_dagrun for customer_rfm to 2026-09-18 00:00:00+00:00, run_after=2026-09-19 00:00:00+00:00
[2026-09-18T13:36:14.368+0000] {processor.py:183} INFO - Processing /opt/airflow/dags/dag_customer_rfm_dinda_c.py took 0.081 seconds
[2026-09-18T13:36:44.525+0000] {processor.py:161} INFO - Started process (PID=567) to work on /opt/airflow/dags/dag_customer_rfm_dinda_c.py
[2026-09-18T13:36:44.526+0000] {processor.py:830} INFO - Processing file /opt/airflow/dags/dag_customer_rfm_dinda_c.py for tasks to queue
[2026-09-18T13:36:44.527+0000] {logging_mixin.py:188} INFO - [2026-09-18T13:36:44.527+0000] {dagbag.py:545} INFO - Filling up the DagBag from /opt/airflow/dags/dag_customer_rfm_dinda_c.py
[2026-09-18T13:36:44.539+0000] {processor.py:840} INFO - DAG(s) 'customer_rfm' retrieved from /opt/airflow/dags/dag_customer_rfm_dinda_c.py
[2026-09-18T13:36:44.559+0000] {logging_mixin.py:188} INFO - [2026-09-18T13:36:44.559+0000] {dag.py:3089} INFO - Sync 1 DAGs
[2026-09-18T13:36:44.576+0000] {logging_mixin.py:188} INFO - [2026-09-18T13:36:44.575+0000] {dag.py:3947} INFO - Setting next_dagrun for customer_rfm to 2026-09-18 00:00:00+00:00, run_after=2026-09-19 00:00:00+00:00
[2026-09-18T13:36:44.590+0000] {processor.py:183} INFO - Processing /opt/airflow/dags/dag_customer_rfm_dinda_c.py took 0.068 seconds
[2026-09-18T13:37:14.679+0000] {processor.py:161} INFO - Started process (PID=572) to work on /opt/airflow/dags/dag_customer_rfm_dinda_c.py
[2026-09-18T13:37:14.680+0000] {processor.py:830} INFO - Processing file /opt/airflow/dags/dag_customer_rfm_dinda_c.py for tasks to queue
[2026-09-18T13:37:14.681+0000] {logging_mixin.py:188} INFO - [2026-09-18T13:37:14.681+0000] {dagbag.py:545} INFO - Filling up the DagBag from /opt/airflow/dags/dag_customer_rfm_dinda_c.py
[2026-09-18T13:37:14.694+0000] {processor.py:840} INFO - DAG(s) 'customer_rfm' retrieved from /opt/airflow/dags/dag_customer_rfm_dinda_c.py
[2026-09-18T13:37:14.716+0000] {logging_mixin.py:188} INFO - [2026-09-18T13:37:14.715+0000] {dag.py:3089} INFO - Sync 1 DAGs
[2026-09-18T13:37:14.730+0000] {logging_mixin.py:188} INFO - [2026-09-18T13:37:14.730+0000] {dag.py:3947} INFO - Setting next_dagrun for customer_rfm to 2026-09-18 00:00:00+00:00, run_after=2026-09-19 00:00:00+00:00
[2026-09-18T13:37:14.742+0000] {processor.py:183} INFO - Processing /opt/airflow/dags/dag_customer_rfm_dinda_c.py took 0.067 seconds
[2026-09-18T13:37:44.919+0000] {processor.py:161} INFO - Started process (PID=577) to work on /opt/airflow/dags/dag_customer_rfm_dinda_c.py
[2026-09-18T13:37:44.920+0000] {processor.py:830} INFO - Processing file /opt/airflow/dags/dag_customer_rfm_dinda_c.py for tasks to queue
[2026-09-18T13:37:44.921+0000] {logging_mixin.py:188} INFO - [2026-09-18T13:37:44.921+0000] {dagbag.py:545} INFO - Filling up the DagBag from /opt/airflow/dags/dag_customer_rfm_dinda_c.py
[2026-09-18T13:37:44.934+0000] {processor.py:840} INFO - DAG(s) 'customer_rfm' retrieved from /opt/airflow/dags/dag_customer_rfm_dinda_c.py
[2026-09-18T13:37:44.958+0000] {logging_mixin.py:188} INFO - [2026-09-18T13:37:44.958+0000] {dag.py:3089} INFO - Sync 1 DAGs
[2026-09-18T13:37:44.974+0000] {logging_mixin.py:188} INFO - [2026-09-18T13:37:44.973+0000] {dag.py:3947} INFO - Setting next_dagrun for customer_rfm to 2026-09-18 00:00:00+00:00, run_after=2026-09-19 00:00:00+00:00
[2026-09-18T13:37:44.988+0000] {processor.py:183} INFO - Processing /opt/airflow/dags/dag_customer_rfm_dinda_c.py took 0.073 seconds
[2026-09-18T13:38:15.095+0000] {processor.py:161} INFO - Started process (PID=582) to work on /opt/airflow/dags/dag_customer_rfm_dinda_c.py
[2026-09-18T13:38:15.096+0000] {processor.py:830} INFO - Processing file /opt/airflow/dags/dag_customer_rfm_dinda_c.py for tasks to queue
[2026-09-18T13:38:15.097+0000] {logging_mixin.py:188} INFO - [2026-09-18T13:38:15.097+0000] {dagbag.py:545} INFO - Filling up the DagBag from /opt/airflow/dags/dag_customer_rfm_dinda_c.py
[2026-09-18T13:38:15.123+0000] {processor.py:840} INFO - DAG(s) 'customer_rfm' retrieved from /opt/airflow/dags/dag_customer_rfm_dinda_c.py
[2026-09-18T13:38:15.157+0000] {logging_mixin.py:188} INFO - [2026-09-18T13:38:15.157+0000] {dag.py:3089} INFO - Sync 1 DAGs
[2026-09-18T13:38:15.175+0000] {logging_mixin.py:188} INFO - [2026-09-18T13:38:15.175+0000] {dag.py:3947} INFO - Setting next_dagrun for customer_rfm to 2026-09-18 00:00:00+00:00, run_after=2026-09-19 00:00:00+00:00
[2026-09-18T13:38:15.196+0000] {processor.py:183} INFO - Processing /opt/airflow/dags/dag_customer_rfm_dinda_c.py took 0.105 seconds
[2026-09-18T13:38:19.197+0000] {processor.py:161} INFO - Started process (PID=587) to work on /opt/airflow/dags/dag_customer_rfm_dinda_c.py
[2026-09-18T13:38:19.199+0000] {processor.py:830} INFO - Processing file /opt/airflow/dags/dag_customer_rfm_dinda_c.py for tasks to queue
[2026-09-18T13:38:19.200+0000] {logging_mixin.py:188} INFO - [2026-09-18T13:38:19.200+0000] {dagbag.py:545} INFO - Filling up the DagBag from /opt/airflow/dags/dag_customer_rfm_dinda_c.py
[2026-09-18T13:38:19.272+0000] {processor.py:840} INFO - DAG(s) 'customer_rfm' retrieved from /opt/airflow/dags/dag_customer_rfm_dinda_c.py
[2026-09-18T13:38:19.301+0000] {logging_mixin.py:188} INFO - [2026-09-18T13:38:19.301+0000] {dag.py:3089} INFO - Sync 1 DAGs
[2026-09-18T13:38:19.317+0000] {logging_mixin.py:188} INFO - [2026-09-18T13:38:19.317+0000] {dag.py:3947} INFO - Setting next_dagrun for customer_rfm to 2026-09-18 00:00:00+00:00, run_after=2026-09-19 00:00:00+00:00
[2026-09-18T13:38:19.350+0000] {processor.py:183} INFO - Processing /opt/airflow/dags/dag_customer_rfm_dinda_c.py took 0.159 seconds
[2026-09-18T13:38:49.405+0000] {processor.py:161} INFO - Started process (PID=598) to work on /opt/airflow/dags/dag_customer_rfm_dinda_c.py
[2026-09-18T13:38:49.406+0000] {processor.py:830} INFO - Processing file /opt/airflow/dags/dag_customer_rfm_dinda_c.py for tasks to queue
[2026-09-18T13:38:49.407+0000] {logging_mixin.py:188} INFO - [2026-09-18T13:38:49.407+0000] {dagbag.py:545} INFO - Filling up the DagBag from /opt/airflow/dags/dag_customer_rfm_dinda_c.py
[2026-09-18T13:38:49.420+0000] {processor.py:840} INFO - DAG(s) 'customer_rfm' retrieved from /opt/airflow/dags/dag_customer_rfm_dinda_c.py
[2026-09-18T13:38:49.440+0000] {logging_mixin.py:188} INFO - [2026-09-18T13:38:49.440+0000] {dag.py:3089} INFO - Sync 1 DAGs
[2026-09-18T13:38:49.455+0000] {logging_mixin.py:188} INFO - [2026-09-18T13:38:49.455+0000] {dag.py:3947} INFO - Setting next_dagrun for customer_rfm to 2026-09-18 00:00:00+00:00, run_after=2026-09-19 00:00:00+00:00
[2026-09-18T13:38:49.470+0000] {processor.py:183} INFO - Processing /opt/airflow/dags/dag_customer_rfm_dinda_c.py took 0.069 seconds
[2026-09-18T13:39:10.523+0000] {processor.py:161} INFO - Started process (PID=603) to work on /opt/airflow/dags/dag_customer_rfm_dinda_c.py
[2026-09-18T13:39:10.524+0000] {processor.py:830} INFO - Processing file /opt/airflow/dags/dag_customer_rfm_dinda_c.py for tasks to queue
[2026-09-18T13:39:10.525+0000] {logging_mixin.py:188} INFO - [2026-09-18T13:39:10.525+0000] {dagbag.py:545} INFO - Filling up the DagBag from /opt/airflow/dags/dag_customer_rfm_dinda_c.py
[2026-09-18T13:39:10.547+0000] {processor.py:840} INFO - DAG(s) 'customer_rfm' retrieved from /opt/airflow/dags/dag_customer_rfm_dinda_c.py
[2026-09-18T13:39:10.587+0000] {logging_mixin.py:188} INFO - [2026-09-18T13:39:10.587+0000] {dag.py:3089} INFO - Sync 1 DAGs
[2026-09-18T13:39:10.608+0000] {logging_mixin.py:188} INFO - [2026-09-18T13:39:10.607+0000] {dag.py:3947} INFO - Setting next_dagrun for customer_rfm to 2026-09-18 00:00:00+00:00, run_after=2026-09-19 00:00:00+00:00
[2026-09-18T13:39:10.633+0000] {processor.py:183} INFO - Processing /opt/airflow/dags/dag_customer_rfm_dinda_c.py took 0.114 seconds
[2026-09-18T13:39:40.738+0000] {processor.py:161} INFO - Started process (PID=616) to work on /opt/airflow/dags/dag_customer_rfm_dinda_c.py
[2026-09-18T13:39:40.739+0000] {processor.py:830} INFO - Processing file /opt/airflow/dags/dag_customer_rfm_dinda_c.py for tasks to queue
[2026-09-18T13:39:40.740+0000] {logging_mixin.py:188} INFO - [2026-09-18T13:39:40.740+0000] {dagbag.py:545} INFO - Filling up the DagBag from /opt/airflow/dags/dag_customer_rfm_dinda_c.py
[2026-09-18T13:39:40.753+0000] {processor.py:840} INFO - DAG(s) 'customer_rfm' retrieved from /opt/airflow/dags/dag_customer_rfm_dinda_c.py
[2026-09-18T13:39:40.778+0000] {logging_mixin.py:188} INFO - [2026-09-18T13:39:40.778+0000] {dag.py:3089} INFO - Sync 1 DAGs
[2026-09-18T13:39:40.795+0000] {logging_mixin.py:188} INFO - [2026-09-18T13:39:40.794+0000] {dag.py:3947} INFO - Setting next_dagrun for customer_rfm to 2026-09-18 00:00:00+00:00, run_after=2026-09-19 00:00:00+00:00
[2026-09-18T13:39:40.811+0000] {processor.py:183} INFO - Processing /opt/airflow/dags/dag_customer_rfm_dinda_c.py took 0.077 seconds
[2026-09-18T13:40:10.928+0000] {processor.py:161} INFO - Started process (PID=621) to work on /opt/airflow/dags/dag_customer_rfm_dinda_c.py
[2026-09-18T13:40:10.929+0000] {processor.py:830} INFO - Processing file /opt/airflow/dags/dag_customer_rfm_dinda_c.py for tasks to queue
[2026-09-18T13:40:10.930+0000] {logging_mixin.py:188} INFO - [2026-09-18T13:40:10.930+0000] {dagbag.py:545} INFO - Filling up the DagBag from /opt/airflow/dags/dag_customer_rfm_dinda_c.py
[2026-09-18T13:40:10.946+0000] {processor.py:840} INFO - DAG(s) 'customer_rfm' retrieved from /opt/airflow/dags/dag_customer_rfm_dinda_c.py
[2026-09-18T13:40:10.970+0000] {logging_mixin.py:188} INFO - [2026-09-18T13:40:10.970+0000] {dag.py:3089} INFO - Sync 1 DAGs
[2026-09-18T13:40:10.985+0000] {logging_mixin.py:188} INFO - [2026-09-18T13:40:10.985+0000] {dag.py:3947} INFO - Setting next_dagrun for customer_rfm to 2026-09-18 00:00:00+00:00, run_after=2026-09-19 00:00:00+00:00
[2026-09-18T13:40:10.998+0000] {processor.py:183} INFO - Processing /opt/airflow/dags/dag_customer_rfm_dinda_c.py took 0.076 seconds
[2026-09-18T13:40:41.106+0000] {processor.py:161} INFO - Started process (PID=626) to work on /opt/airflow/dags/dag_customer_rfm_dinda_c.py
[2026-09-18T13:40:41.107+0000] {processor.py:830} INFO - Processing file /opt/airflow/dags/dag_customer_rfm_dinda_c.py for tasks to queue
[2026-09-18T13:40:41.108+0000] {logging_mixin.py:188} INFO - [2026-09-18T13:40:41.108+0000] {dagbag.py:545} INFO - Filling up the DagBag from /opt/airflow/dags/dag_customer_rfm_dinda_c.py
[2026-09-18T13:40:41.120+0000] {processor.py:840} INFO - DAG(s) 'customer_rfm' retrieved from /opt/airflow/dags/dag_customer_rfm_dinda_c.py
[2026-09-18T13:40:41.141+0000] {logging_mixin.py:188} INFO - [2026-09-18T13:40:41.141+0000] {dag.py:3089} INFO - Sync 1 DAGs
[2026-09-18T13:40:41.159+0000] {logging_mixin.py:188} INFO - [2026-09-18T13:40:41.159+0000] {dag.py:3947} INFO - Setting next_dagrun for customer_rfm to 2026-09-18 00:00:00+00:00, run_after=2026-09-19 00:00:00+00:00
[2026-09-18T13:40:41.173+0000] {processor.py:183} INFO - Processing /opt/airflow/dags/dag_customer_rfm_dinda_c.py took 0.070 seconds
[2026-09-18T13:41:11.333+0000] {processor.py:161} INFO - Started process (PID=631) to work on /opt/airflow/dags/dag_customer_rfm_dinda_c.py
[2026-09-18T13:41:11.334+0000] {processor.py:830} INFO - Processing file /opt/airflow/dags/dag_customer_rfm_dinda_c.py for tasks to queue
[2026-09-18T13:41:11.335+0000] {logging_mixin.py:188} INFO - [2026-09-18T13:41:11.335+0000] {dagbag.py:545} INFO - Filling up the DagBag from /opt/airflow/dags/dag_customer_rfm_dinda_c.py
[2026-09-18T13:41:11.356+0000] {processor.py:840} INFO - DAG(s) 'customer_rfm' retrieved from /opt/airflow/dags/dag_customer_rfm_dinda_c.py
[2026-09-18T13:41:11.378+0000] {logging_mixin.py:188} INFO - [2026-09-18T13:41:11.378+0000] {dag.py:3089} INFO - Sync 1 DAGs
[2026-09-18T13:41:11.395+0000] {logging_mixin.py:188} INFO - [2026-09-18T13:41:11.395+0000] {dag.py:3947} INFO - Setting next_dagrun for customer_rfm to 2026-09-18 00:00:00+00:00, run_after=2026-09-19 00:00:00+00:00
[2026-09-18T13:41:11.415+0000] {processor.py:183} INFO - Processing /opt/airflow/dags/dag_customer_rfm_dinda_c.py took 0.085 seconds
[2026-09-18T13:41:41.473+0000] {processor.py:161} INFO - Started process (PID=636) to work on /opt/airflow/dags/dag_customer_rfm_dinda_c.py
[2026-09-18T13:41:41.474+0000] {processor.py:830} INFO - Processing file /opt/airflow/dags/dag_customer_rfm_dinda_c.py for tasks to queue
[2026-09-18T13:41:41.475+0000] {logging_mixin.py:188} INFO - [2026-09-18T13:41:41.475+0000] {dagbag.py:545} INFO - Filling up the DagBag from /opt/airflow/dags/dag_customer_rfm_dinda_c.py
[2026-09-18T13:41:41.486+0000] {processor.py:840} INFO - DAG(s) 'customer_rfm' retrieved from /opt/airflow/dags/dag_customer_rfm_dinda_c.py
[2026-09-18T13:41:41.507+0000] {logging_mixin.py:188} INFO - [2026-09-18T13:41:41.507+0000] {dag.py:3089} INFO - Sync 1 DAGs
[2026-09-18T13:41:41.523+0000] {logging_mixin.py:188} INFO - [2026-09-18T13:41:41.523+0000] {dag.py:3947} INFO - Setting next_dagrun for customer_rfm to 2026-09-18 00:00:00+00:00, run_after=2026-09-19 00:00:00+00:00
[2026-09-18T13:41:41.543+0000] {processor.py:183} INFO - Processing /opt/airflow/dags/dag_customer_rfm_dinda_c.py took 0.074 seconds
[2026-09-18T13:42:11.734+0000] {processor.py:161} INFO - Started process (PID=641) to work on /opt/airflow/dags/dag_customer_rfm_dinda_c.py
[2026-09-18T13:42:11.735+0000] {processor.py:830} INFO - Processing file /opt/airflow/dags/dag_customer_rfm_dinda_c.py for tasks to queue
[2026-09-18T13:42:11.737+0000] {logging_mixin.py:188} INFO - [2026-09-18T13:42:11.736+0000] {dagbag.py:545} INFO - Filling up the DagBag from /opt/airflow/dags/dag_customer_rfm_dinda_c.py
[2026-09-18T13:42:11.752+0000] {processor.py:840} INFO - DAG(s) 'customer_rfm' retrieved from /opt/airflow/dags/dag_customer_rfm_dinda_c.py
[2026-09-18T13:42:11.775+0000] {logging_mixin.py:188} INFO - [2026-09-18T13:42:11.774+0000] {dag.py:3089} INFO - Sync 1 DAGs
[2026-09-18T13:42:11.793+0000] {logging_mixin.py:188} INFO - [2026-09-18T13:42:11.793+0000] {dag.py:3947} INFO - Setting next_dagrun for customer_rfm to 2026-09-18 00:00:00+00:00, run_after=2026-09-19 00:00:00+00:00
[2026-09-18T13:42:11.810+0000] {processor.py:183} INFO - Processing /opt/airflow/dags/dag_customer_rfm_dinda_c.py took 0.080 seconds
[2026-09-18T13:42:41.881+0000] {processor.py:161} INFO - Started process (PID=646) to work on /opt/airflow/dags/dag_customer_rfm_dinda_c.py
[2026-09-18T13:42:41.882+0000] {processor.py:830} INFO - Processing file /opt/airflow/dags/dag_customer_rfm_dinda_c.py for tasks to queue
[2026-09-18T13:42:41.883+0000] {logging_mixin.py:188} INFO - [2026-09-18T13:42:41.883+0000] {dagbag.py:545} INFO - Filling up the DagBag from /opt/airflow/dags/dag_customer_rfm_dinda_c.py
[2026-09-18T13:42:41.896+0000] {processor.py:840} INFO - DAG(s) 'customer_rfm' retrieved from /opt/airflow/dags/dag_customer_rfm_dinda_c.py
[2026-09-18T13:42:41.918+0000] {logging_mixin.py:188} INFO - [2026-09-18T13:42:41.918+0000] {dag.py:3089} INFO - Sync 1 DAGs
[2026-09-18T13:42:41.933+0000] {logging_mixin.py:188} INFO - [2026-09-18T13:42:41.933+0000] {dag.py:3947} INFO - Setting next_dagrun for customer_rfm to 2026-09-18 00:00:00+00:00, run_after=2026-09-19 00:00:00+00:00
[2026-09-18T13:42:41.947+0000] {processor.py:183} INFO - Processing /opt/airflow/dags/dag_customer_rfm_dinda_c.py took 0.070 seconds
[2026-09-18T13:43:12.121+0000] {processor.py:161} INFO - Started process (PID=651) to work on /opt/airflow/dags/dag_customer_rfm_dinda_c.py
[2026-09-18T13:43:12.122+0000] {processor.py:830} INFO - Processing file /opt/airflow/dags/dag_customer_rfm_dinda_c.py for tasks to queue
[2026-09-18T13:43:12.123+0000] {logging_mixin.py:188} INFO - [2026-09-18T13:43:12.123+0000] {dagbag.py:545} INFO - Filling up the DagBag from /opt/airflow/dags/dag_customer_rfm_dinda_c.py
[2026-09-18T13:43:12.140+0000] {processor.py:840} INFO - DAG(s) 'customer_rfm' retrieved from /opt/airflow/dags/dag_customer_rfm_dinda_c.py
[2026-09-18T13:43:12.164+0000] {logging_mixin.py:188} INFO - [2026-09-18T13:43:12.164+0000] {dag.py:3089} INFO - Sync 1 DAGs
[2026-09-18T13:43:12.181+0000] {logging_mixin.py:188} INFO - [2026-09-18T13:43:12.180+0000] {dag.py:3947} INFO - Setting next_dagrun for customer_rfm to 2026-09-18 00:00:00+00:00, run_after=2026-09-19 00:00:00+00:00
[2026-09-18T13:43:12.205+0000] {processor.py:183} INFO - Processing /opt/airflow/dags/dag_customer_rfm_dinda_c.py took 0.088 seconds
[2026-09-18T13:43:42.292+0000] {processor.py:161} INFO - Started process (PID=660) to work on /opt/airflow/dags/dag_customer_rfm_dinda_c.py
[2026-09-18T13:43:42.293+0000] {processor.py:830} INFO - Processing file /opt/airflow/dags/dag_customer_rfm_dinda_c.py for tasks to queue
[2026-09-18T13:43:42.294+0000] {logging_mixin.py:188} INFO - [2026-09-18T13:43:42.294+0000] {dagbag.py:545} INFO - Filling up the DagBag from /opt/airflow/dags/dag_customer_rfm_dinda_c.py
[2026-09-18T13:43:42.307+0000] {processor.py:840} INFO - DAG(s) 'customer_rfm' retrieved from /opt/airflow/dags/dag_customer_rfm_dinda_c.py
[2026-09-18T13:43:42.330+0000] {logging_mixin.py:188} INFO - [2026-09-18T13:43:42.329+0000] {dag.py:3089} INFO - Sync 1 DAGs
[2026-09-18T13:43:42.346+0000] {logging_mixin.py:188} INFO - [2026-09-18T13:43:42.345+0000] {dag.py:3947} INFO - Setting next_dagrun for customer_rfm to 2026-09-18 00:00:00+00:00, run_after=2026-09-19 00:00:00+00:00
[2026-09-18T13:43:42.360+0000] {processor.py:183} INFO - Processing /opt/airflow/dags/dag_customer_rfm_dinda_c.py took 0.073 seconds
[2026-09-18T13:44:12.527+0000] {processor.py:161} INFO - Started process (PID=665) to work on /opt/airflow/dags/dag_customer_rfm_dinda_c.py
[2026-09-18T13:44:12.528+0000] {processor.py:830} INFO - Processing file /opt/airflow/dags/dag_customer_rfm_dinda_c.py for tasks to queue
[2026-09-18T13:44:12.529+0000] {logging_mixin.py:188} INFO - [2026-09-18T13:44:12.529+0000] {dagbag.py:545} INFO - Filling up the DagBag from /opt/airflow/dags/dag_customer_rfm_dinda_c.py
[2026-09-18T13:44:12.547+0000] {processor.py:840} INFO - DAG(s) 'customer_rfm' retrieved from /opt/airflow/dags/dag_customer_rfm_dinda_c.py
[2026-09-18T13:44:12.572+0000] {logging_mixin.py:188} INFO - [2026-09-18T13:44:12.572+0000] {dag.py:3089} INFO - Sync 1 DAGs
[2026-09-18T13:44:12.589+0000] {logging_mixin.py:188} INFO - [2026-09-18T13:44:12.588+0000] {dag.py:3947} INFO - Setting next_dagrun for customer_rfm to 2026-09-18 00:00:00+00:00, run_after=2026-09-19 00:00:00+00:00
[2026-09-18T13:44:12.602+0000] {processor.py:183} INFO - Processing /opt/airflow/dags/dag_customer_rfm_dinda_c.py took 0.080 seconds
[2026-09-18T13:44:42.691+0000] {processor.py:161} INFO - Started process (PID=670) to work on /opt/airflow/dags/dag_customer_rfm_dinda_c.py
[2026-09-18T13:44:42.692+0000] {processor.py:830} INFO - Processing file /opt/airflow/dags/dag_customer_rfm_dinda_c.py for tasks to queue
[2026-09-18T13:44:42.693+0000] {logging_mixin.py:188} INFO - [2026-09-18T13:44:42.693+0000] {dagbag.py:545} INFO - Filling up the DagBag from /opt/airflow/dags/dag_customer_rfm_dinda_c.py
[2026-09-18T13:44:42.705+0000] {processor.py:840} INFO - DAG(s) 'customer_rfm' retrieved from /opt/airflow/dags/dag_customer_rfm_dinda_c.py
[2026-09-18T13:44:42.728+0000] {logging_mixin.py:188} INFO - [2026-09-18T13:44:42.728+0000] {dag.py:3089} INFO - Sync 1 DAGs
[2026-09-18T13:44:42.747+0000] {logging_mixin.py:188} INFO - [2026-09-18T13:44:42.747+0000] {dag.py:3947} INFO - Setting next_dagrun for customer_rfm to 2026-09-18 00:00:00+00:00, run_after=2026-09-19 00:00:00+00:00
[2026-09-18T13:44:42.762+0000] {processor.py:183} INFO - Processing /opt/airflow/dags/dag_customer_rfm_dinda_c.py took 0.075 seconds
[2026-09-18T13:45:12.897+0000] {processor.py:161} INFO - Started process (PID=675) to work on /opt/airflow/dags/dag_customer_rfm_dinda_c.py
[2026-09-18T13:45:12.897+0000] {processor.py:830} INFO - Processing file /opt/airflow/dags/dag_customer_rfm_dinda_c.py for tasks to queue
[2026-09-18T13:45:12.899+0000] {logging_mixin.py:188} INFO - [2026-09-18T13:45:12.898+0000] {dagbag.py:545} INFO - Filling up the DagBag from /opt/airflow/dags/dag_customer_rfm_dinda_c.py
[2026-09-18T13:45:12.911+0000] {processor.py:840} INFO - DAG(s) 'customer_rfm' retrieved from /opt/airflow/dags/dag_customer_rfm_dinda_c.py
[2026-09-18T13:45:12.935+0000] {logging_mixin.py:188} INFO - [2026-09-18T13:45:12.935+0000] {dag.py:3089} INFO - Sync 1 DAGs
[2026-09-18T13:45:12.951+0000] {logging_mixin.py:188} INFO - [2026-09-18T13:45:12.951+0000] {dag.py:3947} INFO - Setting next_dagrun for customer_rfm to 2026-09-18 00:00:00+00:00, run_after=2026-09-19 00:00:00+00:00
[2026-09-18T13:45:12.964+0000] {processor.py:183} INFO - Processing /opt/airflow/dags/dag_customer_rfm_dinda_c.py took 0.071 seconds
[2026-09-18T13:45:43.087+0000] {processor.py:161} INFO - Started process (PID=680) to work on /opt/airflow/dags/dag_customer_rfm_dinda_c.py
[2026-09-18T13:45:43.088+0000] {processor.py:830} INFO - Processing file /opt/airflow/dags/dag_customer_rfm_dinda_c.py for tasks to queue
[2026-09-18T13:45:43.090+0000] {logging_mixin.py:188} INFO - [2026-09-18T13:45:43.090+0000] {dagbag.py:545} INFO - Filling up the DagBag from /opt/airflow/dags/dag_customer_rfm_dinda_c.py
[2026-09-18T13:45:43.105+0000] {processor.py:840} INFO - DAG(s) 'customer_rfm' retrieved from /opt/airflow/dags/dag_customer_rfm_dinda_c.py
[2026-09-18T13:45:43.132+0000] {logging_mixin.py:188} INFO - [2026-09-18T13:45:43.132+0000] {dag.py:3089} INFO - Sync 1 DAGs
[2026-09-18T13:45:43.150+0000] {logging_mixin.py:188} INFO - [2026-09-18T13:45:43.150+0000] {dag.py:3947} INFO - Setting next_dagrun for customer_rfm to 2026-09-18 00:00:00+00:00, run_after=2026-09-19 00:00:00+00:00
[2026-09-18T13:45:43.167+0000] {processor.py:183} INFO - Processing /opt/airflow/dags/dag_customer_rfm_dinda_c.py took 0.085 seconds
[2026-09-18T13:46:13.260+0000] {processor.py:161} INFO - Started process (PID=685) to work on /opt/airflow/dags/dag_customer_rfm_dinda_c.py
[2026-09-18T13:46:13.261+0000] {processor.py:830} INFO - Processing file /opt/airflow/dags/dag_customer_rfm_dinda_c.py for tasks to queue
[2026-09-18T13:46:13.262+0000] {logging_mixin.py:188} INFO - [2026-09-18T13:46:13.262+0000] {dagbag.py:545} INFO - Filling up the DagBag from /opt/airflow/dags/dag_customer_rfm_dinda_c.py
[2026-09-18T13:46:13.276+0000] {processor.py:840} INFO - DAG(s) 'customer_rfm' retrieved from /opt/airflow/dags/dag_customer_rfm_dinda_c.py
[2026-09-18T13:46:13.299+0000] {logging_mixin.py:188} INFO - [2026-09-18T13:46:13.299+0000] {dag.py:3089} INFO - Sync 1 DAGs
[2026-09-18T13:46:13.318+0000] {logging_mixin.py:188} INFO - [2026-09-18T13:46:13.318+0000] {dag.py:3947} INFO - Setting next_dagrun for customer_rfm to 2026-09-18 00:00:00+00:00, run_after=2026-09-19 00:00:00+00:00
[2026-09-18T13:46:13.336+0000] {processor.py:183} INFO - Processing /opt/airflow/dags/dag_customer_rfm_dinda_c.py took 0.080 seconds
[2026-09-18T13:46:43.492+0000] {processor.py:161} INFO - Started process (PID=690) to work on /opt/airflow/dags/dag_customer_rfm_dinda_c.py
[2026-09-18T13:46:43.493+0000] {processor.py:830} INFO - Processing file /opt/airflow/dags/dag_customer_rfm_dinda_c.py for tasks to queue
[2026-09-18T13:46:43.494+0000] {logging_mixin.py:188} INFO - [2026-09-18T13:46:43.494+0000] {dagbag.py:545} INFO - Filling up the DagBag from /opt/airflow/dags/dag_customer_rfm_dinda_c.py
[2026-09-18T13:46:43.505+0000] {processor.py:840} INFO - DAG(s) 'customer_rfm' retrieved from /opt/airflow/dags/dag_customer_rfm_dinda_c.py
[2026-09-18T13:46:43.527+0000] {logging_mixin.py:188} INFO - [2026-09-18T13:46:43.527+0000] {dag.py:3089} INFO - Sync 1 DAGs
[2026-09-18T13:46:43.542+0000] {logging_mixin.py:188} INFO - [2026-09-18T13:46:43.542+0000] {dag.py:3947} INFO - Setting next_dagrun for customer_rfm to 2026-09-18 00:00:00+00:00, run_after=2026-09-19 00:00:00+00:00
[2026-09-18T13:46:43.554+0000] {processor.py:183} INFO - Processing /opt/airflow/dags/dag_customer_rfm_dinda_c.py took 0.066 seconds
[2026-09-18T13:47:13.652+0000] {processor.py:161} INFO - Started process (PID=695) to work on /opt/airflow/dags/dag_customer_rfm_dinda_c.py
[2026-09-18T13:47:13.653+0000] {processor.py:830} INFO - Processing file /opt/airflow/dags/dag_customer_rfm_dinda_c.py for tasks to queue
[2026-09-18T13:47:13.654+0000] {logging_mixin.py:188} INFO - [2026-09-18T13:47:13.654+0000] {dagbag.py:545} INFO - Filling up the DagBag from /opt/airflow/dags/dag_customer_rfm_dinda_c.py
[2026-09-18T13:47:13.666+0000] {processor.py:840} INFO - DAG(s) 'customer_rfm' retrieved from /opt/airflow/dags/dag_customer_rfm_dinda_c.py
[2026-09-18T13:47:13.687+0000] {logging_mixin.py:188} INFO - [2026-09-18T13:47:13.687+0000] {dag.py:3089} INFO - Sync 1 DAGs
[2026-09-18T13:47:13.703+0000] {logging_mixin.py:188} INFO - [2026-09-18T13:47:13.703+0000] {dag.py:3947} INFO - Setting next_dagrun for customer_rfm to 2026-09-18 00:00:00+00:00, run_after=2026-09-19 00:00:00+00:00
[2026-09-18T13:47:13.730+0000] {processor.py:183} INFO - Processing /opt/airflow/dags/dag_customer_rfm_dinda_c.py took 0.082 seconds
[2026-09-18T13:47:43.822+0000] {processor.py:161} INFO - Started process (PID=700) to work on /opt/airflow/dags/dag_customer_rfm_dinda_c.py
[2026-09-18T13:47:43.823+0000] {processor.py:830} INFO - Processing file /opt/airflow/dags/dag_customer_rfm_dinda_c.py for tasks to queue
[2026-09-18T13:47:43.824+0000] {logging_mixin.py:188} INFO - [2026-09-18T13:47:43.824+0000] {dagbag.py:545} INFO - Filling up the DagBag from /opt/airflow/dags/dag_customer_rfm_dinda_c.py
[2026-09-18T13:47:43.836+0000] {processor.py:840} INFO - DAG(s) 'customer_rfm' retrieved from /opt/airflow/dags/dag_customer_rfm_dinda_c.py
[2026-09-18T13:47:43.860+0000] {logging_mixin.py:188} INFO - [2026-09-18T13:47:43.860+0000] {dag.py:3089} INFO - Sync 1 DAGs
[2026-09-18T13:47:43.876+0000] {logging_mixin.py:188} INFO - [2026-09-18T13:47:43.876+0000] {dag.py:3947} INFO - Setting next_dagrun for customer_rfm to 2026-09-18 00:00:00+00:00, run_after=2026-09-19 00:00:00+00:00
[2026-09-18T13:47:43.891+0000] {processor.py:183} INFO - Processing /opt/airflow/dags/dag_customer_rfm_dinda_c.py took 0.073 seconds
[2026-09-18T13:48:14.029+0000] {processor.py:161} INFO - Started process (PID=705) to work on /opt/airflow/dags/dag_customer_rfm_dinda_c.py
[2026-09-18T13:48:14.030+0000] {processor.py:830} INFO - Processing file /opt/airflow/dags/dag_customer_rfm_dinda_c.py for tasks to queue
[2026-09-18T13:48:14.031+0000] {logging_mixin.py:188} INFO - [2026-09-18T13:48:14.031+0000] {dagbag.py:545} INFO - Filling up the DagBag from /opt/airflow/dags/dag_customer_rfm_dinda_c.py
[2026-09-18T13:48:14.043+0000] {processor.py:840} INFO - DAG(s) 'customer_rfm' retrieved from /opt/airflow/dags/dag_customer_rfm_dinda_c.py
[2026-09-18T13:48:14.067+0000] {logging_mixin.py:188} INFO - [2026-09-18T13:48:14.067+0000] {dag.py:3089} INFO - Sync 1 DAGs
[2026-09-18T13:48:14.085+0000] {logging_mixin.py:188} INFO - [2026-09-18T13:48:14.085+0000] {dag.py:3947} INFO - Setting next_dagrun for customer_rfm to 2026-09-18 00:00:00+00:00, run_after=2026-09-19 00:00:00+00:00
[2026-09-18T13:48:14.101+0000] {processor.py:183} INFO - Processing /opt/airflow/dags/dag_customer_rfm_dinda_c.py took 0.076 seconds
[2026-09-18T13:48:44.197+0000] {processor.py:161} INFO - Started process (PID=710) to work on /opt/airflow/dags/dag_customer_rfm_dinda_c.py
[2026-09-18T13:48:44.199+0000] {processor.py:830} INFO - Processing file /opt/airflow/dags/dag_customer_rfm_dinda_c.py for tasks to queue
[2026-09-18T13:48:44.201+0000] {logging_mixin.py:188} INFO - [2026-09-18T13:48:44.201+0000] {dagbag.py:545} INFO - Filling up the DagBag from /opt/airflow/dags/dag_customer_rfm_dinda_c.py
[2026-09-18T13:48:44.213+0000] {processor.py:840} INFO - DAG(s) 'customer_rfm' retrieved from /opt/airflow/dags/dag_customer_rfm_dinda_c.py
[2026-09-18T13:48:44.234+0000] {logging_mixin.py:188} INFO - [2026-09-18T13:48:44.234+0000] {dag.py:3089} INFO - Sync 1 DAGs
[2026-09-18T13:48:44.251+0000] {logging_mixin.py:188} INFO - [2026-09-18T13:48:44.251+0000] {dag.py:3947} INFO - Setting next_dagrun for customer_rfm to 2026-09-18 00:00:00+00:00, run_after=2026-09-19 00:00:00+00:00
[2026-09-18T13:48:44.265+0000] {processor.py:183} INFO - Processing /opt/airflow/dags/dag_customer_rfm_dinda_c.py took 0.072 seconds
[2026-09-18T13:49:14.409+0000] {processor.py:161} INFO - Started process (PID=715) to work on /opt/airflow/dags/dag_customer_rfm_dinda_c.py
[2026-09-18T13:49:14.410+0000] {processor.py:830} INFO - Processing file /opt/airflow/dags/dag_customer_rfm_dinda_c.py for tasks to queue
[2026-09-18T13:49:14.412+0000] {logging_mixin.py:188} INFO - [2026-09-18T13:49:14.412+0000] {dagbag.py:545} INFO - Filling up the DagBag from /opt/airflow/dags/dag_customer_rfm_dinda_c.py
[2026-09-18T13:49:14.440+0000] {processor.py:840} INFO - DAG(s) 'customer_rfm' retrieved from /opt/airflow/dags/dag_customer_rfm_dinda_c.py
[2026-09-18T13:49:14.468+0000] {logging_mixin.py:188} INFO - [2026-09-18T13:49:14.468+0000] {dag.py:3089} INFO - Sync 1 DAGs
[2026-09-18T13:49:14.486+0000] {logging_mixin.py:188} INFO - [2026-09-18T13:49:14.485+0000] {dag.py:3947} INFO - Setting next_dagrun for customer_rfm to 2026-09-18 00:00:00+00:00, run_after=2026-09-19 00:00:00+00:00
[2026-09-18T13:49:14.509+0000] {processor.py:183} INFO - Processing /opt/airflow/dags/dag_customer_rfm_dinda_c.py took 0.104 seconds
[2026-09-18T13:49:44.559+0000] {processor.py:161} INFO - Started process (PID=720) to work on /opt/airflow/dags/dag_customer_rfm_dinda_c.py
[2026-09-18T13:49:44.560+0000] {processor.py:830} INFO - Processing file /opt/airflow/dags/dag_customer_rfm_dinda_c.py for tasks to queue
[2026-09-18T13:49:44.563+0000] {logging_mixin.py:188} INFO - [2026-09-18T13:49:44.562+0000] {dagbag.py:545} INFO - Filling up the DagBag from /opt/airflow/dags/dag_customer_rfm_dinda_c.py
[2026-09-18T13:49:44.575+0000] {processor.py:840} INFO - DAG(s) 'customer_rfm' retrieved from /opt/airflow/dags/dag_customer_rfm_dinda_c.py
[2026-09-18T13:49:44.600+0000] {logging_mixin.py:188} INFO - [2026-09-18T13:49:44.600+0000] {dag.py:3089} INFO - Sync 1 DAGs
[2026-09-18T13:49:44.619+0000] {logging_mixin.py:188} INFO - [2026-09-18T13:49:44.619+0000] {dag.py:3947} INFO - Setting next_dagrun for customer_rfm to 2026-09-18 00:00:00+00:00, run_after=2026-09-19 00:00:00+00:00
[2026-09-18T13:49:44.637+0000] {processor.py:183} INFO - Processing /opt/airflow/dags/dag_customer_rfm_dinda_c.py took 0.082 seconds
[2026-09-18T13:50:14.730+0000] {processor.py:161} INFO - Started process (PID=725) to work on /opt/airflow/dags/dag_customer_rfm_dinda_c.py
[2026-09-18T13:50:14.732+0000] {processor.py:830} INFO - Processing file /opt/airflow/dags/dag_customer_rfm_dinda_c.py for tasks to queue
[2026-09-18T13:50:14.733+0000] {logging_mixin.py:188} INFO - [2026-09-18T13:50:14.733+0000] {dagbag.py:545} INFO - Filling up the DagBag from /opt/airflow/dags/dag_customer_rfm_dinda_c.py
[2026-09-18T13:50:14.746+0000] {processor.py:840} INFO - DAG(s) 'customer_rfm' retrieved from /opt/airflow/dags/dag_customer_rfm_dinda_c.py
[2026-09-18T13:50:14.774+0000] {logging_mixin.py:188} INFO - [2026-09-18T13:50:14.774+0000] {dag.py:3089} INFO - Sync 1 DAGs
[2026-09-18T13:50:14.791+0000] {logging_mixin.py:188} INFO - [2026-09-18T13:50:14.791+0000] {dag.py:3947} INFO - Setting next_dagrun for customer_rfm to 2026-09-18 00:00:00+00:00, run_after=2026-09-19 00:00:00+00:00
[2026-09-18T13:50:14.807+0000] {processor.py:183} INFO - Processing /opt/airflow/dags/dag_customer_rfm_dinda_c.py took 0.081 seconds
[2026-09-18T13:50:44.938+0000] {processor.py:161} INFO - Started process (PID=730) to work on /opt/airflow/dags/dag_customer_rfm_dinda_c.py
[2026-09-18T13:50:44.939+0000] {processor.py:830} INFO - Processing file /opt/airflow/dags/dag_customer_rfm_dinda_c.py for tasks to queue
[2026-09-18T13:50:44.940+0000] {logging_mixin.py:188} INFO - [2026-09-18T13:50:44.940+0000] {dagbag.py:545} INFO - Filling up the DagBag from /opt/airflow/dags/dag_customer_rfm_dinda_c.py
[2026-09-18T13:50:44.955+0000] {processor.py:840} INFO - DAG(s) 'customer_rfm' retrieved from /opt/airflow/dags/dag_customer_rfm_dinda_c.py
[2026-09-18T13:50:44.977+0000] {logging_mixin.py:188} INFO - [2026-09-18T13:50:44.977+0000] {dag.py:3089} INFO - Sync 1 DAGs
[2026-09-18T13:50:44.997+0000] {logging_mixin.py:188} INFO - [2026-09-18T13:50:44.997+0000] {dag.py:3947} INFO - Setting next_dagrun for customer_rfm to 2026-09-18 00:00:00+00:00, run_after=2026-09-19 00:00:00+00:00
[2026-09-18T13:50:45.012+0000] {processor.py:183} INFO - Processing /opt/airflow/dags/dag_customer_rfm_dinda_c.py took 0.078 seconds
[2026-09-18T13:51:15.181+0000] {processor.py:161} INFO - Started process (PID=735) to work on /opt/airflow/dags/dag_customer_rfm_dinda_c.py
[2026-09-18T13:51:15.182+0000] {processor.py:830} INFO - Processing file /opt/airflow/dags/dag_customer_rfm_dinda_c.py for tasks to queue
[2026-09-18T13:51:15.184+0000] {logging_mixin.py:188} INFO - [2026-09-18T13:51:15.184+0000] {dagbag.py:545} INFO - Filling up the DagBag from /opt/airflow/dags/dag_customer_rfm_dinda_c.py
[2026-09-18T13:51:15.200+0000] {processor.py:840} INFO - DAG(s) 'customer_rfm' retrieved from /opt/airflow/dags/dag_customer_rfm_dinda_c.py
[2026-09-18T13:51:15.226+0000] {logging_mixin.py:188} INFO - [2026-09-18T13:51:15.226+0000] {dag.py:3089} INFO - Sync 1 DAGs
[2026-09-18T13:51:15.243+0000] {logging_mixin.py:188} INFO - [2026-09-18T13:51:15.243+0000] {dag.py:3947} INFO - Setting next_dagrun for customer_rfm to 2026-09-18 00:00:00+00:00, run_after=2026-09-19 00:00:00+00:00
[2026-09-18T13:51:15.257+0000] {processor.py:183} INFO - Processing /opt/airflow/dags/dag_customer_rfm_dinda_c.py took 0.080 seconds
[2026-09-18T13:51:45.370+0000] {processor.py:161} INFO - Started process (PID=740) to work on /opt/airflow/dags/dag_customer_rfm_dinda_c.py
[2026-09-18T13:51:45.371+0000] {processor.py:830} INFO - Processing file /opt/airflow/dags/dag_customer_rfm_dinda_c.py for tasks to queue
[2026-09-18T13:51:45.372+0000] {logging_mixin.py:188} INFO - [2026-09-18T13:51:45.372+0000] {dagbag.py:545} INFO - Filling up the DagBag from /opt/airflow/dags/dag_customer_rfm_dinda_c.py
[2026-09-18T13:51:45.385+0000] {processor.py:840} INFO - DAG(s) 'customer_rfm' retrieved from /opt/airflow/dags/dag_customer_rfm_dinda_c.py
[2026-09-18T13:51:45.409+0000] {logging_mixin.py:188} INFO - [2026-09-18T13:51:45.409+0000] {dag.py:3089} INFO - Sync 1 DAGs
[2026-09-18T13:51:45.426+0000] {logging_mixin.py:188} INFO - [2026-09-18T13:51:45.426+0000] {dag.py:3947} INFO - Setting next_dagrun for customer_rfm to 2026-09-18 00:00:00+00:00, run_after=2026-09-19 00:00:00+00:00
[2026-09-18T13:51:45.440+0000] {processor.py:183} INFO - Processing /opt/airflow/dags/dag_customer_rfm_dinda_c.py took 0.074 seconds
[2026-09-18T13:52:15.543+0000] {processor.py:161} INFO - Started process (PID=745) to work on /opt/airflow/dags/dag_customer_rfm_dinda_c.py
[2026-09-18T13:52:15.544+0000] {processor.py:830} INFO - Processing file /opt/airflow/dags/dag_customer_rfm_dinda_c.py for tasks to queue
[2026-09-18T13:52:15.545+0000] {logging_mixin.py:188} INFO - [2026-09-18T13:52:15.545+0000] {dagbag.py:545} INFO - Filling up the DagBag from /opt/airflow/dags/dag_customer_rfm_dinda_c.py
[2026-09-18T13:52:15.557+0000] {processor.py:840} INFO - DAG(s) 'customer_rfm' retrieved from /opt/airflow/dags/dag_customer_rfm_dinda_c.py
[2026-09-18T13:52:15.579+0000] {logging_mixin.py:188} INFO - [2026-09-18T13:52:15.579+0000] {dag.py:3089} INFO - Sync 1 DAGs
[2026-09-18T13:52:15.595+0000] {logging_mixin.py:188} INFO - [2026-09-18T13:52:15.595+0000] {dag.py:3947} INFO - Setting next_dagrun for customer_rfm to 2026-09-18 00:00:00+00:00, run_after=2026-09-19 00:00:00+00:00
[2026-09-18T13:52:15.610+0000] {processor.py:183} INFO - Processing /opt/airflow/dags/dag_customer_rfm_dinda_c.py took 0.071 seconds
[2026-09-18T13:52:45.743+0000] {processor.py:161} INFO - Started process (PID=750) to work on /opt/airflow/dags/dag_customer_rfm_dinda_c.py
[2026-09-18T13:52:45.745+0000] {processor.py:830} INFO - Processing file /opt/airflow/dags/dag_customer_rfm_dinda_c.py for tasks to queue
[2026-09-18T13:52:45.746+0000] {logging_mixin.py:188} INFO - [2026-09-18T13:52:45.746+0000] {dagbag.py:545} INFO - Filling up the DagBag from /opt/airflow/dags/dag_customer_rfm_dinda_c.py
[2026-09-18T13:52:45.763+0000] {processor.py:840} INFO - DAG(s) 'customer_rfm' retrieved from /opt/airflow/dags/dag_customer_rfm_dinda_c.py
[2026-09-18T13:52:45.787+0000] {logging_mixin.py:188} INFO - [2026-09-18T13:52:45.787+0000] {dag.py:3089} INFO - Sync 1 DAGs
[2026-09-18T13:52:45.805+0000] {logging_mixin.py:188} INFO - [2026-09-18T13:52:45.805+0000] {dag.py:3947} INFO - Setting next_dagrun for customer_rfm to 2026-09-18 00:00:00+00:00, run_after=2026-09-19 00:00:00+00:00
[2026-09-18T13:52:45.821+0000] {processor.py:183} INFO - Processing /opt/airflow/dags/dag_customer_rfm_dinda_c.py took 0.082 seconds
[2026-09-18T13:53:15.919+0000] {processor.py:161} INFO - Started process (PID=755) to work on /opt/airflow/dags/dag_customer_rfm_dinda_c.py
[2026-09-18T13:53:15.920+0000] {processor.py:830} INFO - Processing file /opt/airflow/dags/dag_customer_rfm_dinda_c.py for tasks to queue
[2026-09-18T13:53:15.921+0000] {logging_mixin.py:188} INFO - [2026-09-18T13:53:15.921+0000] {dagbag.py:545} INFO - Filling up the DagBag from /opt/airflow/dags/dag_customer_rfm_dinda_c.py
[2026-09-18T13:53:15.934+0000] {processor.py:840} INFO - DAG(s) 'customer_rfm' retrieved from /opt/airflow/dags/dag_customer_rfm_dinda_c.py
[2026-09-18T13:53:15.957+0000] {logging_mixin.py:188} INFO - [2026-09-18T13:53:15.957+0000] {dag.py:3089} INFO - Sync 1 DAGs
[2026-09-18T13:53:15.978+0000] {logging_mixin.py:188} INFO - [2026-09-18T13:53:15.977+0000] {dag.py:3947} INFO - Setting next_dagrun for customer_rfm to 2026-09-18 00:00:00+00:00, run_after=2026-09-19 00:00:00+00:00
[2026-09-18T13:53:15.992+0000] {processor.py:183} INFO - Processing /opt/airflow/dags/dag_customer_rfm_dinda_c.py took 0.077 seconds
[2026-09-18T13:53:46.147+0000] {processor.py:161} INFO - Started process (PID=760) to work on /opt/airflow/dags/dag_customer_rfm_dinda_c.py
[2026-09-18T13:53:46.148+0000] {processor.py:830} INFO - Processing file /opt/airflow/dags/dag_customer_rfm_dinda_c.py for tasks to queue
[2026-09-18T13:53:46.149+0000] {logging_mixin.py:188} INFO - [2026-09-18T13:53:46.149+0000] {dagbag.py:545} INFO - Filling up the DagBag from /opt/airflow/dags/dag_customer_rfm_dinda_c.py
[2026-09-18T13:53:46.161+0000] {processor.py:840} INFO - DAG(s) 'customer_rfm' retrieved from /opt/airflow/dags/dag_customer_rfm_dinda_c.py
[2026-09-18T13:53:46.184+0000] {logging_mixin.py:188} INFO - [2026-09-18T13:53:46.183+0000] {dag.py:3089} INFO - Sync 1 DAGs
[2026-09-18T13:53:46.200+0000] {logging_mixin.py:188} INFO - [2026-09-18T13:53:46.200+0000] {dag.py:3947} INFO - Setting next_dagrun for customer_rfm to 2026-09-18 00:00:00+00:00, run_after=2026-09-19 00:00:00+00:00
[2026-09-18T13:53:46.216+0000] {processor.py:183} INFO - Processing /opt/airflow/dags/dag_customer_rfm_dinda_c.py took 0.073 seconds
[2026-09-18T13:54:16.304+0000] {processor.py:161} INFO - Started process (PID=765) to work on /opt/airflow/dags/dag_customer_rfm_dinda_c.py
[2026-09-18T13:54:16.305+0000] {processor.py:830} INFO - Processing file /opt/airflow/dags/dag_customer_rfm_dinda_c.py for tasks to queue
[2026-09-18T13:54:16.307+0000] {logging_mixin.py:188} INFO - [2026-09-18T13:54:16.306+0000] {dagbag.py:545} INFO - Filling up the DagBag from /opt/airflow/dags/dag_customer_rfm_dinda_c.py
[2026-09-18T13:54:16.322+0000] {processor.py:840} INFO - DAG(s) 'customer_rfm' retrieved from /opt/airflow/dags/dag_customer_rfm_dinda_c.py
[2026-09-18T13:54:16.343+0000] {logging_mixin.py:188} INFO - [2026-09-18T13:54:16.342+0000] {dag.py:3089} INFO - Sync 1 DAGs
[2026-09-18T13:54:16.360+0000] {logging_mixin.py:188} INFO - [2026-09-18T13:54:16.359+0000] {dag.py:3947} INFO - Setting next_dagrun for customer_rfm to 2026-09-18 00:00:00+00:00, run_after=2026-09-19 00:00:00+00:00
[2026-09-18T13:54:16.374+0000] {processor.py:183} INFO - Processing /opt/airflow/dags/dag_customer_rfm_dinda_c.py took 0.074 seconds
[2026-09-18T13:54:46.523+0000] {processor.py:161} INFO - Started process (PID=770) to work on /opt/airflow/dags/dag_customer_rfm_dinda_c.py
[2026-09-18T13:54:46.524+0000] {processor.py:830} INFO - Processing file /opt/airflow/dags/dag_customer_rfm_dinda_c.py for tasks to queue
[2026-09-18T13:54:46.525+0000] {logging_mixin.py:188} INFO - [2026-09-18T13:54:46.525+0000] {dagbag.py:545} INFO - Filling up the DagBag from /opt/airflow/dags/dag_customer_rfm_dinda_c.py
[2026-09-18T13:54:46.538+0000] {processor.py:840} INFO - DAG(s) 'customer_rfm' retrieved from /opt/airflow/dags/dag_customer_rfm_dinda_c.py
[2026-09-18T13:54:46.561+0000] {logging_mixin.py:188} INFO - [2026-09-18T13:54:46.561+0000] {dag.py:3089} INFO - Sync 1 DAGs
[2026-09-18T13:54:46.580+0000] {logging_mixin.py:188} INFO - [2026-09-18T13:54:46.580+0000] {dag.py:3947} INFO - Setting next_dagrun for customer_rfm to 2026-09-18 00:00:00+00:00, run_after=2026-09-19 00:00:00+00:00
[2026-09-18T13:54:46.596+0000] {processor.py:183} INFO - Processing /opt/airflow/dags/dag_customer_rfm_dinda_c.py took 0.078 seconds
[2026-09-18T13:55:16.678+0000] {processor.py:161} INFO - Started process (PID=775) to work on /opt/airflow/dags/dag_customer_rfm_dinda_c.py
[2026-09-18T13:55:16.679+0000] {processor.py:830} INFO - Processing file /opt/airflow/dags/dag_customer_rfm_dinda_c.py for tasks to queue
[2026-09-18T13:55:16.680+0000] {logging_mixin.py:188} INFO - [2026-09-18T13:55:16.680+0000] {dagbag.py:545} INFO - Filling up the DagBag from /opt/airflow/dags/dag_customer_rfm_dinda_c.py
[2026-09-18T13:55:16.691+0000] {processor.py:840} INFO - DAG(s) 'customer_rfm' retrieved from /opt/airflow/dags/dag_customer_rfm_dinda_c.py
[2026-09-18T13:55:16.714+0000] {logging_mixin.py:188} INFO - [2026-09-18T13:55:16.714+0000] {dag.py:3089} INFO - Sync 1 DAGs
[2026-09-18T13:55:16.730+0000] {logging_mixin.py:188} INFO - [2026-09-18T13:55:16.730+0000] {dag.py:3947} INFO - Setting next_dagrun for customer_rfm to 2026-09-18 00:00:00+00:00, run_after=2026-09-19 00:00:00+00:00
[2026-09-18T13:55:16.744+0000] {processor.py:183} INFO - Processing /opt/airflow/dags/dag_customer_rfm_dinda_c.py took 0.071 seconds
[2026-09-18T13:55:46.897+0000] {processor.py:161} INFO - Started process (PID=780) to work on /opt/airflow/dags/dag_customer_rfm_dinda_c.py
[2026-09-18T13:55:46.898+0000] {processor.py:830} INFO - Processing file /opt/airflow/dags/dag_customer_rfm_dinda_c.py for tasks to queue
[2026-09-18T13:55:46.900+0000] {logging_mixin.py:188} INFO - [2026-09-18T13:55:46.900+0000] {dagbag.py:545} INFO - Filling up the DagBag from /opt/airflow/dags/dag_customer_rfm_dinda_c.py
[2026-09-18T13:55:46.913+0000] {processor.py:840} INFO - DAG(s) 'customer_rfm' retrieved from /opt/airflow/dags/dag_customer_rfm_dinda_c.py
[2026-09-18T13:55:46.935+0000] {logging_mixin.py:188} INFO - [2026-09-18T13:55:46.934+0000] {dag.py:3089} INFO - Sync 1 DAGs
[2026-09-18T13:55:46.952+0000] {logging_mixin.py:188} INFO - [2026-09-18T13:55:46.952+0000] {dag.py:3947} INFO - Setting next_dagrun for customer_rfm to 2026-09-18 00:00:00+00:00, run_after=2026-09-19 00:00:00+00:00
[2026-09-18T13:55:46.966+0000] {processor.py:183} INFO - Processing /opt/airflow/dags/dag_customer_rfm_dinda_c.py took 0.074 seconds
[2026-09-18T13:56:17.148+0000] {processor.py:161} INFO - Started process (PID=785) to work on /opt/airflow/dags/dag_customer_rfm_dinda_c.py
[2026-09-18T13:56:17.149+0000] {processor.py:830} INFO - Processing file /opt/airflow/dags/dag_customer_rfm_dinda_c.py for tasks to queue
[2026-09-18T13:56:17.151+0000] {logging_mixin.py:188} INFO - [2026-09-18T13:56:17.150+0000] {dagbag.py:545} INFO - Filling up the DagBag from /opt/airflow/dags/dag_customer_rfm_dinda_c.py
[2026-09-18T13:56:17.162+0000] {processor.py:840} INFO - DAG(s) 'customer_rfm' retrieved from /opt/airflow/dags/dag_customer_rfm_dinda_c.py
[2026-09-18T13:56:17.184+0000] {logging_mixin.py:188} INFO - [2026-09-18T13:56:17.184+0000] {dag.py:3089} INFO - Sync 1 DAGs
[2026-09-18T13:56:17.199+0000] {logging_mixin.py:188} INFO - [2026-09-18T13:56:17.199+0000] {dag.py:3947} INFO - Setting next_dagrun for customer_rfm to 2026-09-18 00:00:00+00:00, run_after=2026-09-19 00:00:00+00:00
[2026-09-18T13:56:17.211+0000] {processor.py:183} INFO - Processing /opt/airflow/dags/dag_customer_rfm_dinda_c.py took 0.067 seconds
[2026-09-18T13:56:47.365+0000] {processor.py:161} INFO - Started process (PID=790) to work on /opt/airflow/dags/dag_customer_rfm_dinda_c.py
[2026-09-18T13:56:47.365+0000] {processor.py:830} INFO - Processing file /opt/airflow/dags/dag_customer_rfm_dinda_c.py for tasks to queue
[2026-09-18T13:56:47.367+0000] {logging_mixin.py:188} INFO - [2026-09-18T13:56:47.367+0000] {dagbag.py:545} INFO - Filling up the DagBag from /opt/airflow/dags/dag_customer_rfm_dinda_c.py
[2026-09-18T13:56:47.382+0000] {processor.py:840} INFO - DAG(s) 'customer_rfm' retrieved from /opt/airflow/dags/dag_customer_rfm_dinda_c.py
[2026-09-18T13:56:47.403+0000] {logging_mixin.py:188} INFO - [2026-09-18T13:56:47.403+0000] {dag.py:3089} INFO - Sync 1 DAGs
[2026-09-18T13:56:47.422+0000] {logging_mixin.py:188} INFO - [2026-09-18T13:56:47.422+0000] {dag.py:3947} INFO - Setting next_dagrun for customer_rfm to 2026-09-18 00:00:00+00:00, run_after=2026-09-19 00:00:00+00:00
[2026-09-18T13:56:47.438+0000] {processor.py:183} INFO - Processing /opt/airflow/dags/dag_customer_rfm_dinda_c.py took 0.077 seconds
[2026-09-18T13:57:17.540+0000] {processor.py:161} INFO - Started process (PID=795) to work on /opt/airflow/dags/dag_customer_rfm_dinda_c.py
[2026-09-18T13:57:17.541+0000] {processor.py:830} INFO - Processing file /opt/airflow/dags/dag_customer_rfm_dinda_c.py for tasks to queue
[2026-09-18T13:57:17.543+0000] {logging_mixin.py:188} INFO - [2026-09-18T13:57:17.542+0000] {dagbag.py:545} INFO - Filling up the DagBag from /opt/airflow/dags/dag_customer_rfm_dinda_c.py
[2026-09-18T13:57:17.557+0000] {processor.py:840} INFO - DAG(s) 'customer_rfm' retrieved from /opt/airflow/dags/dag_customer_rfm_dinda_c.py
[2026-09-18T13:57:17.580+0000] {logging_mixin.py:188} INFO - [2026-09-18T13:57:17.580+0000] {dag.py:3089} INFO - Sync 1 DAGs
[2026-09-18T13:57:17.599+0000] {logging_mixin.py:188} INFO - [2026-09-18T13:57:17.598+0000] {dag.py:3947} INFO - Setting next_dagrun for customer_rfm to 2026-09-18 00:00:00+00:00, run_after=2026-09-19 00:00:00+00:00
[2026-09-18T13:57:17.614+0000] {processor.py:183} INFO - Processing /opt/airflow/dags/dag_customer_rfm_dinda_c.py took 0.078 seconds
[2026-09-18T13:57:47.749+0000] {processor.py:161} INFO - Started process (PID=800) to work on /opt/airflow/dags/dag_customer_rfm_dinda_c.py
[2026-09-18T13:57:47.750+0000] {processor.py:830} INFO - Processing file /opt/airflow/dags/dag_customer_rfm_dinda_c.py for tasks to queue
[2026-09-18T13:57:47.751+0000] {logging_mixin.py:188} INFO - [2026-09-18T13:57:47.751+0000] {dagbag.py:545} INFO - Filling up the DagBag from /opt/airflow/dags/dag_customer_rfm_dinda_c.py
[2026-09-18T13:57:47.772+0000] {processor.py:840} INFO - DAG(s) 'customer_rfm' retrieved from /opt/airflow/dags/dag_customer_rfm_dinda_c.py
[2026-09-18T13:57:47.793+0000] {logging_mixin.py:188} INFO - [2026-09-18T13:57:47.793+0000] {dag.py:3089} INFO - Sync 1 DAGs
[2026-09-18T13:57:47.809+0000] {logging_mixin.py:188} INFO - [2026-09-18T13:57:47.809+0000] {dag.py:3947} INFO - Setting next_dagrun for customer_rfm to 2026-09-18 00:00:00+00:00, run_after=2026-09-19 00:00:00+00:00
[2026-09-18T13:57:47.823+0000] {processor.py:183} INFO - Processing /opt/airflow/dags/dag_customer_rfm_dinda_c.py took 0.078 seconds
[2026-09-18T13:58:17.947+0000] {processor.py:161} INFO - Started process (PID=805) to work on /opt/airflow/dags/dag_customer_rfm_dinda_c.py
[2026-09-18T13:58:17.948+0000] {processor.py:830} INFO - Processing file /opt/airflow/dags/dag_customer_rfm_dinda_c.py for tasks to queue
[2026-09-18T13:58:17.949+0000] {logging_mixin.py:188} INFO - [2026-09-18T13:58:17.949+0000] {dagbag.py:545} INFO - Filling up the DagBag from /opt/airflow/dags/dag_customer_rfm_dinda_c.py
[2026-09-18T13:58:17.960+0000] {processor.py:840} INFO - DAG(s) 'customer_rfm' retrieved from /opt/airflow/dags/dag_customer_rfm_dinda_c.py
[2026-09-18T13:58:17.982+0000] {logging_mixin.py:188} INFO - [2026-09-18T13:58:17.981+0000] {dag.py:3089} INFO - Sync 1 DAGs
[2026-09-18T13:58:17.998+0000] {logging_mixin.py:188} INFO - [2026-09-18T13:58:17.998+0000] {dag.py:3947} INFO - Setting next_dagrun for customer_rfm to 2026-09-18 00:00:00+00:00, run_after=2026-09-19 00:00:00+00:00
[2026-09-18T13:58:18.011+0000] {processor.py:183} INFO - Processing /opt/airflow/dags/dag_customer_rfm_dinda_c.py took 0.068 seconds
[2026-09-18T13:58:48.185+0000] {processor.py:161} INFO - Started process (PID=810) to work on /opt/airflow/dags/dag_customer_rfm_dinda_c.py
[2026-09-18T13:58:48.185+0000] {processor.py:830} INFO - Processing file /opt/airflow/dags/dag_customer_rfm_dinda_c.py for tasks to queue
[2026-09-18T13:58:48.187+0000] {logging_mixin.py:188} INFO - [2026-09-18T13:58:48.186+0000] {dagbag.py:545} INFO - Filling up the DagBag from /opt/airflow/dags/dag_customer_rfm_dinda_c.py
[2026-09-18T13:58:48.207+0000] {processor.py:840} INFO - DAG(s) 'customer_rfm' retrieved from /opt/airflow/dags/dag_customer_rfm_dinda_c.py
[2026-09-18T13:58:48.230+0000] {logging_mixin.py:188} INFO - [2026-09-18T13:58:48.230+0000] {dag.py:3089} INFO - Sync 1 DAGs
[2026-09-18T13:58:48.246+0000] {logging_mixin.py:188} INFO - [2026-09-18T13:58:48.246+0000] {dag.py:3947} INFO - Setting next_dagrun for customer_rfm to 2026-09-18 00:00:00+00:00, run_after=2026-09-19 00:00:00+00:00
[2026-09-18T13:58:48.261+0000] {processor.py:183} INFO - Processing /opt/airflow/dags/dag_customer_rfm_dinda_c.py took 0.080 seconds
[2026-09-18T13:59:18.333+0000] {processor.py:161} INFO - Started process (PID=815) to work on /opt/airflow/dags/dag_customer_rfm_dinda_c.py
[2026-09-18T13:59:18.334+0000] {processor.py:830} INFO - Processing file /opt/airflow/dags/dag_customer_rfm_dinda_c.py for tasks to queue
[2026-09-18T13:59:18.336+0000] {logging_mixin.py:188} INFO - [2026-09-18T13:59:18.336+0000] {dagbag.py:545} INFO - Filling up the DagBag from /opt/airflow/dags/dag_customer_rfm_dinda_c.py
[2026-09-18T13:59:18.350+0000] {processor.py:840} INFO - DAG(s) 'customer_rfm' retrieved from /opt/airflow/dags/dag_customer_rfm_dinda_c.py
[2026-09-18T13:59:18.378+0000] {logging_mixin.py:188} INFO - [2026-09-18T13:59:18.378+0000] {dag.py:3089} INFO - Sync 1 DAGs
[2026-09-18T13:59:18.400+0000] {logging_mixin.py:188} INFO - [2026-09-18T13:59:18.400+0000] {dag.py:3947} INFO - Setting next_dagrun for customer_rfm to 2026-09-18 00:00:00+00:00, run_after=2026-09-19 00:00:00+00:00
[2026-09-18T13:59:18.701+0000] {processor.py:183} INFO - Processing /opt/airflow/dags/dag_customer_rfm_dinda_c.py took 0.373 seconds
[2026-09-18T13:59:48.883+0000] {processor.py:161} INFO - Started process (PID=820) to work on /opt/airflow/dags/dag_customer_rfm_dinda_c.py
[2026-09-18T13:59:48.884+0000] {processor.py:830} INFO - Processing file /opt/airflow/dags/dag_customer_rfm_dinda_c.py for tasks to queue
[2026-09-18T13:59:48.887+0000] {logging_mixin.py:188} INFO - [2026-09-18T13:59:48.886+0000] {dagbag.py:545} INFO - Filling up the DagBag from /opt/airflow/dags/dag_customer_rfm_dinda_c.py
[2026-09-18T13:59:48.900+0000] {processor.py:840} INFO - DAG(s) 'customer_rfm' retrieved from /opt/airflow/dags/dag_customer_rfm_dinda_c.py
[2026-09-18T13:59:48.927+0000] {logging_mixin.py:188} INFO - [2026-09-18T13:59:48.927+0000] {dag.py:3089} INFO - Sync 1 DAGs
[2026-09-18T13:59:48.943+0000] {logging_mixin.py:188} INFO - [2026-09-18T13:59:48.943+0000] {dag.py:3947} INFO - Setting next_dagrun for customer_rfm to 2026-09-18 00:00:00+00:00, run_after=2026-09-19 00:00:00+00:00
[2026-09-18T13:59:48.957+0000] {processor.py:183} INFO - Processing /opt/airflow/dags/dag_customer_rfm_dinda_c.py took 0.078 seconds
[2026-09-18T14:00:19.045+0000] {processor.py:161} INFO - Started process (PID=825) to work on /opt/airflow/dags/dag_customer_rfm_dinda_c.py
[2026-09-18T14:00:19.046+0000] {processor.py:830} INFO - Processing file /opt/airflow/dags/dag_customer_rfm_dinda_c.py for tasks to queue
[2026-09-18T14:00:19.047+0000] {logging_mixin.py:188} INFO - [2026-09-18T14:00:19.047+0000] {dagbag.py:545} INFO - Filling up the DagBag from /opt/airflow/dags/dag_customer_rfm_dinda_c.py
[2026-09-18T14:00:19.062+0000] {processor.py:840} INFO - DAG(s) 'customer_rfm' retrieved from /opt/airflow/dags/dag_customer_rfm_dinda_c.py
[2026-09-18T14:00:19.087+0000] {logging_mixin.py:188} INFO - [2026-09-18T14:00:19.087+0000] {dag.py:3089} INFO - Sync 1 DAGs
[2026-09-18T14:00:19.103+0000] {logging_mixin.py:188} INFO - [2026-09-18T14:00:19.103+0000] {dag.py:3947} INFO - Setting next_dagrun for customer_rfm to 2026-09-18 00:00:00+00:00, run_after=2026-09-19 00:00:00+00:00
[2026-09-18T14:00:19.117+0000] {processor.py:183} INFO - Processing /opt/airflow/dags/dag_customer_rfm_dinda_c.py took 0.076 seconds
[2026-09-18T14:00:49.242+0000] {processor.py:161} INFO - Started process (PID=830) to work on /opt/airflow/dags/dag_customer_rfm_dinda_c.py
[2026-09-18T14:00:49.242+0000] {processor.py:830} INFO - Processing file /opt/airflow/dags/dag_customer_rfm_dinda_c.py for tasks to queue
[2026-09-18T14:00:49.244+0000] {logging_mixin.py:188} INFO - [2026-09-18T14:00:49.243+0000] {dagbag.py:545} INFO - Filling up the DagBag from /opt/airflow/dags/dag_customer_rfm_dinda_c.py
[2026-09-18T14:00:49.259+0000] {processor.py:840} INFO - DAG(s) 'customer_rfm' retrieved from /opt/airflow/dags/dag_customer_rfm_dinda_c.py
[2026-09-18T14:00:49.281+0000] {logging_mixin.py:188} INFO - [2026-09-18T14:00:49.281+0000] {dag.py:3089} INFO - Sync 1 DAGs
[2026-09-18T14:00:49.297+0000] {logging_mixin.py:188} INFO - [2026-09-18T14:00:49.296+0000] {dag.py:3947} INFO - Setting next_dagrun for customer_rfm to 2026-09-18 00:00:00+00:00, run_after=2026-09-19 00:00:00+00:00
[2026-09-18T14:00:49.310+0000] {processor.py:183} INFO - Processing /opt/airflow/dags/dag_customer_rfm_dinda_c.py took 0.072 seconds
[2026-09-18T14:01:19.417+0000] {processor.py:161} INFO - Started process (PID=835) to work on /opt/airflow/dags/dag_customer_rfm_dinda_c.py
[2026-09-18T14:01:19.418+0000] {processor.py:830} INFO - Processing file /opt/airflow/dags/dag_customer_rfm_dinda_c.py for tasks to queue
[2026-09-18T14:01:19.420+0000] {logging_mixin.py:188} INFO - [2026-09-18T14:01:19.419+0000] {dagbag.py:545} INFO - Filling up the DagBag from /opt/airflow/dags/dag_customer_rfm_dinda_c.py
[2026-09-18T14:01:19.432+0000] {processor.py:840} INFO - DAG(s) 'customer_rfm' retrieved from /opt/airflow/dags/dag_customer_rfm_dinda_c.py
[2026-09-18T14:01:19.455+0000] {logging_mixin.py:188} INFO - [2026-09-18T14:01:19.455+0000] {dag.py:3089} INFO - Sync 1 DAGs
[2026-09-18T14:01:19.473+0000] {logging_mixin.py:188} INFO - [2026-09-18T14:01:19.473+0000] {dag.py:3947} INFO - Setting next_dagrun for customer_rfm to 2026-09-18 00:00:00+00:00, run_after=2026-09-19 00:00:00+00:00
[2026-09-18T14:01:19.612+0000] {processor.py:183} INFO - Processing /opt/airflow/dags/dag_customer_rfm_dinda_c.py took 0.199 seconds
[2026-09-18T14:01:49.757+0000] {processor.py:161} INFO - Started process (PID=840) to work on /opt/airflow/dags/dag_customer_rfm_dinda_c.py
[2026-09-18T14:01:49.758+0000] {processor.py:830} INFO - Processing file /opt/airflow/dags/dag_customer_rfm_dinda_c.py for tasks to queue
[2026-09-18T14:01:49.760+0000] {logging_mixin.py:188} INFO - [2026-09-18T14:01:49.760+0000] {dagbag.py:545} INFO - Filling up the DagBag from /opt/airflow/dags/dag_customer_rfm_dinda_c.py
[2026-09-18T14:01:49.773+0000] {processor.py:840} INFO - DAG(s) 'customer_rfm' retrieved from /opt/airflow/dags/dag_customer_rfm_dinda_c.py
[2026-09-18T14:01:49.798+0000] {logging_mixin.py:188} INFO - [2026-09-18T14:01:49.798+0000] {dag.py:3089} INFO - Sync 1 DAGs
[2026-09-18T14:01:49.815+0000] {logging_mixin.py:188} INFO - [2026-09-18T14:01:49.814+0000] {dag.py:3947} INFO - Setting next_dagrun for customer_rfm to 2026-09-18 00:00:00+00:00, run_after=2026-09-19 00:00:00+00:00
[2026-09-18T14:01:49.829+0000] {processor.py:183} INFO - Processing /opt/airflow/dags/dag_customer_rfm_dinda_c.py took 0.077 seconds
[2026-09-18T14:02:19.927+0000] {processor.py:161} INFO - Started process (PID=845) to work on /opt/airflow/dags/dag_customer_rfm_dinda_c.py
[2026-09-18T14:02:19.928+0000] {processor.py:830} INFO - Processing file /opt/airflow/dags/dag_customer_rfm_dinda_c.py for tasks to queue
[2026-09-18T14:02:19.930+0000] {logging_mixin.py:188} INFO - [2026-09-18T14:02:19.930+0000] {dagbag.py:545} INFO - Filling up the DagBag from /opt/airflow/dags/dag_customer_rfm_dinda_c.py
[2026-09-18T14:02:19.942+0000] {processor.py:840} INFO - DAG(s) 'customer_rfm' retrieved from /opt/airflow/dags/dag_customer_rfm_dinda_c.py
[2026-09-18T14:02:19.964+0000] {logging_mixin.py:188} INFO - [2026-09-18T14:02:19.963+0000] {dag.py:3089} INFO - Sync 1 DAGs
[2026-09-18T14:02:19.979+0000] {logging_mixin.py:188} INFO - [2026-09-18T14:02:19.979+0000] {dag.py:3947} INFO - Setting next_dagrun for customer_rfm to 2026-09-18 00:00:00+00:00, run_after=2026-09-19 00:00:00+00:00
[2026-09-18T14:02:19.994+0000] {processor.py:183} INFO - Processing /opt/airflow/dags/dag_customer_rfm_dinda_c.py took 0.071 seconds
[2026-09-18T14:02:50.192+0000] {processor.py:161} INFO - Started process (PID=850) to work on /opt/airflow/dags/dag_customer_rfm_dinda_c.py
[2026-09-18T14:02:50.193+0000] {processor.py:830} INFO - Processing file /opt/airflow/dags/dag_customer_rfm_dinda_c.py for tasks to queue
[2026-09-18T14:02:50.194+0000] {logging_mixin.py:188} INFO - [2026-09-18T14:02:50.194+0000] {dagbag.py:545} INFO - Filling up the DagBag from /opt/airflow/dags/dag_customer_rfm_dinda_c.py
[2026-09-18T14:02:50.207+0000] {processor.py:840} INFO - DAG(s) 'customer_rfm' retrieved from /opt/airflow/dags/dag_customer_rfm_dinda_c.py
[2026-09-18T14:02:50.229+0000] {logging_mixin.py:188} INFO - [2026-09-18T14:02:50.229+0000] {dag.py:3089} INFO - Sync 1 DAGs
[2026-09-18T14:02:50.246+0000] {logging_mixin.py:188} INFO - [2026-09-18T14:02:50.245+0000] {dag.py:3947} INFO - Setting next_dagrun for customer_rfm to 2026-09-18 00:00:00+00:00, run_after=2026-09-19 00:00:00+00:00
[2026-09-18T14:02:50.260+0000] {processor.py:183} INFO - Processing /opt/airflow/dags/dag_customer_rfm_dinda_c.py took 0.072 seconds
[2026-09-18T14:03:20.354+0000] {processor.py:161} INFO - Started process (PID=855) to work on /opt/airflow/dags/dag_customer_rfm_dinda_c.py
[2026-09-18T14:03:20.356+0000] {processor.py:830} INFO - Processing file /opt/airflow/dags/dag_customer_rfm_dinda_c.py for tasks to queue
[2026-09-18T14:03:20.357+0000] {logging_mixin.py:188} INFO - [2026-09-18T14:03:20.357+0000] {dagbag.py:545} INFO - Filling up the DagBag from /opt/airflow/dags/dag_customer_rfm_dinda_c.py
[2026-09-18T14:03:20.369+0000] {processor.py:840} INFO - DAG(s) 'customer_rfm' retrieved from /opt/airflow/dags/dag_customer_rfm_dinda_c.py
[2026-09-18T14:03:20.393+0000] {logging_mixin.py:188} INFO - [2026-09-18T14:03:20.393+0000] {dag.py:3089} INFO - Sync 1 DAGs
[2026-09-18T14:03:20.412+0000] {logging_mixin.py:188} INFO - [2026-09-18T14:03:20.412+0000] {dag.py:3947} INFO - Setting next_dagrun for customer_rfm to 2026-09-18 00:00:00+00:00, run_after=2026-09-19 00:00:00+00:00
[2026-09-18T14:03:20.431+0000] {processor.py:183} INFO - Processing /opt/airflow/dags/dag_customer_rfm_dinda_c.py took 0.081 seconds
[2026-09-18T14:03:50.563+0000] {processor.py:161} INFO - Started process (PID=860) to work on /opt/airflow/dags/dag_customer_rfm_dinda_c.py
[2026-09-18T14:03:50.563+0000] {processor.py:830} INFO - Processing file /opt/airflow/dags/dag_customer_rfm_dinda_c.py for tasks to queue
[2026-09-18T14:03:50.565+0000] {logging_mixin.py:188} INFO - [2026-09-18T14:03:50.565+0000] {dagbag.py:545} INFO - Filling up the DagBag from /opt/airflow/dags/dag_customer_rfm_dinda_c.py
[2026-09-18T14:03:50.579+0000] {processor.py:840} INFO - DAG(s) 'customer_rfm' retrieved from /opt/airflow/dags/dag_customer_rfm_dinda_c.py
[2026-09-18T14:03:50.602+0000] {logging_mixin.py:188} INFO - [2026-09-18T14:03:50.601+0000] {dag.py:3089} INFO - Sync 1 DAGs
[2026-09-18T14:03:50.622+0000] {logging_mixin.py:188} INFO - [2026-09-18T14:03:50.622+0000] {dag.py:3947} INFO - Setting next_dagrun for customer_rfm to 2026-09-18 00:00:00+00:00, run_after=2026-09-19 00:00:00+00:00
[2026-09-18T14:03:50.638+0000] {processor.py:183} INFO - Processing /opt/airflow/dags/dag_customer_rfm_dinda_c.py took 0.079 seconds
[2026-09-18T14:04:20.718+0000] {processor.py:161} INFO - Started process (PID=865) to work on /opt/airflow/dags/dag_customer_rfm_dinda_c.py
[2026-09-18T14:04:20.719+0000] {processor.py:830} INFO - Processing file /opt/airflow/dags/dag_customer_rfm_dinda_c.py for tasks to queue
[2026-09-18T14:04:20.720+0000] {logging_mixin.py:188} INFO - [2026-09-18T14:04:20.720+0000] {dagbag.py:545} INFO - Filling up the DagBag from /opt/airflow/dags/dag_customer_rfm_dinda_c.py
[2026-09-18T14:04:20.732+0000] {processor.py:840} INFO - DAG(s) 'customer_rfm' retrieved from /opt/airflow/dags/dag_customer_rfm_dinda_c.py
[2026-09-18T14:04:20.756+0000] {logging_mixin.py:188} INFO - [2026-09-18T14:04:20.756+0000] {dag.py:3089} INFO - Sync 1 DAGs
[2026-09-18T14:04:20.772+0000] {logging_mixin.py:188} INFO - [2026-09-18T14:04:20.772+0000] {dag.py:3947} INFO - Setting next_dagrun for customer_rfm to 2026-09-18 00:00:00+00:00, run_after=2026-09-19 00:00:00+00:00
[2026-09-18T14:04:20.790+0000] {processor.py:183} INFO - Processing /opt/airflow/dags/dag_customer_rfm_dinda_c.py took 0.076 seconds
[2026-09-18T14:04:50.928+0000] {processor.py:161} INFO - Started process (PID=870) to work on /opt/airflow/dags/dag_customer_rfm_dinda_c.py
[2026-09-18T14:04:50.929+0000] {processor.py:830} INFO - Processing file /opt/airflow/dags/dag_customer_rfm_dinda_c.py for tasks to queue
[2026-09-18T14:04:50.931+0000] {logging_mixin.py:188} INFO - [2026-09-18T14:04:50.930+0000] {dagbag.py:545} INFO - Filling up the DagBag from /opt/airflow/dags/dag_customer_rfm_dinda_c.py
[2026-09-18T14:04:50.942+0000] {processor.py:840} INFO - DAG(s) 'customer_rfm' retrieved from /opt/airflow/dags/dag_customer_rfm_dinda_c.py
[2026-09-18T14:04:50.966+0000] {logging_mixin.py:188} INFO - [2026-09-18T14:04:50.966+0000] {dag.py:3089} INFO - Sync 1 DAGs
[2026-09-18T14:04:50.982+0000] {logging_mixin.py:188} INFO - [2026-09-18T14:04:50.982+0000] {dag.py:3947} INFO - Setting next_dagrun for customer_rfm to 2026-09-18 00:00:00+00:00, run_after=2026-09-19 00:00:00+00:00
[2026-09-18T14:04:50.995+0000] {processor.py:183} INFO - Processing /opt/airflow/dags/dag_customer_rfm_dinda_c.py took 0.070 seconds
[2026-09-18T14:05:21.088+0000] {processor.py:161} INFO - Started process (PID=875) to work on /opt/airflow/dags/dag_customer_rfm_dinda_c.py
[2026-09-18T14:05:21.089+0000] {processor.py:830} INFO - Processing file /opt/airflow/dags/dag_customer_rfm_dinda_c.py for tasks to queue
[2026-09-18T14:05:21.090+0000] {logging_mixin.py:188} INFO - [2026-09-18T14:05:21.090+0000] {dagbag.py:545} INFO - Filling up the DagBag from /opt/airflow/dags/dag_customer_rfm_dinda_c.py
[2026-09-18T14:05:21.103+0000] {processor.py:840} INFO - DAG(s) 'customer_rfm' retrieved from /opt/airflow/dags/dag_customer_rfm_dinda_c.py
[2026-09-18T14:05:21.127+0000] {logging_mixin.py:188} INFO - [2026-09-18T14:05:21.127+0000] {dag.py:3089} INFO - Sync 1 DAGs
[2026-09-18T14:05:21.143+0000] {logging_mixin.py:188} INFO - [2026-09-18T14:05:21.143+0000] {dag.py:3947} INFO - Setting next_dagrun for customer_rfm to 2026-09-18 00:00:00+00:00, run_after=2026-09-19 00:00:00+00:00
[2026-09-18T14:05:21.159+0000] {processor.py:183} INFO - Processing /opt/airflow/dags/dag_customer_rfm_dinda_c.py took 0.075 seconds
[2026-09-18T14:05:51.297+0000] {processor.py:161} INFO - Started process (PID=880) to work on /opt/airflow/dags/dag_customer_rfm_dinda_c.py
[2026-09-18T14:05:51.298+0000] {processor.py:830} INFO - Processing file /opt/airflow/dags/dag_customer_rfm_dinda_c.py for tasks to queue
[2026-09-18T14:05:51.299+0000] {logging_mixin.py:188} INFO - [2026-09-18T14:05:51.299+0000] {dagbag.py:545} INFO - Filling up the DagBag from /opt/airflow/dags/dag_customer_rfm_dinda_c.py
[2026-09-18T14:05:51.314+0000] {processor.py:840} INFO - DAG(s) 'customer_rfm' retrieved from /opt/airflow/dags/dag_customer_rfm_dinda_c.py
[2026-09-18T14:05:51.337+0000] {logging_mixin.py:188} INFO - [2026-09-18T14:05:51.337+0000] {dag.py:3089} INFO - Sync 1 DAGs
[2026-09-18T14:05:51.357+0000] {logging_mixin.py:188} INFO - [2026-09-18T14:05:51.357+0000] {dag.py:3947} INFO - Setting next_dagrun for customer_rfm to 2026-09-18 00:00:00+00:00, run_after=2026-09-19 00:00:00+00:00
[2026-09-18T14:05:51.482+0000] {processor.py:183} INFO - Processing /opt/airflow/dags/dag_customer_rfm_dinda_c.py took 0.188 seconds
[2026-09-18T14:06:21.545+0000] {processor.py:161} INFO - Started process (PID=885) to work on /opt/airflow/dags/dag_customer_rfm_dinda_c.py
[2026-09-18T14:06:21.547+0000] {processor.py:830} INFO - Processing file /opt/airflow/dags/dag_customer_rfm_dinda_c.py for tasks to queue
[2026-09-18T14:06:21.550+0000] {logging_mixin.py:188} INFO - [2026-09-18T14:06:21.549+0000] {dagbag.py:545} INFO - Filling up the DagBag from /opt/airflow/dags/dag_customer_rfm_dinda_c.py
[2026-09-18T14:06:21.564+0000] {processor.py:840} INFO - DAG(s) 'customer_rfm' retrieved from /opt/airflow/dags/dag_customer_rfm_dinda_c.py
[2026-09-18T14:06:21.590+0000] {logging_mixin.py:188} INFO - [2026-09-18T14:06:21.589+0000] {dag.py:3089} INFO - Sync 1 DAGs
[2026-09-18T14:06:21.606+0000] {logging_mixin.py:188} INFO - [2026-09-18T14:06:21.606+0000] {dag.py:3947} INFO - Setting next_dagrun for customer_rfm to 2026-09-18 00:00:00+00:00, run_after=2026-09-19 00:00:00+00:00
[2026-09-18T14:06:21.621+0000] {processor.py:183} INFO - Processing /opt/airflow/dags/dag_customer_rfm_dinda_c.py took 0.082 seconds
[2026-09-18T14:06:51.712+0000] {processor.py:161} INFO - Started process (PID=890) to work on /opt/airflow/dags/dag_customer_rfm_dinda_c.py
[2026-09-18T14:06:51.713+0000] {processor.py:830} INFO - Processing file /opt/airflow/dags/dag_customer_rfm_dinda_c.py for tasks to queue
[2026-09-18T14:06:51.715+0000] {logging_mixin.py:188} INFO - [2026-09-18T14:06:51.714+0000] {dagbag.py:545} INFO - Filling up the DagBag from /opt/airflow/dags/dag_customer_rfm_dinda_c.py
[2026-09-18T14:06:51.727+0000] {processor.py:840} INFO - DAG(s) 'customer_rfm' retrieved from /opt/airflow/dags/dag_customer_rfm_dinda_c.py
[2026-09-18T14:06:51.751+0000] {logging_mixin.py:188} INFO - [2026-09-18T14:06:51.751+0000] {dag.py:3089} INFO - Sync 1 DAGs
[2026-09-18T14:06:51.768+0000] {logging_mixin.py:188} INFO - [2026-09-18T14:06:51.768+0000] {dag.py:3947} INFO - Setting next_dagrun for customer_rfm to 2026-09-18 00:00:00+00:00, run_after=2026-09-19 00:00:00+00:00
[2026-09-18T14:06:51.784+0000] {processor.py:183} INFO - Processing /opt/airflow/dags/dag_customer_rfm_dinda_c.py took 0.078 seconds
[2026-09-18T14:07:21.963+0000] {processor.py:161} INFO - Started process (PID=895) to work on /opt/airflow/dags/dag_customer_rfm_dinda_c.py
[2026-09-18T14:07:21.963+0000] {processor.py:830} INFO - Processing file /opt/airflow/dags/dag_customer_rfm_dinda_c.py for tasks to queue
[2026-09-18T14:07:21.965+0000] {logging_mixin.py:188} INFO - [2026-09-18T14:07:21.965+0000] {dagbag.py:545} INFO - Filling up the DagBag from /opt/airflow/dags/dag_customer_rfm_dinda_c.py
[2026-09-18T14:07:21.979+0000] {processor.py:840} INFO - DAG(s) 'customer_rfm' retrieved from /opt/airflow/dags/dag_customer_rfm_dinda_c.py
[2026-09-18T14:07:22.002+0000] {logging_mixin.py:188} INFO - [2026-09-18T14:07:22.002+0000] {dag.py:3089} INFO - Sync 1 DAGs
[2026-09-18T14:07:22.020+0000] {logging_mixin.py:188} INFO - [2026-09-18T14:07:22.020+0000] {dag.py:3947} INFO - Setting next_dagrun for customer_rfm to 2026-09-18 00:00:00+00:00, run_after=2026-09-19 00:00:00+00:00
[2026-09-18T14:07:22.036+0000] {processor.py:183} INFO - Processing /opt/airflow/dags/dag_customer_rfm_dinda_c.py took 0.078 seconds
[2026-09-18T14:07:52.122+0000] {processor.py:161} INFO - Started process (PID=900) to work on /opt/airflow/dags/dag_customer_rfm_dinda_c.py
[2026-09-18T14:07:52.123+0000] {processor.py:830} INFO - Processing file /opt/airflow/dags/dag_customer_rfm_dinda_c.py for tasks to queue
[2026-09-18T14:07:52.124+0000] {logging_mixin.py:188} INFO - [2026-09-18T14:07:52.124+0000] {dagbag.py:545} INFO - Filling up the DagBag from /opt/airflow/dags/dag_customer_rfm_dinda_c.py
[2026-09-18T14:07:52.136+0000] {processor.py:840} INFO - DAG(s) 'customer_rfm' retrieved from /opt/airflow/dags/dag_customer_rfm_dinda_c.py
[2026-09-18T14:07:52.162+0000] {logging_mixin.py:188} INFO - [2026-09-18T14:07:52.162+0000] {dag.py:3089} INFO - Sync 1 DAGs
[2026-09-18T14:07:52.179+0000] {logging_mixin.py:188} INFO - [2026-09-18T14:07:52.178+0000] {dag.py:3947} INFO - Setting next_dagrun for customer_rfm to 2026-09-18 00:00:00+00:00, run_after=2026-09-19 00:00:00+00:00
[2026-09-18T14:07:52.315+0000] {processor.py:183} INFO - Processing /opt/airflow/dags/dag_customer_rfm_dinda_c.py took 0.197 seconds
[2026-09-18T14:08:22.475+0000] {processor.py:161} INFO - Started process (PID=905) to work on /opt/airflow/dags/dag_customer_rfm_dinda_c.py
[2026-09-18T14:08:22.476+0000] {processor.py:830} INFO - Processing file /opt/airflow/dags/dag_customer_rfm_dinda_c.py for tasks to queue
[2026-09-18T14:08:22.479+0000] {logging_mixin.py:188} INFO - [2026-09-18T14:08:22.479+0000] {dagbag.py:545} INFO - Filling up the DagBag from /opt/airflow/dags/dag_customer_rfm_dinda_c.py
[2026-09-18T14:08:22.494+0000] {processor.py:840} INFO - DAG(s) 'customer_rfm' retrieved from /opt/airflow/dags/dag_customer_rfm_dinda_c.py
[2026-09-18T14:08:22.519+0000] {logging_mixin.py:188} INFO - [2026-09-18T14:08:22.519+0000] {dag.py:3089} INFO - Sync 1 DAGs
[2026-09-18T14:08:22.537+0000] {logging_mixin.py:188} INFO - [2026-09-18T14:08:22.537+0000] {dag.py:3947} INFO - Setting next_dagrun for customer_rfm to 2026-09-18 00:00:00+00:00, run_after=2026-09-19 00:00:00+00:00
[2026-09-18T14:08:22.551+0000] {processor.py:183} INFO - Processing /opt/airflow/dags/dag_customer_rfm_dinda_c.py took 0.080 seconds
[2026-09-18T14:08:52.631+0000] {processor.py:161} INFO - Started process (PID=910) to work on /opt/airflow/dags/dag_customer_rfm_dinda_c.py
[2026-09-18T14:08:52.631+0000] {processor.py:830} INFO - Processing file /opt/airflow/dags/dag_customer_rfm_dinda_c.py for tasks to queue
[2026-09-18T14:08:52.633+0000] {logging_mixin.py:188} INFO - [2026-09-18T14:08:52.632+0000] {dagbag.py:545} INFO - Filling up the DagBag from /opt/airflow/dags/dag_customer_rfm_dinda_c.py
[2026-09-18T14:08:52.646+0000] {processor.py:840} INFO - DAG(s) 'customer_rfm' retrieved from /opt/airflow/dags/dag_customer_rfm_dinda_c.py
[2026-09-18T14:08:52.669+0000] {logging_mixin.py:188} INFO - [2026-09-18T14:08:52.669+0000] {dag.py:3089} INFO - Sync 1 DAGs
[2026-09-18T14:08:52.687+0000] {logging_mixin.py:188} INFO - [2026-09-18T14:08:52.686+0000] {dag.py:3947} INFO - Setting next_dagrun for customer_rfm to 2026-09-18 00:00:00+00:00, run_after=2026-09-19 00:00:00+00:00
[2026-09-18T14:08:52.702+0000] {processor.py:183} INFO - Processing /opt/airflow/dags/dag_customer_rfm_dinda_c.py took 0.075 seconds
[2026-09-18T14:09:22.878+0000] {processor.py:161} INFO - Started process (PID=915) to work on /opt/airflow/dags/dag_customer_rfm_dinda_c.py
[2026-09-18T14:09:22.879+0000] {processor.py:830} INFO - Processing file /opt/airflow/dags/dag_customer_rfm_dinda_c.py for tasks to queue
[2026-09-18T14:09:22.881+0000] {logging_mixin.py:188} INFO - [2026-09-18T14:09:22.880+0000] {dagbag.py:545} INFO - Filling up the DagBag from /opt/airflow/dags/dag_customer_rfm_dinda_c.py
[2026-09-18T14:09:22.897+0000] {processor.py:840} INFO - DAG(s) 'customer_rfm' retrieved from /opt/airflow/dags/dag_customer_rfm_dinda_c.py
[2026-09-18T14:09:22.922+0000] {logging_mixin.py:188} INFO - [2026-09-18T14:09:22.922+0000] {dag.py:3089} INFO - Sync 1 DAGs
[2026-09-18T14:09:22.939+0000] {logging_mixin.py:188} INFO - [2026-09-18T14:09:22.939+0000] {dag.py:3947} INFO - Setting next_dagrun for customer_rfm to 2026-09-18 00:00:00+00:00, run_after=2026-09-19 00:00:00+00:00
[2026-09-18T14:09:22.958+0000] {processor.py:183} INFO - Processing /opt/airflow/dags/dag_customer_rfm_dinda_c.py took 0.083 seconds
[2026-09-18T14:09:53.034+0000] {processor.py:161} INFO - Started process (PID=920) to work on /opt/airflow/dags/dag_customer_rfm_dinda_c.py
[2026-09-18T14:09:53.035+0000] {processor.py:830} INFO - Processing file /opt/airflow/dags/dag_customer_rfm_dinda_c.py for tasks to queue
[2026-09-18T14:09:53.036+0000] {logging_mixin.py:188} INFO - [2026-09-18T14:09:53.036+0000] {dagbag.py:545} INFO - Filling up the DagBag from /opt/airflow/dags/dag_customer_rfm_dinda_c.py
[2026-09-18T14:09:53.048+0000] {processor.py:840} INFO - DAG(s) 'customer_rfm' retrieved from /opt/airflow/dags/dag_customer_rfm_dinda_c.py
[2026-09-18T14:09:53.070+0000] {logging_mixin.py:188} INFO - [2026-09-18T14:09:53.070+0000] {dag.py:3089} INFO - Sync 1 DAGs
[2026-09-18T14:09:53.086+0000] {logging_mixin.py:188} INFO - [2026-09-18T14:09:53.086+0000] {dag.py:3947} INFO - Setting next_dagrun for customer_rfm to 2026-09-18 00:00:00+00:00, run_after=2026-09-19 00:00:00+00:00
[2026-09-18T14:09:53.217+0000] {processor.py:183} INFO - Processing /opt/airflow/dags/dag_customer_rfm_dinda_c.py took 0.187 seconds
[2026-09-18T14:10:23.278+0000] {processor.py:161} INFO - Started process (PID=925) to work on /opt/airflow/dags/dag_customer_rfm_dinda_c.py
[2026-09-18T14:10:23.279+0000] {processor.py:830} INFO - Processing file /opt/airflow/dags/dag_customer_rfm_dinda_c.py for tasks to queue
[2026-09-18T14:10:23.281+0000] {logging_mixin.py:188} INFO - [2026-09-18T14:10:23.281+0000] {dagbag.py:545} INFO - Filling up the DagBag from /opt/airflow/dags/dag_customer_rfm_dinda_c.py
[2026-09-18T14:10:23.297+0000] {processor.py:840} INFO - DAG(s) 'customer_rfm' retrieved from /opt/airflow/dags/dag_customer_rfm_dinda_c.py
[2026-09-18T14:10:23.322+0000] {logging_mixin.py:188} INFO - [2026-09-18T14:10:23.322+0000] {dag.py:3089} INFO - Sync 1 DAGs
[2026-09-18T14:10:23.448+0000] {logging_mixin.py:188} INFO - [2026-09-18T14:10:23.448+0000] {dag.py:3947} INFO - Setting next_dagrun for customer_rfm to 2026-09-18 00:00:00+00:00, run_after=2026-09-19 00:00:00+00:00
[2026-09-18T14:10:23.462+0000] {processor.py:183} INFO - Processing /opt/airflow/dags/dag_customer_rfm_dinda_c.py took 0.188 seconds
[2026-09-18T14:10:53.534+0000] {processor.py:161} INFO - Started process (PID=930) to work on /opt/airflow/dags/dag_customer_rfm_dinda_c.py
[2026-09-18T14:10:53.535+0000] {processor.py:830} INFO - Processing file /opt/airflow/dags/dag_customer_rfm_dinda_c.py for tasks to queue
[2026-09-18T14:10:53.537+0000] {logging_mixin.py:188} INFO - [2026-09-18T14:10:53.536+0000] {dagbag.py:545} INFO - Filling up the DagBag from /opt/airflow/dags/dag_customer_rfm_dinda_c.py
[2026-09-18T14:10:53.551+0000] {processor.py:840} INFO - DAG(s) 'customer_rfm' retrieved from /opt/airflow/dags/dag_customer_rfm_dinda_c.py
[2026-09-18T14:10:53.578+0000] {logging_mixin.py:188} INFO - [2026-09-18T14:10:53.577+0000] {dag.py:3089} INFO - Sync 1 DAGs
[2026-09-18T14:10:53.593+0000] {logging_mixin.py:188} INFO - [2026-09-18T14:10:53.593+0000] {dag.py:3947} INFO - Setting next_dagrun for customer_rfm to 2026-09-18 00:00:00+00:00, run_after=2026-09-19 00:00:00+00:00
[2026-09-18T14:10:53.605+0000] {processor.py:183} INFO - Processing /opt/airflow/dags/dag_customer_rfm_dinda_c.py took 0.075 seconds
[2026-09-18T14:11:23.773+0000] {processor.py:161} INFO - Started process (PID=935) to work on /opt/airflow/dags/dag_customer_rfm_dinda_c.py
[2026-09-18T14:11:23.773+0000] {processor.py:830} INFO - Processing file /opt/airflow/dags/dag_customer_rfm_dinda_c.py for tasks to queue
[2026-09-18T14:11:23.775+0000] {logging_mixin.py:188} INFO - [2026-09-18T14:11:23.775+0000] {dagbag.py:545} INFO - Filling up the DagBag from /opt/airflow/dags/dag_customer_rfm_dinda_c.py
[2026-09-18T14:11:23.788+0000] {processor.py:840} INFO - DAG(s) 'customer_rfm' retrieved from /opt/airflow/dags/dag_customer_rfm_dinda_c.py
[2026-09-18T14:11:23.811+0000] {logging_mixin.py:188} INFO - [2026-09-18T14:11:23.811+0000] {dag.py:3089} INFO - Sync 1 DAGs
[2026-09-18T14:11:23.831+0000] {logging_mixin.py:188} INFO - [2026-09-18T14:11:23.831+0000] {dag.py:3947} INFO - Setting next_dagrun for customer_rfm to 2026-09-18 00:00:00+00:00, run_after=2026-09-19 00:00:00+00:00
[2026-09-18T14:11:23.845+0000] {processor.py:183} INFO - Processing /opt/airflow/dags/dag_customer_rfm_dinda_c.py took 0.076 seconds
[2026-09-18T14:11:53.954+0000] {processor.py:161} INFO - Started process (PID=940) to work on /opt/airflow/dags/dag_customer_rfm_dinda_c.py
[2026-09-18T14:11:53.954+0000] {processor.py:830} INFO - Processing file /opt/airflow/dags/dag_customer_rfm_dinda_c.py for tasks to queue
[2026-09-18T14:11:53.956+0000] {logging_mixin.py:188} INFO - [2026-09-18T14:11:53.956+0000] {dagbag.py:545} INFO - Filling up the DagBag from /opt/airflow/dags/dag_customer_rfm_dinda_c.py
[2026-09-18T14:11:53.968+0000] {processor.py:840} INFO - DAG(s) 'customer_rfm' retrieved from /opt/airflow/dags/dag_customer_rfm_dinda_c.py
[2026-09-18T14:11:53.993+0000] {logging_mixin.py:188} INFO - [2026-09-18T14:11:53.993+0000] {dag.py:3089} INFO - Sync 1 DAGs
[2026-09-18T14:11:54.013+0000] {logging_mixin.py:188} INFO - [2026-09-18T14:11:54.013+0000] {dag.py:3947} INFO - Setting next_dagrun for customer_rfm to 2026-09-18 00:00:00+00:00, run_after=2026-09-19 00:00:00+00:00
[2026-09-18T14:11:54.031+0000] {processor.py:183} INFO - Processing /opt/airflow/dags/dag_customer_rfm_dinda_c.py took 0.083 seconds
[2026-09-18T14:12:24.173+0000] {processor.py:161} INFO - Started process (PID=945) to work on /opt/airflow/dags/dag_customer_rfm_dinda_c.py
[2026-09-18T14:12:24.174+0000] {processor.py:830} INFO - Processing file /opt/airflow/dags/dag_customer_rfm_dinda_c.py for tasks to queue
[2026-09-18T14:12:24.175+0000] {logging_mixin.py:188} INFO - [2026-09-18T14:12:24.175+0000] {dagbag.py:545} INFO - Filling up the DagBag from /opt/airflow/dags/dag_customer_rfm_dinda_c.py
[2026-09-18T14:12:24.187+0000] {processor.py:840} INFO - DAG(s) 'customer_rfm' retrieved from /opt/airflow/dags/dag_customer_rfm_dinda_c.py
[2026-09-18T14:12:24.210+0000] {logging_mixin.py:188} INFO - [2026-09-18T14:12:24.209+0000] {dag.py:3089} INFO - Sync 1 DAGs
[2026-09-18T14:12:24.330+0000] {logging_mixin.py:188} INFO - [2026-09-18T14:12:24.330+0000] {dag.py:3947} INFO - Setting next_dagrun for customer_rfm to 2026-09-18 00:00:00+00:00, run_after=2026-09-19 00:00:00+00:00
[2026-09-18T14:12:24.343+0000] {processor.py:183} INFO - Processing /opt/airflow/dags/dag_customer_rfm_dinda_c.py took 0.175 seconds
[2026-09-18T14:12:54.516+0000] {processor.py:161} INFO - Started process (PID=950) to work on /opt/airflow/dags/dag_customer_rfm_dinda_c.py
[2026-09-18T14:12:54.517+0000] {processor.py:830} INFO - Processing file /opt/airflow/dags/dag_customer_rfm_dinda_c.py for tasks to queue
[2026-09-18T14:12:54.519+0000] {logging_mixin.py:188} INFO - [2026-09-18T14:12:54.519+0000] {dagbag.py:545} INFO - Filling up the DagBag from /opt/airflow/dags/dag_customer_rfm_dinda_c.py
[2026-09-18T14:12:54.538+0000] {processor.py:840} INFO - DAG(s) 'customer_rfm' retrieved from /opt/airflow/dags/dag_customer_rfm_dinda_c.py
[2026-09-18T14:12:54.560+0000] {logging_mixin.py:188} INFO - [2026-09-18T14:12:54.560+0000] {dag.py:3089} INFO - Sync 1 DAGs
[2026-09-18T14:12:54.580+0000] {logging_mixin.py:188} INFO - [2026-09-18T14:12:54.580+0000] {dag.py:3947} INFO - Setting next_dagrun for customer_rfm to 2026-09-18 00:00:00+00:00, run_after=2026-09-19 00:00:00+00:00
[2026-09-18T14:12:54.598+0000] {processor.py:183} INFO - Processing /opt/airflow/dags/dag_customer_rfm_dinda_c.py took 0.087 seconds
[2026-09-18T14:13:24.664+0000] {processor.py:161} INFO - Started process (PID=955) to work on /opt/airflow/dags/dag_customer_rfm_dinda_c.py
[2026-09-18T14:13:24.665+0000] {processor.py:830} INFO - Processing file /opt/airflow/dags/dag_customer_rfm_dinda_c.py for tasks to queue
[2026-09-18T14:13:24.666+0000] {logging_mixin.py:188} INFO - [2026-09-18T14:13:24.666+0000] {dagbag.py:545} INFO - Filling up the DagBag from /opt/airflow/dags/dag_customer_rfm_dinda_c.py
[2026-09-18T14:13:24.679+0000] {processor.py:840} INFO - DAG(s) 'customer_rfm' retrieved from /opt/airflow/dags/dag_customer_rfm_dinda_c.py
[2026-09-18T14:13:24.705+0000] {logging_mixin.py:188} INFO - [2026-09-18T14:13:24.704+0000] {dag.py:3089} INFO - Sync 1 DAGs
[2026-09-18T14:13:24.724+0000] {logging_mixin.py:188} INFO - [2026-09-18T14:13:24.723+0000] {dag.py:3947} INFO - Setting next_dagrun for customer_rfm to 2026-09-18 00:00:00+00:00, run_after=2026-09-19 00:00:00+00:00
[2026-09-18T14:13:24.741+0000] {processor.py:183} INFO - Processing /opt/airflow/dags/dag_customer_rfm_dinda_c.py took 0.081 seconds
[2026-09-18T14:13:54.909+0000] {processor.py:161} INFO - Started process (PID=960) to work on /opt/airflow/dags/dag_customer_rfm_dinda_c.py
[2026-09-18T14:13:54.909+0000] {processor.py:830} INFO - Processing file /opt/airflow/dags/dag_customer_rfm_dinda_c.py for tasks to queue
[2026-09-18T14:13:54.911+0000] {logging_mixin.py:188} INFO - [2026-09-18T14:13:54.910+0000] {dagbag.py:545} INFO - Filling up the DagBag from /opt/airflow/dags/dag_customer_rfm_dinda_c.py
[2026-09-18T14:13:54.922+0000] {processor.py:840} INFO - DAG(s) 'customer_rfm' retrieved from /opt/airflow/dags/dag_customer_rfm_dinda_c.py
[2026-09-18T14:13:54.946+0000] {logging_mixin.py:188} INFO - [2026-09-18T14:13:54.946+0000] {dag.py:3089} INFO - Sync 1 DAGs
[2026-09-18T14:13:54.963+0000] {logging_mixin.py:188} INFO - [2026-09-18T14:13:54.963+0000] {dag.py:3947} INFO - Setting next_dagrun for customer_rfm to 2026-09-18 00:00:00+00:00, run_after=2026-09-19 00:00:00+00:00
[2026-09-18T14:13:54.979+0000] {processor.py:183} INFO - Processing /opt/airflow/dags/dag_customer_rfm_dinda_c.py took 0.074 seconds
[2026-09-18T14:14:25.063+0000] {processor.py:161} INFO - Started process (PID=965) to work on /opt/airflow/dags/dag_customer_rfm_dinda_c.py
[2026-09-18T14:14:25.063+0000] {processor.py:830} INFO - Processing file /opt/airflow/dags/dag_customer_rfm_dinda_c.py for tasks to queue
[2026-09-18T14:14:25.065+0000] {logging_mixin.py:188} INFO - [2026-09-18T14:14:25.064+0000] {dagbag.py:545} INFO - Filling up the DagBag from /opt/airflow/dags/dag_customer_rfm_dinda_c.py
[2026-09-18T14:14:25.077+0000] {processor.py:840} INFO - DAG(s) 'customer_rfm' retrieved from /opt/airflow/dags/dag_customer_rfm_dinda_c.py
[2026-09-18T14:14:25.099+0000] {logging_mixin.py:188} INFO - [2026-09-18T14:14:25.098+0000] {dag.py:3089} INFO - Sync 1 DAGs
[2026-09-18T14:14:25.115+0000] {logging_mixin.py:188} INFO - [2026-09-18T14:14:25.115+0000] {dag.py:3947} INFO - Setting next_dagrun for customer_rfm to 2026-09-18 00:00:00+00:00, run_after=2026-09-19 00:00:00+00:00
[2026-09-18T14:14:25.226+0000] {processor.py:183} INFO - Processing /opt/airflow/dags/dag_customer_rfm_dinda_c.py took 0.168 seconds
[2026-09-18T14:14:55.280+0000] {processor.py:161} INFO - Started process (PID=970) to work on /opt/airflow/dags/dag_customer_rfm_dinda_c.py
[2026-09-18T14:14:55.281+0000] {processor.py:830} INFO - Processing file /opt/airflow/dags/dag_customer_rfm_dinda_c.py for tasks to queue
[2026-09-18T14:14:55.282+0000] {logging_mixin.py:188} INFO - [2026-09-18T14:14:55.282+0000] {dagbag.py:545} INFO - Filling up the DagBag from /opt/airflow/dags/dag_customer_rfm_dinda_c.py
[2026-09-18T14:14:55.295+0000] {processor.py:840} INFO - DAG(s) 'customer_rfm' retrieved from /opt/airflow/dags/dag_customer_rfm_dinda_c.py
[2026-09-18T14:14:55.319+0000] {logging_mixin.py:188} INFO - [2026-09-18T14:14:55.319+0000] {dag.py:3089} INFO - Sync 1 DAGs
[2026-09-18T14:14:55.444+0000] {logging_mixin.py:188} INFO - [2026-09-18T14:14:55.444+0000] {dag.py:3947} INFO - Setting next_dagrun for customer_rfm to 2026-09-18 00:00:00+00:00, run_after=2026-09-19 00:00:00+00:00
[2026-09-18T14:14:55.457+0000] {processor.py:183} INFO - Processing /opt/airflow/dags/dag_customer_rfm_dinda_c.py took 0.181 seconds
[2026-09-18T14:15:25.607+0000] {processor.py:161} INFO - Started process (PID=975) to work on /opt/airflow/dags/dag_customer_rfm_dinda_c.py
[2026-09-18T14:15:25.608+0000] {processor.py:830} INFO - Processing file /opt/airflow/dags/dag_customer_rfm_dinda_c.py for tasks to queue
[2026-09-18T14:15:25.609+0000] {logging_mixin.py:188} INFO - [2026-09-18T14:15:25.609+0000] {dagbag.py:545} INFO - Filling up the DagBag from /opt/airflow/dags/dag_customer_rfm_dinda_c.py
[2026-09-18T14:15:25.624+0000] {processor.py:840} INFO - DAG(s) 'customer_rfm' retrieved from /opt/airflow/dags/dag_customer_rfm_dinda_c.py
[2026-09-18T14:15:25.647+0000] {logging_mixin.py:188} INFO - [2026-09-18T14:15:25.647+0000] {dag.py:3089} INFO - Sync 1 DAGs
[2026-09-18T14:15:25.663+0000] {logging_mixin.py:188} INFO - [2026-09-18T14:15:25.663+0000] {dag.py:3947} INFO - Setting next_dagrun for customer_rfm to 2026-09-18 00:00:00+00:00, run_after=2026-09-19 00:00:00+00:00
[2026-09-18T14:15:25.677+0000] {processor.py:183} INFO - Processing /opt/airflow/dags/dag_customer_rfm_dinda_c.py took 0.074 seconds
[2026-09-18T14:15:55.829+0000] {processor.py:161} INFO - Started process (PID=980) to work on /opt/airflow/dags/dag_customer_rfm_dinda_c.py
[2026-09-18T14:15:55.830+0000] {processor.py:830} INFO - Processing file /opt/airflow/dags/dag_customer_rfm_dinda_c.py for tasks to queue
[2026-09-18T14:15:55.832+0000] {logging_mixin.py:188} INFO - [2026-09-18T14:15:55.832+0000] {dagbag.py:545} INFO - Filling up the DagBag from /opt/airflow/dags/dag_customer_rfm_dinda_c.py
[2026-09-18T14:15:55.844+0000] {processor.py:840} INFO - DAG(s) 'customer_rfm' retrieved from /opt/airflow/dags/dag_customer_rfm_dinda_c.py
[2026-09-18T14:15:55.867+0000] {logging_mixin.py:188} INFO - [2026-09-18T14:15:55.867+0000] {dag.py:3089} INFO - Sync 1 DAGs
[2026-09-18T14:15:55.887+0000] {logging_mixin.py:188} INFO - [2026-09-18T14:15:55.887+0000] {dag.py:3947} INFO - Setting next_dagrun for customer_rfm to 2026-09-18 00:00:00+00:00, run_after=2026-09-19 00:00:00+00:00
[2026-09-18T14:15:55.902+0000] {processor.py:183} INFO - Processing /opt/airflow/dags/dag_customer_rfm_dinda_c.py took 0.076 seconds
[2026-09-18T14:16:26.064+0000] {processor.py:161} INFO - Started process (PID=985) to work on /opt/airflow/dags/dag_customer_rfm_dinda_c.py
[2026-09-18T14:16:26.065+0000] {processor.py:830} INFO - Processing file /opt/airflow/dags/dag_customer_rfm_dinda_c.py for tasks to queue
[2026-09-18T14:16:26.066+0000] {logging_mixin.py:188} INFO - [2026-09-18T14:16:26.066+0000] {dagbag.py:545} INFO - Filling up the DagBag from /opt/airflow/dags/dag_customer_rfm_dinda_c.py
[2026-09-18T14:16:26.079+0000] {processor.py:840} INFO - DAG(s) 'customer_rfm' retrieved from /opt/airflow/dags/dag_customer_rfm_dinda_c.py
[2026-09-18T14:16:26.101+0000] {logging_mixin.py:188} INFO - [2026-09-18T14:16:26.101+0000] {dag.py:3089} INFO - Sync 1 DAGs
[2026-09-18T14:16:26.117+0000] {logging_mixin.py:188} INFO - [2026-09-18T14:16:26.117+0000] {dag.py:3947} INFO - Setting next_dagrun for customer_rfm to 2026-09-18 00:00:00+00:00, run_after=2026-09-19 00:00:00+00:00
[2026-09-18T14:16:26.232+0000] {processor.py:183} INFO - Processing /opt/airflow/dags/dag_customer_rfm_dinda_c.py took 0.171 seconds
[2026-09-18T14:16:56.269+0000] {processor.py:161} INFO - Started process (PID=990) to work on /opt/airflow/dags/dag_customer_rfm_dinda_c.py
[2026-09-18T14:16:56.270+0000] {processor.py:830} INFO - Processing file /opt/airflow/dags/dag_customer_rfm_dinda_c.py for tasks to queue
[2026-09-18T14:16:56.271+0000] {logging_mixin.py:188} INFO - [2026-09-18T14:16:56.271+0000] {dagbag.py:545} INFO - Filling up the DagBag from /opt/airflow/dags/dag_customer_rfm_dinda_c.py
[2026-09-18T14:16:56.283+0000] {processor.py:840} INFO - DAG(s) 'customer_rfm' retrieved from /opt/airflow/dags/dag_customer_rfm_dinda_c.py
[2026-09-18T14:16:56.305+0000] {logging_mixin.py:188} INFO - [2026-09-18T14:16:56.305+0000] {dag.py:3089} INFO - Sync 1 DAGs
[2026-09-18T14:16:56.428+0000] {logging_mixin.py:188} INFO - [2026-09-18T14:16:56.428+0000] {dag.py:3947} INFO - Setting next_dagrun for customer_rfm to 2026-09-18 00:00:00+00:00, run_after=2026-09-19 00:00:00+00:00
[2026-09-18T14:16:56.441+0000] {processor.py:183} INFO - Processing /opt/airflow/dags/dag_customer_rfm_dinda_c.py took 0.175 seconds
[2026-09-18T14:17:26.557+0000] {processor.py:161} INFO - Started process (PID=995) to work on /opt/airflow/dags/dag_customer_rfm_dinda_c.py
[2026-09-18T14:17:26.558+0000] {processor.py:830} INFO - Processing file /opt/airflow/dags/dag_customer_rfm_dinda_c.py for tasks to queue
[2026-09-18T14:17:26.559+0000] {logging_mixin.py:188} INFO - [2026-09-18T14:17:26.559+0000] {dagbag.py:545} INFO - Filling up the DagBag from /opt/airflow/dags/dag_customer_rfm_dinda_c.py
[2026-09-18T14:17:26.570+0000] {processor.py:840} INFO - DAG(s) 'customer_rfm' retrieved from /opt/airflow/dags/dag_customer_rfm_dinda_c.py
[2026-09-18T14:17:26.691+0000] {logging_mixin.py:188} INFO - [2026-09-18T14:17:26.691+0000] {dag.py:3089} INFO - Sync 1 DAGs
[2026-09-18T14:17:26.704+0000] {logging_mixin.py:188} INFO - [2026-09-18T14:17:26.704+0000] {dag.py:3947} INFO - Setting next_dagrun for customer_rfm to 2026-09-18 00:00:00+00:00, run_after=2026-09-19 00:00:00+00:00
[2026-09-18T14:17:26.716+0000] {processor.py:183} INFO - Processing /opt/airflow/dags/dag_customer_rfm_dinda_c.py took 0.163 seconds
[2026-09-18T14:17:56.780+0000] {processor.py:161} INFO - Started process (PID=1000) to work on /opt/airflow/dags/dag_customer_rfm_dinda_c.py
[2026-09-18T14:17:56.781+0000] {processor.py:830} INFO - Processing file /opt/airflow/dags/dag_customer_rfm_dinda_c.py for tasks to queue
[2026-09-18T14:17:56.782+0000] {logging_mixin.py:188} INFO - [2026-09-18T14:17:56.782+0000] {dagbag.py:545} INFO - Filling up the DagBag from /opt/airflow/dags/dag_customer_rfm_dinda_c.py
[2026-09-18T14:17:56.794+0000] {processor.py:840} INFO - DAG(s) 'customer_rfm' retrieved from /opt/airflow/dags/dag_customer_rfm_dinda_c.py
[2026-09-18T14:17:56.817+0000] {logging_mixin.py:188} INFO - [2026-09-18T14:17:56.817+0000] {dag.py:3089} INFO - Sync 1 DAGs
[2026-09-18T14:17:56.832+0000] {logging_mixin.py:188} INFO - [2026-09-18T14:17:56.832+0000] {dag.py:3947} INFO - Setting next_dagrun for customer_rfm to 2026-09-18 00:00:00+00:00, run_after=2026-09-19 00:00:00+00:00
[2026-09-18T14:17:56.847+0000] {processor.py:183} INFO - Processing /opt/airflow/dags/dag_customer_rfm_dinda_c.py took 0.070 seconds
[2026-09-18T14:18:26.962+0000] {processor.py:161} INFO - Started process (PID=1005) to work on /opt/airflow/dags/dag_customer_rfm_dinda_c.py
[2026-09-18T14:18:26.963+0000] {processor.py:830} INFO - Processing file /opt/airflow/dags/dag_customer_rfm_dinda_c.py for tasks to queue
[2026-09-18T14:18:26.964+0000] {logging_mixin.py:188} INFO - [2026-09-18T14:18:26.964+0000] {dagbag.py:545} INFO - Filling up the DagBag from /opt/airflow/dags/dag_customer_rfm_dinda_c.py
[2026-09-18T14:18:26.978+0000] {processor.py:840} INFO - DAG(s) 'customer_rfm' retrieved from /opt/airflow/dags/dag_customer_rfm_dinda_c.py
[2026-09-18T14:18:27.001+0000] {logging_mixin.py:188} INFO - [2026-09-18T14:18:27.001+0000] {dag.py:3089} INFO - Sync 1 DAGs
[2026-09-18T14:18:27.019+0000] {logging_mixin.py:188} INFO - [2026-09-18T14:18:27.018+0000] {dag.py:3947} INFO - Setting next_dagrun for customer_rfm to 2026-09-18 00:00:00+00:00, run_after=2026-09-19 00:00:00+00:00
[2026-09-18T14:18:27.037+0000] {processor.py:183} INFO - Processing /opt/airflow/dags/dag_customer_rfm_dinda_c.py took 0.075 seconds
[2026-09-18T14:18:57.181+0000] {processor.py:161} INFO - Started process (PID=1010) to work on /opt/airflow/dags/dag_customer_rfm_dinda_c.py
[2026-09-18T14:18:57.182+0000] {processor.py:830} INFO - Processing file /opt/airflow/dags/dag_customer_rfm_dinda_c.py for tasks to queue
[2026-09-18T14:18:57.183+0000] {logging_mixin.py:188} INFO - [2026-09-18T14:18:57.183+0000] {dagbag.py:545} INFO - Filling up the DagBag from /opt/airflow/dags/dag_customer_rfm_dinda_c.py
[2026-09-18T14:18:57.196+0000] {processor.py:840} INFO - DAG(s) 'customer_rfm' retrieved from /opt/airflow/dags/dag_customer_rfm_dinda_c.py
[2026-09-18T14:18:57.219+0000] {logging_mixin.py:188} INFO - [2026-09-18T14:18:57.219+0000] {dag.py:3089} INFO - Sync 1 DAGs
[2026-09-18T14:18:57.349+0000] {logging_mixin.py:188} INFO - [2026-09-18T14:18:57.349+0000] {dag.py:3947} INFO - Setting next_dagrun for customer_rfm to 2026-09-18 00:00:00+00:00, run_after=2026-09-19 00:00:00+00:00
[2026-09-18T14:18:57.362+0000] {processor.py:183} INFO - Processing /opt/airflow/dags/dag_customer_rfm_dinda_c.py took 0.185 seconds
[2026-09-18T14:19:27.540+0000] {processor.py:161} INFO - Started process (PID=1015) to work on /opt/airflow/dags/dag_customer_rfm_dinda_c.py
[2026-09-18T14:19:27.541+0000] {processor.py:830} INFO - Processing file /opt/airflow/dags/dag_customer_rfm_dinda_c.py for tasks to queue
[2026-09-18T14:19:27.543+0000] {logging_mixin.py:188} INFO - [2026-09-18T14:19:27.543+0000] {dagbag.py:545} INFO - Filling up the DagBag from /opt/airflow/dags/dag_customer_rfm_dinda_c.py
[2026-09-18T14:19:27.569+0000] {processor.py:840} INFO - DAG(s) 'customer_rfm' retrieved from /opt/airflow/dags/dag_customer_rfm_dinda_c.py
[2026-09-18T14:19:27.701+0000] {logging_mixin.py:188} INFO - [2026-09-18T14:19:27.700+0000] {dag.py:3089} INFO - Sync 1 DAGs
[2026-09-18T14:19:27.715+0000] {logging_mixin.py:188} INFO - [2026-09-18T14:19:27.715+0000] {dag.py:3947} INFO - Setting next_dagrun for customer_rfm to 2026-09-18 00:00:00+00:00, run_after=2026-09-19 00:00:00+00:00
[2026-09-18T14:19:27.727+0000] {processor.py:183} INFO - Processing /opt/airflow/dags/dag_customer_rfm_dinda_c.py took 0.191 seconds
[2026-09-18T14:19:57.904+0000] {processor.py:161} INFO - Started process (PID=1020) to work on /opt/airflow/dags/dag_customer_rfm_dinda_c.py
[2026-09-18T14:19:57.905+0000] {processor.py:830} INFO - Processing file /opt/airflow/dags/dag_customer_rfm_dinda_c.py for tasks to queue
[2026-09-18T14:19:57.906+0000] {logging_mixin.py:188} INFO - [2026-09-18T14:19:57.906+0000] {dagbag.py:545} INFO - Filling up the DagBag from /opt/airflow/dags/dag_customer_rfm_dinda_c.py
[2026-09-18T14:19:58.015+0000] {processor.py:840} INFO - DAG(s) 'customer_rfm' retrieved from /opt/airflow/dags/dag_customer_rfm_dinda_c.py
[2026-09-18T14:19:58.033+0000] {logging_mixin.py:188} INFO - [2026-09-18T14:19:58.033+0000] {dag.py:3089} INFO - Sync 1 DAGs
[2026-09-18T14:19:58.046+0000] {logging_mixin.py:188} INFO - [2026-09-18T14:19:58.045+0000] {dag.py:3947} INFO - Setting next_dagrun for customer_rfm to 2026-09-18 00:00:00+00:00, run_after=2026-09-19 00:00:00+00:00
[2026-09-18T14:19:58.058+0000] {processor.py:183} INFO - Processing /opt/airflow/dags/dag_customer_rfm_dinda_c.py took 0.158 seconds
[2026-09-18T14:20:28.244+0000] {processor.py:161} INFO - Started process (PID=1025) to work on /opt/airflow/dags/dag_customer_rfm_dinda_c.py
[2026-09-18T14:20:28.245+0000] {processor.py:830} INFO - Processing file /opt/airflow/dags/dag_customer_rfm_dinda_c.py for tasks to queue
[2026-09-18T14:20:28.247+0000] {logging_mixin.py:188} INFO - [2026-09-18T14:20:28.247+0000] {dagbag.py:545} INFO - Filling up the DagBag from /opt/airflow/dags/dag_customer_rfm_dinda_c.py
[2026-09-18T14:20:28.262+0000] {processor.py:840} INFO - DAG(s) 'customer_rfm' retrieved from /opt/airflow/dags/dag_customer_rfm_dinda_c.py
[2026-09-18T14:20:28.285+0000] {logging_mixin.py:188} INFO - [2026-09-18T14:20:28.285+0000] {dag.py:3089} INFO - Sync 1 DAGs
[2026-09-18T14:20:28.301+0000] {logging_mixin.py:188} INFO - [2026-09-18T14:20:28.301+0000] {dag.py:3947} INFO - Setting next_dagrun for customer_rfm to 2026-09-18 00:00:00+00:00, run_after=2026-09-19 00:00:00+00:00
[2026-09-18T14:20:28.315+0000] {processor.py:183} INFO - Processing /opt/airflow/dags/dag_customer_rfm_dinda_c.py took 0.075 seconds
[2026-09-18T14:20:58.445+0000] {processor.py:161} INFO - Started process (PID=1030) to work on /opt/airflow/dags/dag_customer_rfm_dinda_c.py
[2026-09-18T14:20:58.446+0000] {processor.py:830} INFO - Processing file /opt/airflow/dags/dag_customer_rfm_dinda_c.py for tasks to queue
[2026-09-18T14:20:58.447+0000] {logging_mixin.py:188} INFO - [2026-09-18T14:20:58.447+0000] {dagbag.py:545} INFO - Filling up the DagBag from /opt/airflow/dags/dag_customer_rfm_dinda_c.py
[2026-09-18T14:20:58.464+0000] {processor.py:840} INFO - DAG(s) 'customer_rfm' retrieved from /opt/airflow/dags/dag_customer_rfm_dinda_c.py
[2026-09-18T14:20:58.492+0000] {logging_mixin.py:188} INFO - [2026-09-18T14:20:58.492+0000] {dag.py:3089} INFO - Sync 1 DAGs
[2026-09-18T14:20:58.510+0000] {logging_mixin.py:188} INFO - [2026-09-18T14:20:58.510+0000] {dag.py:3947} INFO - Setting next_dagrun for customer_rfm to 2026-09-18 00:00:00+00:00, run_after=2026-09-19 00:00:00+00:00
[2026-09-18T14:20:58.528+0000] {processor.py:183} INFO - Processing /opt/airflow/dags/dag_customer_rfm_dinda_c.py took 0.089 seconds
[2026-09-18T14:21:28.636+0000] {processor.py:161} INFO - Started process (PID=1035) to work on /opt/airflow/dags/dag_customer_rfm_dinda_c.py
[2026-09-18T14:21:28.636+0000] {processor.py:830} INFO - Processing file /opt/airflow/dags/dag_customer_rfm_dinda_c.py for tasks to queue
[2026-09-18T14:21:28.638+0000] {logging_mixin.py:188} INFO - [2026-09-18T14:21:28.638+0000] {dagbag.py:545} INFO - Filling up the DagBag from /opt/airflow/dags/dag_customer_rfm_dinda_c.py
[2026-09-18T14:21:28.653+0000] {processor.py:840} INFO - DAG(s) 'customer_rfm' retrieved from /opt/airflow/dags/dag_customer_rfm_dinda_c.py
[2026-09-18T14:21:28.680+0000] {logging_mixin.py:188} INFO - [2026-09-18T14:21:28.679+0000] {dag.py:3089} INFO - Sync 1 DAGs
[2026-09-18T14:21:28.697+0000] {logging_mixin.py:188} INFO - [2026-09-18T14:21:28.697+0000] {dag.py:3947} INFO - Setting next_dagrun for customer_rfm to 2026-09-18 00:00:00+00:00, run_after=2026-09-19 00:00:00+00:00
[2026-09-18T14:21:28.713+0000] {processor.py:183} INFO - Processing /opt/airflow/dags/dag_customer_rfm_dinda_c.py took 0.082 seconds
[2026-09-18T14:21:58.863+0000] {processor.py:161} INFO - Started process (PID=1040) to work on /opt/airflow/dags/dag_customer_rfm_dinda_c.py
[2026-09-18T14:21:58.864+0000] {processor.py:830} INFO - Processing file /opt/airflow/dags/dag_customer_rfm_dinda_c.py for tasks to queue
[2026-09-18T14:21:58.865+0000] {logging_mixin.py:188} INFO - [2026-09-18T14:21:58.865+0000] {dagbag.py:545} INFO - Filling up the DagBag from /opt/airflow/dags/dag_customer_rfm_dinda_c.py
[2026-09-18T14:21:58.876+0000] {processor.py:840} INFO - DAG(s) 'customer_rfm' retrieved from /opt/airflow/dags/dag_customer_rfm_dinda_c.py
[2026-09-18T14:21:58.897+0000] {logging_mixin.py:188} INFO - [2026-09-18T14:21:58.897+0000] {dag.py:3089} INFO - Sync 1 DAGs
[2026-09-18T14:21:58.913+0000] {logging_mixin.py:188} INFO - [2026-09-18T14:21:58.913+0000] {dag.py:3947} INFO - Setting next_dagrun for customer_rfm to 2026-09-18 00:00:00+00:00, run_after=2026-09-19 00:00:00+00:00
[2026-09-18T14:21:58.926+0000] {processor.py:183} INFO - Processing /opt/airflow/dags/dag_customer_rfm_dinda_c.py took 0.066 seconds
[2026-09-18T14:22:29.049+0000] {processor.py:161} INFO - Started process (PID=1045) to work on /opt/airflow/dags/dag_customer_rfm_dinda_c.py
[2026-09-18T14:22:29.050+0000] {processor.py:830} INFO - Processing file /opt/airflow/dags/dag_customer_rfm_dinda_c.py for tasks to queue
[2026-09-18T14:22:29.051+0000] {logging_mixin.py:188} INFO - [2026-09-18T14:22:29.051+0000] {dagbag.py:545} INFO - Filling up the DagBag from /opt/airflow/dags/dag_customer_rfm_dinda_c.py
[2026-09-18T14:22:29.065+0000] {processor.py:840} INFO - DAG(s) 'customer_rfm' retrieved from /opt/airflow/dags/dag_customer_rfm_dinda_c.py
[2026-09-18T14:22:29.087+0000] {logging_mixin.py:188} INFO - [2026-09-18T14:22:29.087+0000] {dag.py:3089} INFO - Sync 1 DAGs
[2026-09-18T14:22:29.104+0000] {logging_mixin.py:188} INFO - [2026-09-18T14:22:29.104+0000] {dag.py:3947} INFO - Setting next_dagrun for customer_rfm to 2026-09-18 00:00:00+00:00, run_after=2026-09-19 00:00:00+00:00
[2026-09-18T14:22:29.120+0000] {processor.py:183} INFO - Processing /opt/airflow/dags/dag_customer_rfm_dinda_c.py took 0.075 seconds
[2026-09-18T14:22:59.223+0000] {processor.py:161} INFO - Started process (PID=1050) to work on /opt/airflow/dags/dag_customer_rfm_dinda_c.py
[2026-09-18T14:22:59.224+0000] {processor.py:830} INFO - Processing file /opt/airflow/dags/dag_customer_rfm_dinda_c.py for tasks to queue
[2026-09-18T14:22:59.225+0000] {logging_mixin.py:188} INFO - [2026-09-18T14:22:59.225+0000] {dagbag.py:545} INFO - Filling up the DagBag from /opt/airflow/dags/dag_customer_rfm_dinda_c.py
[2026-09-18T14:22:59.237+0000] {processor.py:840} INFO - DAG(s) 'customer_rfm' retrieved from /opt/airflow/dags/dag_customer_rfm_dinda_c.py
[2026-09-18T14:22:59.261+0000] {logging_mixin.py:188} INFO - [2026-09-18T14:22:59.261+0000] {dag.py:3089} INFO - Sync 1 DAGs
[2026-09-18T14:22:59.279+0000] {logging_mixin.py:188} INFO - [2026-09-18T14:22:59.279+0000] {dag.py:3947} INFO - Setting next_dagrun for customer_rfm to 2026-09-18 00:00:00+00:00, run_after=2026-09-19 00:00:00+00:00
[2026-09-18T14:22:59.296+0000] {processor.py:183} INFO - Processing /opt/airflow/dags/dag_customer_rfm_dinda_c.py took 0.078 seconds
[2026-09-18T14:23:29.435+0000] {processor.py:161} INFO - Started process (PID=1055) to work on /opt/airflow/dags/dag_customer_rfm_dinda_c.py
[2026-09-18T14:23:29.436+0000] {processor.py:830} INFO - Processing file /opt/airflow/dags/dag_customer_rfm_dinda_c.py for tasks to queue
[2026-09-18T14:23:29.437+0000] {logging_mixin.py:188} INFO - [2026-09-18T14:23:29.437+0000] {dagbag.py:545} INFO - Filling up the DagBag from /opt/airflow/dags/dag_customer_rfm_dinda_c.py
[2026-09-18T14:23:29.450+0000] {processor.py:840} INFO - DAG(s) 'customer_rfm' retrieved from /opt/airflow/dags/dag_customer_rfm_dinda_c.py
[2026-09-18T14:23:29.472+0000] {logging_mixin.py:188} INFO - [2026-09-18T14:23:29.472+0000] {dag.py:3089} INFO - Sync 1 DAGs
[2026-09-18T14:23:29.489+0000] {logging_mixin.py:188} INFO - [2026-09-18T14:23:29.489+0000] {dag.py:3947} INFO - Setting next_dagrun for customer_rfm to 2026-09-18 00:00:00+00:00, run_after=2026-09-19 00:00:00+00:00
[2026-09-18T14:23:29.505+0000] {processor.py:183} INFO - Processing /opt/airflow/dags/dag_customer_rfm_dinda_c.py took 0.074 seconds
[2026-09-18T14:23:59.618+0000] {processor.py:161} INFO - Started process (PID=1060) to work on /opt/airflow/dags/dag_customer_rfm_dinda_c.py
[2026-09-18T14:23:59.619+0000] {processor.py:830} INFO - Processing file /opt/airflow/dags/dag_customer_rfm_dinda_c.py for tasks to queue
[2026-09-18T14:23:59.620+0000] {logging_mixin.py:188} INFO - [2026-09-18T14:23:59.620+0000] {dagbag.py:545} INFO - Filling up the DagBag from /opt/airflow/dags/dag_customer_rfm_dinda_c.py
[2026-09-18T14:23:59.633+0000] {processor.py:840} INFO - DAG(s) 'customer_rfm' retrieved from /opt/airflow/dags/dag_customer_rfm_dinda_c.py
[2026-09-18T14:23:59.660+0000] {logging_mixin.py:188} INFO - [2026-09-18T14:23:59.660+0000] {dag.py:3089} INFO - Sync 1 DAGs
[2026-09-18T14:23:59.676+0000] {logging_mixin.py:188} INFO - [2026-09-18T14:23:59.676+0000] {dag.py:3947} INFO - Setting next_dagrun for customer_rfm to 2026-09-18 00:00:00+00:00, run_after=2026-09-19 00:00:00+00:00
[2026-09-18T14:23:59.690+0000] {processor.py:183} INFO - Processing /opt/airflow/dags/dag_customer_rfm_dinda_c.py took 0.076 seconds
[2026-09-18T14:24:29.836+0000] {processor.py:161} INFO - Started process (PID=1065) to work on /opt/airflow/dags/dag_customer_rfm_dinda_c.py
[2026-09-18T14:24:29.837+0000] {processor.py:830} INFO - Processing file /opt/airflow/dags/dag_customer_rfm_dinda_c.py for tasks to queue
[2026-09-18T14:24:29.838+0000] {logging_mixin.py:188} INFO - [2026-09-18T14:24:29.838+0000] {dagbag.py:545} INFO - Filling up the DagBag from /opt/airflow/dags/dag_customer_rfm_dinda_c.py
[2026-09-18T14:24:29.851+0000] {processor.py:840} INFO - DAG(s) 'customer_rfm' retrieved from /opt/airflow/dags/dag_customer_rfm_dinda_c.py
[2026-09-18T14:24:29.876+0000] {logging_mixin.py:188} INFO - [2026-09-18T14:24:29.876+0000] {dag.py:3089} INFO - Sync 1 DAGs
[2026-09-18T14:24:29.895+0000] {logging_mixin.py:188} INFO - [2026-09-18T14:24:29.895+0000] {dag.py:3947} INFO - Setting next_dagrun for customer_rfm to 2026-09-18 00:00:00+00:00, run_after=2026-09-19 00:00:00+00:00
[2026-09-18T14:24:29.911+0000] {processor.py:183} INFO - Processing /opt/airflow/dags/dag_customer_rfm_dinda_c.py took 0.079 seconds
[2026-09-18T14:25:00.024+0000] {processor.py:161} INFO - Started process (PID=1070) to work on /opt/airflow/dags/dag_customer_rfm_dinda_c.py
[2026-09-18T14:25:00.024+0000] {processor.py:830} INFO - Processing file /opt/airflow/dags/dag_customer_rfm_dinda_c.py for tasks to queue
[2026-09-18T14:25:00.026+0000] {logging_mixin.py:188} INFO - [2026-09-18T14:25:00.026+0000] {dagbag.py:545} INFO - Filling up the DagBag from /opt/airflow/dags/dag_customer_rfm_dinda_c.py
[2026-09-18T14:25:00.040+0000] {processor.py:840} INFO - DAG(s) 'customer_rfm' retrieved from /opt/airflow/dags/dag_customer_rfm_dinda_c.py
[2026-09-18T14:25:00.065+0000] {logging_mixin.py:188} INFO - [2026-09-18T14:25:00.064+0000] {dag.py:3089} INFO - Sync 1 DAGs
[2026-09-18T14:25:00.085+0000] {logging_mixin.py:188} INFO - [2026-09-18T14:25:00.085+0000] {dag.py:3947} INFO - Setting next_dagrun for customer_rfm to 2026-09-18 00:00:00+00:00, run_after=2026-09-19 00:00:00+00:00
[2026-09-18T14:25:00.099+0000] {processor.py:183} INFO - Processing /opt/airflow/dags/dag_customer_rfm_dinda_c.py took 0.081 seconds
[2026-09-18T14:25:30.232+0000] {processor.py:161} INFO - Started process (PID=1075) to work on /opt/airflow/dags/dag_customer_rfm_dinda_c.py
[2026-09-18T14:25:30.233+0000] {processor.py:830} INFO - Processing file /opt/airflow/dags/dag_customer_rfm_dinda_c.py for tasks to queue
[2026-09-18T14:25:30.234+0000] {logging_mixin.py:188} INFO - [2026-09-18T14:25:30.234+0000] {dagbag.py:545} INFO - Filling up the DagBag from /opt/airflow/dags/dag_customer_rfm_dinda_c.py
[2026-09-18T14:25:30.246+0000] {processor.py:840} INFO - DAG(s) 'customer_rfm' retrieved from /opt/airflow/dags/dag_customer_rfm_dinda_c.py
[2026-09-18T14:25:30.269+0000] {logging_mixin.py:188} INFO - [2026-09-18T14:25:30.269+0000] {dag.py:3089} INFO - Sync 1 DAGs
[2026-09-18T14:25:30.288+0000] {logging_mixin.py:188} INFO - [2026-09-18T14:25:30.288+0000] {dag.py:3947} INFO - Setting next_dagrun for customer_rfm to 2026-09-18 00:00:00+00:00, run_after=2026-09-19 00:00:00+00:00
[2026-09-18T14:25:30.302+0000] {processor.py:183} INFO - Processing /opt/airflow/dags/dag_customer_rfm_dinda_c.py took 0.074 seconds
