[2026-09-17T12:45:06.552+0000] {processor.py:161} INFO - Started process (PID=172) to work on /opt/airflow/dags/dag_customer_rfm_dinda_c.py
[2026-09-17T12:45:06.554+0000] {processor.py:830} INFO - Processing file /opt/airflow/dags/dag_customer_rfm_dinda_c.py for tasks to queue
[2026-09-17T12:45:06.557+0000] {logging_mixin.py:188} INFO - [2026-09-17T12:45:06.557+0000] {dagbag.py:545} INFO - Filling up the DagBag from /opt/airflow/dags/dag_customer_rfm_dinda_c.py
[2026-09-17T12:45:06.596+0000] {processor.py:840} INFO - DAG(s) 'customer_rfm' retrieved from /opt/airflow/dags/dag_customer_rfm_dinda_c.py
[2026-09-17T12:45:06.815+0000] {logging_mixin.py:188} INFO - [2026-09-17T12:45:06.814+0000] {override.py:1858} INFO - Created Permission View: can edit on DAG:customer_rfm
[2026-09-17T12:45:06.825+0000] {logging_mixin.py:188} INFO - [2026-09-17T12:45:06.824+0000] {override.py:1858} INFO - Created Permission View: can read on DAG:customer_rfm
[2026-09-17T12:45:06.831+0000] {logging_mixin.py:188} INFO - [2026-09-17T12:45:06.831+0000] {override.py:1858} INFO - Created Permission View: can delete on DAG:customer_rfm
[2026-09-17T12:45:06.832+0000] {logging_mixin.py:188} INFO - [2026-09-17T12:45:06.832+0000] {dag.py:3089} INFO - Sync 1 DAGs
[2026-09-17T12:45:06.843+0000] {logging_mixin.py:188} INFO - [2026-09-17T12:45:06.843+0000] {dag.py:3111} INFO - Creating ORM DAG for customer_rfm
[2026-09-17T12:45:06.855+0000] {logging_mixin.py:188} INFO - [2026-09-17T12:45:06.855+0000] {dag.py:3947} INFO - Setting next_dagrun for customer_rfm to 2026-09-16 00:00:00+00:00, run_after=2026-09-17 00:00:00+00:00
[2026-09-17T12:45:06.887+0000] {processor.py:183} INFO - Processing /opt/airflow/dags/dag_customer_rfm_dinda_c.py took 0.341 seconds
[2026-09-17T12:45:37.283+0000] {processor.py:161} INFO - Started process (PID=179) to work on /opt/airflow/dags/dag_customer_rfm_dinda_c.py
[2026-09-17T12:45:37.284+0000] {processor.py:830} INFO - Processing file /opt/airflow/dags/dag_customer_rfm_dinda_c.py for tasks to queue
[2026-09-17T12:45:37.286+0000] {logging_mixin.py:188} INFO - [2026-09-17T12:45:37.286+0000] {dagbag.py:545} INFO - Filling up the DagBag from /opt/airflow/dags/dag_customer_rfm_dinda_c.py
[2026-09-17T12:45:37.302+0000] {processor.py:840} INFO - DAG(s) 'customer_rfm' retrieved from /opt/airflow/dags/dag_customer_rfm_dinda_c.py
[2026-09-17T12:45:37.329+0000] {logging_mixin.py:188} INFO - [2026-09-17T12:45:37.329+0000] {dag.py:3089} INFO - Sync 1 DAGs
[2026-09-17T12:45:37.347+0000] {logging_mixin.py:188} INFO - [2026-09-17T12:45:37.347+0000] {dag.py:3947} INFO - Setting next_dagrun for customer_rfm to 2026-09-17 00:00:00+00:00, run_after=2026-09-18 00:00:00+00:00
[2026-09-17T12:45:37.367+0000] {processor.py:183} INFO - Processing /opt/airflow/dags/dag_customer_rfm_dinda_c.py took 0.089 seconds
[2026-09-17T12:46:08.030+0000] {processor.py:161} INFO - Started process (PID=188) to work on /opt/airflow/dags/dag_customer_rfm_dinda_c.py
[2026-09-17T12:46:08.031+0000] {processor.py:830} INFO - Processing file /opt/airflow/dags/dag_customer_rfm_dinda_c.py for tasks to queue
[2026-09-17T12:46:08.033+0000] {logging_mixin.py:188} INFO - [2026-09-17T12:46:08.032+0000] {dagbag.py:545} INFO - Filling up the DagBag from /opt/airflow/dags/dag_customer_rfm_dinda_c.py
[2026-09-17T12:46:08.049+0000] {processor.py:840} INFO - DAG(s) 'customer_rfm' retrieved from /opt/airflow/dags/dag_customer_rfm_dinda_c.py
[2026-09-17T12:46:08.086+0000] {logging_mixin.py:188} INFO - [2026-09-17T12:46:08.086+0000] {dag.py:3089} INFO - Sync 1 DAGs
[2026-09-17T12:46:08.112+0000] {logging_mixin.py:188} INFO - [2026-09-17T12:46:08.112+0000] {dag.py:3947} INFO - Setting next_dagrun for customer_rfm to 2026-09-17 00:00:00+00:00, run_after=2026-09-18 00:00:00+00:00
[2026-09-17T12:46:08.138+0000] {processor.py:183} INFO - Processing /opt/airflow/dags/dag_customer_rfm_dinda_c.py took 0.112 seconds
[2026-09-17T12:46:38.732+0000] {processor.py:161} INFO - Started process (PID=193) to work on /opt/airflow/dags/dag_customer_rfm_dinda_c.py
[2026-09-17T12:46:38.734+0000] {processor.py:830} INFO - Processing file /opt/airflow/dags/dag_customer_rfm_dinda_c.py for tasks to queue
[2026-09-17T12:46:38.736+0000] {logging_mixin.py:188} INFO - [2026-09-17T12:46:38.736+0000] {dagbag.py:545} INFO - Filling up the DagBag from /opt/airflow/dags/dag_customer_rfm_dinda_c.py
[2026-09-17T12:46:38.762+0000] {processor.py:840} INFO - DAG(s) 'customer_rfm' retrieved from /opt/airflow/dags/dag_customer_rfm_dinda_c.py
[2026-09-17T12:46:38.795+0000] {logging_mixin.py:188} INFO - [2026-09-17T12:46:38.795+0000] {dag.py:3089} INFO - Sync 1 DAGs
[2026-09-17T12:46:38.816+0000] {logging_mixin.py:188} INFO - [2026-09-17T12:46:38.816+0000] {dag.py:3947} INFO - Setting next_dagrun for customer_rfm to 2026-09-17 00:00:00+00:00, run_after=2026-09-18 00:00:00+00:00
[2026-09-17T12:46:38.836+0000] {processor.py:183} INFO - Processing /opt/airflow/dags/dag_customer_rfm_dinda_c.py took 0.110 seconds
[2026-09-17T12:47:09.411+0000] {processor.py:161} INFO - Started process (PID=198) to work on /opt/airflow/dags/dag_customer_rfm_dinda_c.py
[2026-09-17T12:47:09.412+0000] {processor.py:830} INFO - Processing file /opt/airflow/dags/dag_customer_rfm_dinda_c.py for tasks to queue
[2026-09-17T12:47:09.415+0000] {logging_mixin.py:188} INFO - [2026-09-17T12:47:09.414+0000] {dagbag.py:545} INFO - Filling up the DagBag from /opt/airflow/dags/dag_customer_rfm_dinda_c.py
[2026-09-17T12:47:09.431+0000] {processor.py:840} INFO - DAG(s) 'customer_rfm' retrieved from /opt/airflow/dags/dag_customer_rfm_dinda_c.py
[2026-09-17T12:47:09.462+0000] {logging_mixin.py:188} INFO - [2026-09-17T12:47:09.461+0000] {dag.py:3089} INFO - Sync 1 DAGs
[2026-09-17T12:47:09.481+0000] {logging_mixin.py:188} INFO - [2026-09-17T12:47:09.481+0000] {dag.py:3947} INFO - Setting next_dagrun for customer_rfm to 2026-09-17 00:00:00+00:00, run_after=2026-09-18 00:00:00+00:00
[2026-09-17T12:47:09.497+0000] {processor.py:183} INFO - Processing /opt/airflow/dags/dag_customer_rfm_dinda_c.py took 0.092 seconds
[2026-09-17T12:47:39.956+0000] {processor.py:161} INFO - Started process (PID=203) to work on /opt/airflow/dags/dag_customer_rfm_dinda_c.py
[2026-09-17T12:47:39.957+0000] {processor.py:830} INFO - Processing file /opt/airflow/dags/dag_customer_rfm_dinda_c.py for tasks to queue
[2026-09-17T12:47:39.960+0000] {logging_mixin.py:188} INFO - [2026-09-17T12:47:39.959+0000] {dagbag.py:545} INFO - Filling up the DagBag from /opt/airflow/dags/dag_customer_rfm_dinda_c.py
[2026-09-17T12:47:39.981+0000] {processor.py:840} INFO - DAG(s) 'customer_rfm' retrieved from /opt/airflow/dags/dag_customer_rfm_dinda_c.py
[2026-09-17T12:47:40.007+0000] {logging_mixin.py:188} INFO - [2026-09-17T12:47:40.007+0000] {dag.py:3089} INFO - Sync 1 DAGs
[2026-09-17T12:47:40.027+0000] {logging_mixin.py:188} INFO - [2026-09-17T12:47:40.027+0000] {dag.py:3947} INFO - Setting next_dagrun for customer_rfm to 2026-09-17 00:00:00+00:00, run_after=2026-09-18 00:00:00+00:00
[2026-09-17T12:47:40.046+0000] {processor.py:183} INFO - Processing /opt/airflow/dags/dag_customer_rfm_dinda_c.py took 0.095 seconds
[2026-09-17T12:48:10.930+0000] {processor.py:161} INFO - Started process (PID=212) to work on /opt/airflow/dags/dag_customer_rfm_dinda_c.py
[2026-09-17T12:48:10.931+0000] {processor.py:830} INFO - Processing file /opt/airflow/dags/dag_customer_rfm_dinda_c.py for tasks to queue
[2026-09-17T12:48:10.933+0000] {logging_mixin.py:188} INFO - [2026-09-17T12:48:10.933+0000] {dagbag.py:545} INFO - Filling up the DagBag from /opt/airflow/dags/dag_customer_rfm_dinda_c.py
[2026-09-17T12:48:10.955+0000] {processor.py:840} INFO - DAG(s) 'customer_rfm' retrieved from /opt/airflow/dags/dag_customer_rfm_dinda_c.py
[2026-09-17T12:48:10.985+0000] {logging_mixin.py:188} INFO - [2026-09-17T12:48:10.984+0000] {dag.py:3089} INFO - Sync 1 DAGs
[2026-09-17T12:48:11.009+0000] {logging_mixin.py:188} INFO - [2026-09-17T12:48:11.008+0000] {dag.py:3947} INFO - Setting next_dagrun for customer_rfm to 2026-09-17 00:00:00+00:00, run_after=2026-09-18 00:00:00+00:00
[2026-09-17T12:48:11.028+0000] {processor.py:183} INFO - Processing /opt/airflow/dags/dag_customer_rfm_dinda_c.py took 0.103 seconds
[2026-09-17T12:48:41.711+0000] {processor.py:161} INFO - Started process (PID=217) to work on /opt/airflow/dags/dag_customer_rfm_dinda_c.py
[2026-09-17T12:48:41.712+0000] {processor.py:830} INFO - Processing file /opt/airflow/dags/dag_customer_rfm_dinda_c.py for tasks to queue
[2026-09-17T12:48:41.716+0000] {logging_mixin.py:188} INFO - [2026-09-17T12:48:41.715+0000] {dagbag.py:545} INFO - Filling up the DagBag from /opt/airflow/dags/dag_customer_rfm_dinda_c.py
[2026-09-17T12:48:41.736+0000] {processor.py:840} INFO - DAG(s) 'customer_rfm' retrieved from /opt/airflow/dags/dag_customer_rfm_dinda_c.py
[2026-09-17T12:48:41.770+0000] {logging_mixin.py:188} INFO - [2026-09-17T12:48:41.770+0000] {dag.py:3089} INFO - Sync 1 DAGs
[2026-09-17T12:48:41.791+0000] {logging_mixin.py:188} INFO - [2026-09-17T12:48:41.791+0000] {dag.py:3947} INFO - Setting next_dagrun for customer_rfm to 2026-09-17 00:00:00+00:00, run_after=2026-09-18 00:00:00+00:00
[2026-09-17T12:48:41.814+0000] {processor.py:183} INFO - Processing /opt/airflow/dags/dag_customer_rfm_dinda_c.py took 0.115 seconds
[2026-09-17T12:49:12.217+0000] {processor.py:161} INFO - Started process (PID=222) to work on /opt/airflow/dags/dag_customer_rfm_dinda_c.py
[2026-09-17T12:49:12.218+0000] {processor.py:830} INFO - Processing file /opt/airflow/dags/dag_customer_rfm_dinda_c.py for tasks to queue
[2026-09-17T12:49:12.220+0000] {logging_mixin.py:188} INFO - [2026-09-17T12:49:12.220+0000] {dagbag.py:545} INFO - Filling up the DagBag from /opt/airflow/dags/dag_customer_rfm_dinda_c.py
[2026-09-17T12:49:12.236+0000] {processor.py:840} INFO - DAG(s) 'customer_rfm' retrieved from /opt/airflow/dags/dag_customer_rfm_dinda_c.py
[2026-09-17T12:49:12.262+0000] {logging_mixin.py:188} INFO - [2026-09-17T12:49:12.262+0000] {dag.py:3089} INFO - Sync 1 DAGs
[2026-09-17T12:49:12.285+0000] {logging_mixin.py:188} INFO - [2026-09-17T12:49:12.285+0000] {dag.py:3947} INFO - Setting next_dagrun for customer_rfm to 2026-09-17 00:00:00+00:00, run_after=2026-09-18 00:00:00+00:00
[2026-09-17T12:49:12.317+0000] {processor.py:183} INFO - Processing /opt/airflow/dags/dag_customer_rfm_dinda_c.py took 0.105 seconds
[2026-09-17T12:49:42.913+0000] {processor.py:161} INFO - Started process (PID=227) to work on /opt/airflow/dags/dag_customer_rfm_dinda_c.py
[2026-09-17T12:49:42.915+0000] {processor.py:830} INFO - Processing file /opt/airflow/dags/dag_customer_rfm_dinda_c.py for tasks to queue
[2026-09-17T12:49:42.917+0000] {logging_mixin.py:188} INFO - [2026-09-17T12:49:42.916+0000] {dagbag.py:545} INFO - Filling up the DagBag from /opt/airflow/dags/dag_customer_rfm_dinda_c.py
[2026-09-17T12:49:42.948+0000] {processor.py:840} INFO - DAG(s) 'customer_rfm' retrieved from /opt/airflow/dags/dag_customer_rfm_dinda_c.py
[2026-09-17T12:49:42.986+0000] {logging_mixin.py:188} INFO - [2026-09-17T12:49:42.985+0000] {dag.py:3089} INFO - Sync 1 DAGs
[2026-09-17T12:49:43.010+0000] {logging_mixin.py:188} INFO - [2026-09-17T12:49:43.009+0000] {dag.py:3947} INFO - Setting next_dagrun for customer_rfm to 2026-09-17 00:00:00+00:00, run_after=2026-09-18 00:00:00+00:00
[2026-09-17T12:49:43.028+0000] {processor.py:183} INFO - Processing /opt/airflow/dags/dag_customer_rfm_dinda_c.py took 0.121 seconds
[2026-09-17T12:50:13.924+0000] {processor.py:161} INFO - Started process (PID=232) to work on /opt/airflow/dags/dag_customer_rfm_dinda_c.py
[2026-09-17T12:50:13.926+0000] {processor.py:830} INFO - Processing file /opt/airflow/dags/dag_customer_rfm_dinda_c.py for tasks to queue
[2026-09-17T12:50:13.928+0000] {logging_mixin.py:188} INFO - [2026-09-17T12:50:13.927+0000] {dagbag.py:545} INFO - Filling up the DagBag from /opt/airflow/dags/dag_customer_rfm_dinda_c.py
[2026-09-17T12:50:13.945+0000] {processor.py:840} INFO - DAG(s) 'customer_rfm' retrieved from /opt/airflow/dags/dag_customer_rfm_dinda_c.py
[2026-09-17T12:50:13.970+0000] {logging_mixin.py:188} INFO - [2026-09-17T12:50:13.970+0000] {dag.py:3089} INFO - Sync 1 DAGs
[2026-09-17T12:50:13.988+0000] {logging_mixin.py:188} INFO - [2026-09-17T12:50:13.988+0000] {dag.py:3947} INFO - Setting next_dagrun for customer_rfm to 2026-09-17 00:00:00+00:00, run_after=2026-09-18 00:00:00+00:00
[2026-09-17T12:50:14.011+0000] {processor.py:183} INFO - Processing /opt/airflow/dags/dag_customer_rfm_dinda_c.py took 0.092 seconds
[2026-09-17T12:50:44.557+0000] {processor.py:161} INFO - Started process (PID=241) to work on /opt/airflow/dags/dag_customer_rfm_dinda_c.py
[2026-09-17T12:50:44.558+0000] {processor.py:830} INFO - Processing file /opt/airflow/dags/dag_customer_rfm_dinda_c.py for tasks to queue
[2026-09-17T12:50:44.560+0000] {logging_mixin.py:188} INFO - [2026-09-17T12:50:44.559+0000] {dagbag.py:545} INFO - Filling up the DagBag from /opt/airflow/dags/dag_customer_rfm_dinda_c.py
[2026-09-17T12:50:44.578+0000] {processor.py:840} INFO - DAG(s) 'customer_rfm' retrieved from /opt/airflow/dags/dag_customer_rfm_dinda_c.py
[2026-09-17T12:50:44.610+0000] {logging_mixin.py:188} INFO - [2026-09-17T12:50:44.609+0000] {dag.py:3089} INFO - Sync 1 DAGs
[2026-09-17T12:50:44.635+0000] {logging_mixin.py:188} INFO - [2026-09-17T12:50:44.635+0000] {dag.py:3947} INFO - Setting next_dagrun for customer_rfm to 2026-09-17 00:00:00+00:00, run_after=2026-09-18 00:00:00+00:00
[2026-09-17T12:50:44.668+0000] {processor.py:183} INFO - Processing /opt/airflow/dags/dag_customer_rfm_dinda_c.py took 0.117 seconds
[2026-09-17T12:51:15.282+0000] {processor.py:161} INFO - Started process (PID=246) to work on /opt/airflow/dags/dag_customer_rfm_dinda_c.py
[2026-09-17T12:51:15.283+0000] {processor.py:830} INFO - Processing file /opt/airflow/dags/dag_customer_rfm_dinda_c.py for tasks to queue
[2026-09-17T12:51:15.285+0000] {logging_mixin.py:188} INFO - [2026-09-17T12:51:15.284+0000] {dagbag.py:545} INFO - Filling up the DagBag from /opt/airflow/dags/dag_customer_rfm_dinda_c.py
[2026-09-17T12:51:15.303+0000] {processor.py:840} INFO - DAG(s) 'customer_rfm' retrieved from /opt/airflow/dags/dag_customer_rfm_dinda_c.py
[2026-09-17T12:51:15.324+0000] {logging_mixin.py:188} INFO - [2026-09-17T12:51:15.324+0000] {dag.py:3089} INFO - Sync 1 DAGs
[2026-09-17T12:51:15.344+0000] {logging_mixin.py:188} INFO - [2026-09-17T12:51:15.343+0000] {dag.py:3947} INFO - Setting next_dagrun for customer_rfm to 2026-09-17 00:00:00+00:00, run_after=2026-09-18 00:00:00+00:00
[2026-09-17T12:51:15.366+0000] {processor.py:183} INFO - Processing /opt/airflow/dags/dag_customer_rfm_dinda_c.py took 0.087 seconds
[2026-09-17T12:51:46.149+0000] {processor.py:161} INFO - Started process (PID=251) to work on /opt/airflow/dags/dag_customer_rfm_dinda_c.py
[2026-09-17T12:51:46.151+0000] {processor.py:830} INFO - Processing file /opt/airflow/dags/dag_customer_rfm_dinda_c.py for tasks to queue
[2026-09-17T12:51:46.153+0000] {logging_mixin.py:188} INFO - [2026-09-17T12:51:46.152+0000] {dagbag.py:545} INFO - Filling up the DagBag from /opt/airflow/dags/dag_customer_rfm_dinda_c.py
[2026-09-17T12:51:46.173+0000] {processor.py:840} INFO - DAG(s) 'customer_rfm' retrieved from /opt/airflow/dags/dag_customer_rfm_dinda_c.py
[2026-09-17T12:51:46.207+0000] {logging_mixin.py:188} INFO - [2026-09-17T12:51:46.206+0000] {dag.py:3089} INFO - Sync 1 DAGs
[2026-09-17T12:51:46.233+0000] {logging_mixin.py:188} INFO - [2026-09-17T12:51:46.233+0000] {dag.py:3947} INFO - Setting next_dagrun for customer_rfm to 2026-09-17 00:00:00+00:00, run_after=2026-09-18 00:00:00+00:00
[2026-09-17T12:51:46.253+0000] {processor.py:183} INFO - Processing /opt/airflow/dags/dag_customer_rfm_dinda_c.py took 0.110 seconds
[2026-09-17T12:52:16.841+0000] {processor.py:161} INFO - Started process (PID=256) to work on /opt/airflow/dags/dag_customer_rfm_dinda_c.py
[2026-09-17T12:52:16.842+0000] {processor.py:830} INFO - Processing file /opt/airflow/dags/dag_customer_rfm_dinda_c.py for tasks to queue
[2026-09-17T12:52:16.843+0000] {logging_mixin.py:188} INFO - [2026-09-17T12:52:16.843+0000] {dagbag.py:545} INFO - Filling up the DagBag from /opt/airflow/dags/dag_customer_rfm_dinda_c.py
[2026-09-17T12:52:16.862+0000] {processor.py:840} INFO - DAG(s) 'customer_rfm' retrieved from /opt/airflow/dags/dag_customer_rfm_dinda_c.py
[2026-09-17T12:52:16.893+0000] {logging_mixin.py:188} INFO - [2026-09-17T12:52:16.892+0000] {dag.py:3089} INFO - Sync 1 DAGs
[2026-09-17T12:52:16.914+0000] {logging_mixin.py:188} INFO - [2026-09-17T12:52:16.914+0000] {dag.py:3947} INFO - Setting next_dagrun for customer_rfm to 2026-09-17 00:00:00+00:00, run_after=2026-09-18 00:00:00+00:00
[2026-09-17T12:52:16.930+0000] {processor.py:183} INFO - Processing /opt/airflow/dags/dag_customer_rfm_dinda_c.py took 0.094 seconds
[2026-09-17T12:52:49.676+0000] {processor.py:161} INFO - Started process (PID=263) to work on /opt/airflow/dags/dag_customer_rfm_dinda_c.py
[2026-09-17T12:52:49.677+0000] {processor.py:830} INFO - Processing file /opt/airflow/dags/dag_customer_rfm_dinda_c.py for tasks to queue
[2026-09-17T12:52:49.679+0000] {logging_mixin.py:188} INFO - [2026-09-17T12:52:49.678+0000] {dagbag.py:545} INFO - Filling up the DagBag from /opt/airflow/dags/dag_customer_rfm_dinda_c.py
[2026-09-17T12:52:49.694+0000] {processor.py:840} INFO - DAG(s) 'customer_rfm' retrieved from /opt/airflow/dags/dag_customer_rfm_dinda_c.py
[2026-09-17T12:52:49.720+0000] {logging_mixin.py:188} INFO - [2026-09-17T12:52:49.720+0000] {dag.py:3089} INFO - Sync 1 DAGs
[2026-09-17T12:52:49.743+0000] {logging_mixin.py:188} INFO - [2026-09-17T12:52:49.743+0000] {dag.py:3947} INFO - Setting next_dagrun for customer_rfm to 2026-09-17 00:00:00+00:00, run_after=2026-09-18 00:00:00+00:00
[2026-09-17T12:52:49.768+0000] {processor.py:183} INFO - Processing /opt/airflow/dags/dag_customer_rfm_dinda_c.py took 0.097 seconds
[2026-09-17T12:53:22.118+0000] {processor.py:161} INFO - Started process (PID=270) to work on /opt/airflow/dags/dag_customer_rfm_dinda_c.py
[2026-09-17T12:53:22.119+0000] {processor.py:830} INFO - Processing file /opt/airflow/dags/dag_customer_rfm_dinda_c.py for tasks to queue
[2026-09-17T12:53:22.121+0000] {logging_mixin.py:188} INFO - [2026-09-17T12:53:22.120+0000] {dagbag.py:545} INFO - Filling up the DagBag from /opt/airflow/dags/dag_customer_rfm_dinda_c.py
[2026-09-17T12:53:22.136+0000] {processor.py:840} INFO - DAG(s) 'customer_rfm' retrieved from /opt/airflow/dags/dag_customer_rfm_dinda_c.py
[2026-09-17T12:53:22.162+0000] {logging_mixin.py:188} INFO - [2026-09-17T12:53:22.161+0000] {dag.py:3089} INFO - Sync 1 DAGs
[2026-09-17T12:53:22.181+0000] {logging_mixin.py:188} INFO - [2026-09-17T12:53:22.181+0000] {dag.py:3947} INFO - Setting next_dagrun for customer_rfm to 2026-09-17 00:00:00+00:00, run_after=2026-09-18 00:00:00+00:00
[2026-09-17T12:53:22.204+0000] {processor.py:183} INFO - Processing /opt/airflow/dags/dag_customer_rfm_dinda_c.py took 0.091 seconds
[2026-09-17T12:53:53.056+0000] {processor.py:161} INFO - Started process (PID=275) to work on /opt/airflow/dags/dag_customer_rfm_dinda_c.py
[2026-09-17T12:53:53.057+0000] {processor.py:830} INFO - Processing file /opt/airflow/dags/dag_customer_rfm_dinda_c.py for tasks to queue
[2026-09-17T12:53:53.059+0000] {logging_mixin.py:188} INFO - [2026-09-17T12:53:53.059+0000] {dagbag.py:545} INFO - Filling up the DagBag from /opt/airflow/dags/dag_customer_rfm_dinda_c.py
[2026-09-17T12:53:53.078+0000] {processor.py:840} INFO - DAG(s) 'customer_rfm' retrieved from /opt/airflow/dags/dag_customer_rfm_dinda_c.py
[2026-09-17T12:53:53.104+0000] {logging_mixin.py:188} INFO - [2026-09-17T12:53:53.104+0000] {dag.py:3089} INFO - Sync 1 DAGs
[2026-09-17T12:53:53.124+0000] {logging_mixin.py:188} INFO - [2026-09-17T12:53:53.123+0000] {dag.py:3947} INFO - Setting next_dagrun for customer_rfm to 2026-09-17 00:00:00+00:00, run_after=2026-09-18 00:00:00+00:00
[2026-09-17T12:53:53.140+0000] {processor.py:183} INFO - Processing /opt/airflow/dags/dag_customer_rfm_dinda_c.py took 0.088 seconds
[2026-09-17T12:54:23.829+0000] {processor.py:161} INFO - Started process (PID=280) to work on /opt/airflow/dags/dag_customer_rfm_dinda_c.py
[2026-09-17T12:54:23.830+0000] {processor.py:830} INFO - Processing file /opt/airflow/dags/dag_customer_rfm_dinda_c.py for tasks to queue
[2026-09-17T12:54:23.832+0000] {logging_mixin.py:188} INFO - [2026-09-17T12:54:23.832+0000] {dagbag.py:545} INFO - Filling up the DagBag from /opt/airflow/dags/dag_customer_rfm_dinda_c.py
[2026-09-17T12:54:23.876+0000] {processor.py:840} INFO - DAG(s) 'customer_rfm' retrieved from /opt/airflow/dags/dag_customer_rfm_dinda_c.py
[2026-09-17T12:54:23.907+0000] {logging_mixin.py:188} INFO - [2026-09-17T12:54:23.906+0000] {dag.py:3089} INFO - Sync 1 DAGs
[2026-09-17T12:54:23.928+0000] {logging_mixin.py:188} INFO - [2026-09-17T12:54:23.928+0000] {dag.py:3947} INFO - Setting next_dagrun for customer_rfm to 2026-09-17 00:00:00+00:00, run_after=2026-09-18 00:00:00+00:00
[2026-09-17T12:54:23.949+0000] {processor.py:183} INFO - Processing /opt/airflow/dags/dag_customer_rfm_dinda_c.py took 0.126 seconds
[2026-09-17T12:54:54.041+0000] {processor.py:161} INFO - Started process (PID=285) to work on /opt/airflow/dags/dag_customer_rfm_dinda_c.py
[2026-09-17T12:54:54.042+0000] {processor.py:830} INFO - Processing file /opt/airflow/dags/dag_customer_rfm_dinda_c.py for tasks to queue
[2026-09-17T12:54:54.044+0000] {logging_mixin.py:188} INFO - [2026-09-17T12:54:54.043+0000] {dagbag.py:545} INFO - Filling up the DagBag from /opt/airflow/dags/dag_customer_rfm_dinda_c.py
[2026-09-17T12:54:54.061+0000] {processor.py:840} INFO - DAG(s) 'customer_rfm' retrieved from /opt/airflow/dags/dag_customer_rfm_dinda_c.py
[2026-09-17T12:54:54.088+0000] {logging_mixin.py:188} INFO - [2026-09-17T12:54:54.088+0000] {dag.py:3089} INFO - Sync 1 DAGs
[2026-09-17T12:54:54.109+0000] {logging_mixin.py:188} INFO - [2026-09-17T12:54:54.109+0000] {dag.py:3947} INFO - Setting next_dagrun for customer_rfm to 2026-09-17 00:00:00+00:00, run_after=2026-09-18 00:00:00+00:00
[2026-09-17T12:54:54.132+0000] {processor.py:183} INFO - Processing /opt/airflow/dags/dag_customer_rfm_dinda_c.py took 0.096 seconds
[2026-09-17T12:55:24.876+0000] {processor.py:161} INFO - Started process (PID=290) to work on /opt/airflow/dags/dag_customer_rfm_dinda_c.py
[2026-09-17T12:55:24.877+0000] {processor.py:830} INFO - Processing file /opt/airflow/dags/dag_customer_rfm_dinda_c.py for tasks to queue
[2026-09-17T12:55:24.878+0000] {logging_mixin.py:188} INFO - [2026-09-17T12:55:24.878+0000] {dagbag.py:545} INFO - Filling up the DagBag from /opt/airflow/dags/dag_customer_rfm_dinda_c.py
[2026-09-17T12:55:24.896+0000] {processor.py:840} INFO - DAG(s) 'customer_rfm' retrieved from /opt/airflow/dags/dag_customer_rfm_dinda_c.py
[2026-09-17T12:55:24.923+0000] {logging_mixin.py:188} INFO - [2026-09-17T12:55:24.923+0000] {dag.py:3089} INFO - Sync 1 DAGs
[2026-09-17T12:55:24.943+0000] {logging_mixin.py:188} INFO - [2026-09-17T12:55:24.942+0000] {dag.py:3947} INFO - Setting next_dagrun for customer_rfm to 2026-09-17 00:00:00+00:00, run_after=2026-09-18 00:00:00+00:00
[2026-09-17T12:55:24.971+0000] {processor.py:183} INFO - Processing /opt/airflow/dags/dag_customer_rfm_dinda_c.py took 0.100 seconds
[2026-09-17T12:55:55.602+0000] {processor.py:161} INFO - Started process (PID=295) to work on /opt/airflow/dags/dag_customer_rfm_dinda_c.py
[2026-09-17T12:55:55.603+0000] {processor.py:830} INFO - Processing file /opt/airflow/dags/dag_customer_rfm_dinda_c.py for tasks to queue
[2026-09-17T12:55:55.604+0000] {logging_mixin.py:188} INFO - [2026-09-17T12:55:55.604+0000] {dagbag.py:545} INFO - Filling up the DagBag from /opt/airflow/dags/dag_customer_rfm_dinda_c.py
[2026-09-17T12:55:55.617+0000] {processor.py:840} INFO - DAG(s) 'customer_rfm' retrieved from /opt/airflow/dags/dag_customer_rfm_dinda_c.py
[2026-09-17T12:55:55.645+0000] {logging_mixin.py:188} INFO - [2026-09-17T12:55:55.645+0000] {dag.py:3089} INFO - Sync 1 DAGs
[2026-09-17T12:55:55.667+0000] {logging_mixin.py:188} INFO - [2026-09-17T12:55:55.667+0000] {dag.py:3947} INFO - Setting next_dagrun for customer_rfm to 2026-09-17 00:00:00+00:00, run_after=2026-09-18 00:00:00+00:00
[2026-09-17T12:55:55.690+0000] {processor.py:183} INFO - Processing /opt/airflow/dags/dag_customer_rfm_dinda_c.py took 0.093 seconds
[2026-09-17T12:56:26.264+0000] {processor.py:161} INFO - Started process (PID=300) to work on /opt/airflow/dags/dag_customer_rfm_dinda_c.py
[2026-09-17T12:56:26.265+0000] {processor.py:830} INFO - Processing file /opt/airflow/dags/dag_customer_rfm_dinda_c.py for tasks to queue
[2026-09-17T12:56:26.267+0000] {logging_mixin.py:188} INFO - [2026-09-17T12:56:26.266+0000] {dagbag.py:545} INFO - Filling up the DagBag from /opt/airflow/dags/dag_customer_rfm_dinda_c.py
[2026-09-17T12:56:26.280+0000] {processor.py:840} INFO - DAG(s) 'customer_rfm' retrieved from /opt/airflow/dags/dag_customer_rfm_dinda_c.py
[2026-09-17T12:56:26.303+0000] {logging_mixin.py:188} INFO - [2026-09-17T12:56:26.303+0000] {dag.py:3089} INFO - Sync 1 DAGs
[2026-09-17T12:56:26.318+0000] {logging_mixin.py:188} INFO - [2026-09-17T12:56:26.318+0000] {dag.py:3947} INFO - Setting next_dagrun for customer_rfm to 2026-09-17 00:00:00+00:00, run_after=2026-09-18 00:00:00+00:00
[2026-09-17T12:56:26.332+0000] {processor.py:183} INFO - Processing /opt/airflow/dags/dag_customer_rfm_dinda_c.py took 0.071 seconds
[2026-09-17T12:56:56.954+0000] {processor.py:161} INFO - Started process (PID=305) to work on /opt/airflow/dags/dag_customer_rfm_dinda_c.py
[2026-09-17T12:56:56.955+0000] {processor.py:830} INFO - Processing file /opt/airflow/dags/dag_customer_rfm_dinda_c.py for tasks to queue
[2026-09-17T12:56:56.956+0000] {logging_mixin.py:188} INFO - [2026-09-17T12:56:56.956+0000] {dagbag.py:545} INFO - Filling up the DagBag from /opt/airflow/dags/dag_customer_rfm_dinda_c.py
[2026-09-17T12:56:56.976+0000] {processor.py:840} INFO - DAG(s) 'customer_rfm' retrieved from /opt/airflow/dags/dag_customer_rfm_dinda_c.py
[2026-09-17T12:56:57.007+0000] {logging_mixin.py:188} INFO - [2026-09-17T12:56:57.006+0000] {dag.py:3089} INFO - Sync 1 DAGs
[2026-09-17T12:56:57.023+0000] {logging_mixin.py:188} INFO - [2026-09-17T12:56:57.023+0000] {dag.py:3947} INFO - Setting next_dagrun for customer_rfm to 2026-09-17 00:00:00+00:00, run_after=2026-09-18 00:00:00+00:00
[2026-09-17T12:56:57.036+0000] {processor.py:183} INFO - Processing /opt/airflow/dags/dag_customer_rfm_dinda_c.py took 0.094 seconds
[2026-09-17T12:57:27.663+0000] {processor.py:161} INFO - Started process (PID=310) to work on /opt/airflow/dags/dag_customer_rfm_dinda_c.py
[2026-09-17T12:57:27.664+0000] {processor.py:830} INFO - Processing file /opt/airflow/dags/dag_customer_rfm_dinda_c.py for tasks to queue
[2026-09-17T12:57:27.667+0000] {logging_mixin.py:188} INFO - [2026-09-17T12:57:27.667+0000] {dagbag.py:545} INFO - Filling up the DagBag from /opt/airflow/dags/dag_customer_rfm_dinda_c.py
[2026-09-17T12:57:27.683+0000] {processor.py:840} INFO - DAG(s) 'customer_rfm' retrieved from /opt/airflow/dags/dag_customer_rfm_dinda_c.py
[2026-09-17T12:57:27.706+0000] {logging_mixin.py:188} INFO - [2026-09-17T12:57:27.706+0000] {dag.py:3089} INFO - Sync 1 DAGs
[2026-09-17T12:57:27.722+0000] {logging_mixin.py:188} INFO - [2026-09-17T12:57:27.722+0000] {dag.py:3947} INFO - Setting next_dagrun for customer_rfm to 2026-09-17 00:00:00+00:00, run_after=2026-09-18 00:00:00+00:00
[2026-09-17T12:57:27.744+0000] {processor.py:183} INFO - Processing /opt/airflow/dags/dag_customer_rfm_dinda_c.py took 0.087 seconds
[2026-09-17T12:57:58.432+0000] {processor.py:161} INFO - Started process (PID=315) to work on /opt/airflow/dags/dag_customer_rfm_dinda_c.py
[2026-09-17T12:57:58.433+0000] {processor.py:830} INFO - Processing file /opt/airflow/dags/dag_customer_rfm_dinda_c.py for tasks to queue
[2026-09-17T12:57:58.435+0000] {logging_mixin.py:188} INFO - [2026-09-17T12:57:58.435+0000] {dagbag.py:545} INFO - Filling up the DagBag from /opt/airflow/dags/dag_customer_rfm_dinda_c.py
[2026-09-17T12:57:58.455+0000] {processor.py:840} INFO - DAG(s) 'customer_rfm' retrieved from /opt/airflow/dags/dag_customer_rfm_dinda_c.py
[2026-09-17T12:57:58.485+0000] {logging_mixin.py:188} INFO - [2026-09-17T12:57:58.485+0000] {dag.py:3089} INFO - Sync 1 DAGs
[2026-09-17T12:57:58.503+0000] {logging_mixin.py:188} INFO - [2026-09-17T12:57:58.503+0000] {dag.py:3947} INFO - Setting next_dagrun for customer_rfm to 2026-09-17 00:00:00+00:00, run_after=2026-09-18 00:00:00+00:00
[2026-09-17T12:57:58.518+0000] {processor.py:183} INFO - Processing /opt/airflow/dags/dag_customer_rfm_dinda_c.py took 0.090 seconds
[2026-09-17T12:58:29.083+0000] {processor.py:161} INFO - Started process (PID=320) to work on /opt/airflow/dags/dag_customer_rfm_dinda_c.py
[2026-09-17T12:58:29.084+0000] {processor.py:830} INFO - Processing file /opt/airflow/dags/dag_customer_rfm_dinda_c.py for tasks to queue
[2026-09-17T12:58:29.085+0000] {logging_mixin.py:188} INFO - [2026-09-17T12:58:29.085+0000] {dagbag.py:545} INFO - Filling up the DagBag from /opt/airflow/dags/dag_customer_rfm_dinda_c.py
[2026-09-17T12:58:29.099+0000] {processor.py:840} INFO - DAG(s) 'customer_rfm' retrieved from /opt/airflow/dags/dag_customer_rfm_dinda_c.py
[2026-09-17T12:58:29.125+0000] {logging_mixin.py:188} INFO - [2026-09-17T12:58:29.124+0000] {dag.py:3089} INFO - Sync 1 DAGs
[2026-09-17T12:58:29.142+0000] {logging_mixin.py:188} INFO - [2026-09-17T12:58:29.142+0000] {dag.py:3947} INFO - Setting next_dagrun for customer_rfm to 2026-09-17 00:00:00+00:00, run_after=2026-09-18 00:00:00+00:00
[2026-09-17T12:58:29.164+0000] {processor.py:183} INFO - Processing /opt/airflow/dags/dag_customer_rfm_dinda_c.py took 0.086 seconds
[2026-09-17T12:58:59.933+0000] {processor.py:161} INFO - Started process (PID=325) to work on /opt/airflow/dags/dag_customer_rfm_dinda_c.py
[2026-09-17T12:58:59.934+0000] {processor.py:830} INFO - Processing file /opt/airflow/dags/dag_customer_rfm_dinda_c.py for tasks to queue
[2026-09-17T12:58:59.936+0000] {logging_mixin.py:188} INFO - [2026-09-17T12:58:59.935+0000] {dagbag.py:545} INFO - Filling up the DagBag from /opt/airflow/dags/dag_customer_rfm_dinda_c.py
[2026-09-17T12:58:59.956+0000] {processor.py:840} INFO - DAG(s) 'customer_rfm' retrieved from /opt/airflow/dags/dag_customer_rfm_dinda_c.py
[2026-09-17T12:58:59.988+0000] {logging_mixin.py:188} INFO - [2026-09-17T12:58:59.987+0000] {dag.py:3089} INFO - Sync 1 DAGs
[2026-09-17T12:59:00.008+0000] {logging_mixin.py:188} INFO - [2026-09-17T12:59:00.007+0000] {dag.py:3947} INFO - Setting next_dagrun for customer_rfm to 2026-09-17 00:00:00+00:00, run_after=2026-09-18 00:00:00+00:00
[2026-09-17T12:59:00.024+0000] {processor.py:183} INFO - Processing /opt/airflow/dags/dag_customer_rfm_dinda_c.py took 0.096 seconds
[2026-09-17T12:59:30.437+0000] {processor.py:161} INFO - Started process (PID=330) to work on /opt/airflow/dags/dag_customer_rfm_dinda_c.py
[2026-09-17T12:59:30.438+0000] {processor.py:830} INFO - Processing file /opt/airflow/dags/dag_customer_rfm_dinda_c.py for tasks to queue
[2026-09-17T12:59:30.440+0000] {logging_mixin.py:188} INFO - [2026-09-17T12:59:30.440+0000] {dagbag.py:545} INFO - Filling up the DagBag from /opt/airflow/dags/dag_customer_rfm_dinda_c.py
[2026-09-17T12:59:30.458+0000] {processor.py:840} INFO - DAG(s) 'customer_rfm' retrieved from /opt/airflow/dags/dag_customer_rfm_dinda_c.py
[2026-09-17T12:59:30.487+0000] {logging_mixin.py:188} INFO - [2026-09-17T12:59:30.487+0000] {dag.py:3089} INFO - Sync 1 DAGs
[2026-09-17T12:59:30.505+0000] {logging_mixin.py:188} INFO - [2026-09-17T12:59:30.505+0000] {dag.py:3947} INFO - Setting next_dagrun for customer_rfm to 2026-09-17 00:00:00+00:00, run_after=2026-09-18 00:00:00+00:00
[2026-09-17T12:59:30.521+0000] {processor.py:183} INFO - Processing /opt/airflow/dags/dag_customer_rfm_dinda_c.py took 0.089 seconds
[2026-09-17T13:00:01.439+0000] {processor.py:161} INFO - Started process (PID=335) to work on /opt/airflow/dags/dag_customer_rfm_dinda_c.py
[2026-09-17T13:00:01.440+0000] {processor.py:830} INFO - Processing file /opt/airflow/dags/dag_customer_rfm_dinda_c.py for tasks to queue
[2026-09-17T13:00:01.442+0000] {logging_mixin.py:188} INFO - [2026-09-17T13:00:01.442+0000] {dagbag.py:545} INFO - Filling up the DagBag from /opt/airflow/dags/dag_customer_rfm_dinda_c.py
[2026-09-17T13:00:01.459+0000] {processor.py:840} INFO - DAG(s) 'customer_rfm' retrieved from /opt/airflow/dags/dag_customer_rfm_dinda_c.py
[2026-09-17T13:00:01.487+0000] {logging_mixin.py:188} INFO - [2026-09-17T13:00:01.487+0000] {dag.py:3089} INFO - Sync 1 DAGs
[2026-09-17T13:00:01.504+0000] {logging_mixin.py:188} INFO - [2026-09-17T13:00:01.503+0000] {dag.py:3947} INFO - Setting next_dagrun for customer_rfm to 2026-09-17 00:00:00+00:00, run_after=2026-09-18 00:00:00+00:00
[2026-09-17T13:00:01.518+0000] {processor.py:183} INFO - Processing /opt/airflow/dags/dag_customer_rfm_dinda_c.py took 0.083 seconds
[2026-09-17T13:00:32.190+0000] {processor.py:161} INFO - Started process (PID=340) to work on /opt/airflow/dags/dag_customer_rfm_dinda_c.py
[2026-09-17T13:00:32.191+0000] {processor.py:830} INFO - Processing file /opt/airflow/dags/dag_customer_rfm_dinda_c.py for tasks to queue
[2026-09-17T13:00:32.193+0000] {logging_mixin.py:188} INFO - [2026-09-17T13:00:32.192+0000] {dagbag.py:545} INFO - Filling up the DagBag from /opt/airflow/dags/dag_customer_rfm_dinda_c.py
[2026-09-17T13:00:32.209+0000] {processor.py:840} INFO - DAG(s) 'customer_rfm' retrieved from /opt/airflow/dags/dag_customer_rfm_dinda_c.py
[2026-09-17T13:00:32.238+0000] {logging_mixin.py:188} INFO - [2026-09-17T13:00:32.237+0000] {dag.py:3089} INFO - Sync 1 DAGs
[2026-09-17T13:00:32.260+0000] {logging_mixin.py:188} INFO - [2026-09-17T13:00:32.260+0000] {dag.py:3947} INFO - Setting next_dagrun for customer_rfm to 2026-09-17 00:00:00+00:00, run_after=2026-09-18 00:00:00+00:00
[2026-09-17T13:00:32.283+0000] {processor.py:183} INFO - Processing /opt/airflow/dags/dag_customer_rfm_dinda_c.py took 0.097 seconds
[2026-09-17T13:01:02.872+0000] {processor.py:161} INFO - Started process (PID=345) to work on /opt/airflow/dags/dag_customer_rfm_dinda_c.py
[2026-09-17T13:01:02.874+0000] {processor.py:830} INFO - Processing file /opt/airflow/dags/dag_customer_rfm_dinda_c.py for tasks to queue
[2026-09-17T13:01:02.877+0000] {logging_mixin.py:188} INFO - [2026-09-17T13:01:02.877+0000] {dagbag.py:545} INFO - Filling up the DagBag from /opt/airflow/dags/dag_customer_rfm_dinda_c.py
[2026-09-17T13:01:02.902+0000] {processor.py:840} INFO - DAG(s) 'customer_rfm' retrieved from /opt/airflow/dags/dag_customer_rfm_dinda_c.py
[2026-09-17T13:01:02.930+0000] {logging_mixin.py:188} INFO - [2026-09-17T13:01:02.930+0000] {dag.py:3089} INFO - Sync 1 DAGs
[2026-09-17T13:01:02.950+0000] {logging_mixin.py:188} INFO - [2026-09-17T13:01:02.949+0000] {dag.py:3947} INFO - Setting next_dagrun for customer_rfm to 2026-09-17 00:00:00+00:00, run_after=2026-09-18 00:00:00+00:00
[2026-09-17T13:01:02.967+0000] {processor.py:183} INFO - Processing /opt/airflow/dags/dag_customer_rfm_dinda_c.py took 0.104 seconds
[2026-09-17T13:01:33.485+0000] {processor.py:161} INFO - Started process (PID=350) to work on /opt/airflow/dags/dag_customer_rfm_dinda_c.py
[2026-09-17T13:01:33.486+0000] {processor.py:830} INFO - Processing file /opt/airflow/dags/dag_customer_rfm_dinda_c.py for tasks to queue
[2026-09-17T13:01:33.488+0000] {logging_mixin.py:188} INFO - [2026-09-17T13:01:33.488+0000] {dagbag.py:545} INFO - Filling up the DagBag from /opt/airflow/dags/dag_customer_rfm_dinda_c.py
[2026-09-17T13:01:33.506+0000] {processor.py:840} INFO - DAG(s) 'customer_rfm' retrieved from /opt/airflow/dags/dag_customer_rfm_dinda_c.py
[2026-09-17T13:01:33.536+0000] {logging_mixin.py:188} INFO - [2026-09-17T13:01:33.536+0000] {dag.py:3089} INFO - Sync 1 DAGs
[2026-09-17T13:01:33.557+0000] {logging_mixin.py:188} INFO - [2026-09-17T13:01:33.557+0000] {dag.py:3947} INFO - Setting next_dagrun for customer_rfm to 2026-09-17 00:00:00+00:00, run_after=2026-09-18 00:00:00+00:00
[2026-09-17T13:01:33.583+0000] {processor.py:183} INFO - Processing /opt/airflow/dags/dag_customer_rfm_dinda_c.py took 0.105 seconds
[2026-09-17T13:02:04.224+0000] {processor.py:161} INFO - Started process (PID=355) to work on /opt/airflow/dags/dag_customer_rfm_dinda_c.py
[2026-09-17T13:02:04.225+0000] {processor.py:830} INFO - Processing file /opt/airflow/dags/dag_customer_rfm_dinda_c.py for tasks to queue
[2026-09-17T13:02:04.227+0000] {logging_mixin.py:188} INFO - [2026-09-17T13:02:04.227+0000] {dagbag.py:545} INFO - Filling up the DagBag from /opt/airflow/dags/dag_customer_rfm_dinda_c.py
[2026-09-17T13:02:04.247+0000] {processor.py:840} INFO - DAG(s) 'customer_rfm' retrieved from /opt/airflow/dags/dag_customer_rfm_dinda_c.py
[2026-09-17T13:02:04.284+0000] {logging_mixin.py:188} INFO - [2026-09-17T13:02:04.284+0000] {dag.py:3089} INFO - Sync 1 DAGs
[2026-09-17T13:02:04.311+0000] {logging_mixin.py:188} INFO - [2026-09-17T13:02:04.310+0000] {dag.py:3947} INFO - Setting next_dagrun for customer_rfm to 2026-09-17 00:00:00+00:00, run_after=2026-09-18 00:00:00+00:00
[2026-09-17T13:02:04.339+0000] {processor.py:183} INFO - Processing /opt/airflow/dags/dag_customer_rfm_dinda_c.py took 0.121 seconds
[2026-09-17T13:02:34.872+0000] {processor.py:161} INFO - Started process (PID=360) to work on /opt/airflow/dags/dag_customer_rfm_dinda_c.py
[2026-09-17T13:02:34.873+0000] {processor.py:830} INFO - Processing file /opt/airflow/dags/dag_customer_rfm_dinda_c.py for tasks to queue
[2026-09-17T13:02:34.874+0000] {logging_mixin.py:188} INFO - [2026-09-17T13:02:34.874+0000] {dagbag.py:545} INFO - Filling up the DagBag from /opt/airflow/dags/dag_customer_rfm_dinda_c.py
[2026-09-17T13:02:34.894+0000] {processor.py:840} INFO - DAG(s) 'customer_rfm' retrieved from /opt/airflow/dags/dag_customer_rfm_dinda_c.py
[2026-09-17T13:02:34.924+0000] {logging_mixin.py:188} INFO - [2026-09-17T13:02:34.923+0000] {dag.py:3089} INFO - Sync 1 DAGs
[2026-09-17T13:02:34.942+0000] {logging_mixin.py:188} INFO - [2026-09-17T13:02:34.942+0000] {dag.py:3947} INFO - Setting next_dagrun for customer_rfm to 2026-09-17 00:00:00+00:00, run_after=2026-09-18 00:00:00+00:00
[2026-09-17T13:02:34.958+0000] {processor.py:183} INFO - Processing /opt/airflow/dags/dag_customer_rfm_dinda_c.py took 0.091 seconds
[2026-09-17T13:03:06.662+0000] {processor.py:161} INFO - Started process (PID=365) to work on /opt/airflow/dags/dag_customer_rfm_dinda_c.py
[2026-09-17T13:03:06.663+0000] {processor.py:830} INFO - Processing file /opt/airflow/dags/dag_customer_rfm_dinda_c.py for tasks to queue
[2026-09-17T13:03:06.665+0000] {logging_mixin.py:188} INFO - [2026-09-17T13:03:06.665+0000] {dagbag.py:545} INFO - Filling up the DagBag from /opt/airflow/dags/dag_customer_rfm_dinda_c.py
[2026-09-17T13:03:06.682+0000] {processor.py:840} INFO - DAG(s) 'customer_rfm' retrieved from /opt/airflow/dags/dag_customer_rfm_dinda_c.py
[2026-09-17T13:03:06.716+0000] {logging_mixin.py:188} INFO - [2026-09-17T13:03:06.715+0000] {dag.py:3089} INFO - Sync 1 DAGs
[2026-09-17T13:03:06.740+0000] {logging_mixin.py:188} INFO - [2026-09-17T13:03:06.740+0000] {dag.py:3947} INFO - Setting next_dagrun for customer_rfm to 2026-09-17 00:00:00+00:00, run_after=2026-09-18 00:00:00+00:00
[2026-09-17T13:03:06.779+0000] {processor.py:183} INFO - Processing /opt/airflow/dags/dag_customer_rfm_dinda_c.py took 0.122 seconds
[2026-09-17T13:03:39.018+0000] {processor.py:161} INFO - Started process (PID=370) to work on /opt/airflow/dags/dag_customer_rfm_dinda_c.py
[2026-09-17T13:03:39.019+0000] {processor.py:830} INFO - Processing file /opt/airflow/dags/dag_customer_rfm_dinda_c.py for tasks to queue
[2026-09-17T13:03:39.021+0000] {logging_mixin.py:188} INFO - [2026-09-17T13:03:39.021+0000] {dagbag.py:545} INFO - Filling up the DagBag from /opt/airflow/dags/dag_customer_rfm_dinda_c.py
[2026-09-17T13:03:39.036+0000] {processor.py:840} INFO - DAG(s) 'customer_rfm' retrieved from /opt/airflow/dags/dag_customer_rfm_dinda_c.py
[2026-09-17T13:03:39.068+0000] {logging_mixin.py:188} INFO - [2026-09-17T13:03:39.068+0000] {dag.py:3089} INFO - Sync 1 DAGs
[2026-09-17T13:03:39.090+0000] {logging_mixin.py:188} INFO - [2026-09-17T13:03:39.090+0000] {dag.py:3947} INFO - Setting next_dagrun for customer_rfm to 2026-09-17 00:00:00+00:00, run_after=2026-09-18 00:00:00+00:00
[2026-09-17T13:03:39.112+0000] {processor.py:183} INFO - Processing /opt/airflow/dags/dag_customer_rfm_dinda_c.py took 0.099 seconds
[2026-09-17T13:04:11.893+0000] {processor.py:161} INFO - Started process (PID=375) to work on /opt/airflow/dags/dag_customer_rfm_dinda_c.py
[2026-09-17T13:04:11.894+0000] {processor.py:830} INFO - Processing file /opt/airflow/dags/dag_customer_rfm_dinda_c.py for tasks to queue
[2026-09-17T13:04:11.896+0000] {logging_mixin.py:188} INFO - [2026-09-17T13:04:11.896+0000] {dagbag.py:545} INFO - Filling up the DagBag from /opt/airflow/dags/dag_customer_rfm_dinda_c.py
[2026-09-17T13:04:11.921+0000] {processor.py:840} INFO - DAG(s) 'customer_rfm' retrieved from /opt/airflow/dags/dag_customer_rfm_dinda_c.py
[2026-09-17T13:04:11.952+0000] {logging_mixin.py:188} INFO - [2026-09-17T13:04:11.951+0000] {dag.py:3089} INFO - Sync 1 DAGs
[2026-09-17T13:04:11.976+0000] {logging_mixin.py:188} INFO - [2026-09-17T13:04:11.976+0000] {dag.py:3947} INFO - Setting next_dagrun for customer_rfm to 2026-09-17 00:00:00+00:00, run_after=2026-09-18 00:00:00+00:00
[2026-09-17T13:04:12.004+0000] {processor.py:183} INFO - Processing /opt/airflow/dags/dag_customer_rfm_dinda_c.py took 0.116 seconds
[2026-09-17T13:04:43.528+0000] {processor.py:161} INFO - Started process (PID=380) to work on /opt/airflow/dags/dag_customer_rfm_dinda_c.py
[2026-09-17T13:04:43.529+0000] {processor.py:830} INFO - Processing file /opt/airflow/dags/dag_customer_rfm_dinda_c.py for tasks to queue
[2026-09-17T13:04:43.532+0000] {logging_mixin.py:188} INFO - [2026-09-17T13:04:43.532+0000] {dagbag.py:545} INFO - Filling up the DagBag from /opt/airflow/dags/dag_customer_rfm_dinda_c.py
[2026-09-17T13:04:43.551+0000] {processor.py:840} INFO - DAG(s) 'customer_rfm' retrieved from /opt/airflow/dags/dag_customer_rfm_dinda_c.py
[2026-09-17T13:04:43.585+0000] {logging_mixin.py:188} INFO - [2026-09-17T13:04:43.584+0000] {dag.py:3089} INFO - Sync 1 DAGs
[2026-09-17T13:04:43.609+0000] {logging_mixin.py:188} INFO - [2026-09-17T13:04:43.609+0000] {dag.py:3947} INFO - Setting next_dagrun for customer_rfm to 2026-09-17 00:00:00+00:00, run_after=2026-09-18 00:00:00+00:00
[2026-09-17T13:04:43.634+0000] {processor.py:183} INFO - Processing /opt/airflow/dags/dag_customer_rfm_dinda_c.py took 0.111 seconds
[2026-09-17T13:05:11.052+0000] {processor.py:161} INFO - Started process (PID=172) to work on /opt/airflow/dags/dag_customer_rfm_dinda_c.py
[2026-09-17T13:05:11.053+0000] {processor.py:830} INFO - Processing file /opt/airflow/dags/dag_customer_rfm_dinda_c.py for tasks to queue
[2026-09-17T13:05:11.057+0000] {logging_mixin.py:188} INFO - [2026-09-17T13:05:11.056+0000] {dagbag.py:545} INFO - Filling up the DagBag from /opt/airflow/dags/dag_customer_rfm_dinda_c.py
[2026-09-17T13:05:11.092+0000] {processor.py:840} INFO - DAG(s) 'customer_rfm' retrieved from /opt/airflow/dags/dag_customer_rfm_dinda_c.py
[2026-09-17T13:05:11.119+0000] {logging_mixin.py:188} INFO - [2026-09-17T13:05:11.118+0000] {dag.py:3089} INFO - Sync 1 DAGs
[2026-09-17T13:05:11.140+0000] {logging_mixin.py:188} INFO - [2026-09-17T13:05:11.140+0000] {dag.py:3947} INFO - Setting next_dagrun for customer_rfm to 2026-09-17 00:00:00+00:00, run_after=2026-09-18 00:00:00+00:00
[2026-09-17T13:05:11.161+0000] {processor.py:183} INFO - Processing /opt/airflow/dags/dag_customer_rfm_dinda_c.py took 0.116 seconds
[2026-09-17T13:05:41.739+0000] {processor.py:161} INFO - Started process (PID=177) to work on /opt/airflow/dags/dag_customer_rfm_dinda_c.py
[2026-09-17T13:05:41.741+0000] {processor.py:830} INFO - Processing file /opt/airflow/dags/dag_customer_rfm_dinda_c.py for tasks to queue
[2026-09-17T13:05:41.744+0000] {logging_mixin.py:188} INFO - [2026-09-17T13:05:41.744+0000] {dagbag.py:545} INFO - Filling up the DagBag from /opt/airflow/dags/dag_customer_rfm_dinda_c.py
[2026-09-17T13:05:41.762+0000] {processor.py:840} INFO - DAG(s) 'customer_rfm' retrieved from /opt/airflow/dags/dag_customer_rfm_dinda_c.py
[2026-09-17T13:05:41.901+0000] {logging_mixin.py:188} INFO - [2026-09-17T13:05:41.901+0000] {dag.py:3089} INFO - Sync 1 DAGs
[2026-09-17T13:05:41.917+0000] {logging_mixin.py:188} INFO - [2026-09-17T13:05:41.917+0000] {dag.py:3947} INFO - Setting next_dagrun for customer_rfm to 2026-09-17 00:00:00+00:00, run_after=2026-09-18 00:00:00+00:00
[2026-09-17T13:05:41.947+0000] {processor.py:183} INFO - Processing /opt/airflow/dags/dag_customer_rfm_dinda_c.py took 0.218 seconds
[2026-09-17T13:06:12.101+0000] {processor.py:161} INFO - Started process (PID=184) to work on /opt/airflow/dags/dag_customer_rfm_dinda_c.py
[2026-09-17T13:06:12.103+0000] {processor.py:830} INFO - Processing file /opt/airflow/dags/dag_customer_rfm_dinda_c.py for tasks to queue
[2026-09-17T13:06:12.104+0000] {logging_mixin.py:188} INFO - [2026-09-17T13:06:12.104+0000] {dagbag.py:545} INFO - Filling up the DagBag from /opt/airflow/dags/dag_customer_rfm_dinda_c.py
[2026-09-17T13:06:12.124+0000] {processor.py:840} INFO - DAG(s) 'customer_rfm' retrieved from /opt/airflow/dags/dag_customer_rfm_dinda_c.py
[2026-09-17T13:06:12.158+0000] {logging_mixin.py:188} INFO - [2026-09-17T13:06:12.158+0000] {dag.py:3089} INFO - Sync 1 DAGs
[2026-09-17T13:06:12.180+0000] {logging_mixin.py:188} INFO - [2026-09-17T13:06:12.179+0000] {dag.py:3947} INFO - Setting next_dagrun for customer_rfm to 2026-09-17 00:00:00+00:00, run_after=2026-09-18 00:00:00+00:00
[2026-09-17T13:06:12.212+0000] {processor.py:183} INFO - Processing /opt/airflow/dags/dag_customer_rfm_dinda_c.py took 0.116 seconds
[2026-09-17T13:06:42.972+0000] {processor.py:161} INFO - Started process (PID=189) to work on /opt/airflow/dags/dag_customer_rfm_dinda_c.py
[2026-09-17T13:06:42.973+0000] {processor.py:830} INFO - Processing file /opt/airflow/dags/dag_customer_rfm_dinda_c.py for tasks to queue
[2026-09-17T13:06:42.975+0000] {logging_mixin.py:188} INFO - [2026-09-17T13:06:42.975+0000] {dagbag.py:545} INFO - Filling up the DagBag from /opt/airflow/dags/dag_customer_rfm_dinda_c.py
[2026-09-17T13:06:42.992+0000] {processor.py:840} INFO - DAG(s) 'customer_rfm' retrieved from /opt/airflow/dags/dag_customer_rfm_dinda_c.py
[2026-09-17T13:06:43.020+0000] {logging_mixin.py:188} INFO - [2026-09-17T13:06:43.020+0000] {dag.py:3089} INFO - Sync 1 DAGs
[2026-09-17T13:06:43.039+0000] {logging_mixin.py:188} INFO - [2026-09-17T13:06:43.039+0000] {dag.py:3947} INFO - Setting next_dagrun for customer_rfm to 2026-09-17 00:00:00+00:00, run_after=2026-09-18 00:00:00+00:00
[2026-09-17T13:06:43.063+0000] {processor.py:183} INFO - Processing /opt/airflow/dags/dag_customer_rfm_dinda_c.py took 0.096 seconds
[2026-09-17T13:07:13.481+0000] {processor.py:161} INFO - Started process (PID=194) to work on /opt/airflow/dags/dag_customer_rfm_dinda_c.py
[2026-09-17T13:07:13.483+0000] {processor.py:830} INFO - Processing file /opt/airflow/dags/dag_customer_rfm_dinda_c.py for tasks to queue
[2026-09-17T13:07:13.485+0000] {logging_mixin.py:188} INFO - [2026-09-17T13:07:13.484+0000] {dagbag.py:545} INFO - Filling up the DagBag from /opt/airflow/dags/dag_customer_rfm_dinda_c.py
[2026-09-17T13:07:13.503+0000] {processor.py:840} INFO - DAG(s) 'customer_rfm' retrieved from /opt/airflow/dags/dag_customer_rfm_dinda_c.py
[2026-09-17T13:07:13.533+0000] {logging_mixin.py:188} INFO - [2026-09-17T13:07:13.532+0000] {dag.py:3089} INFO - Sync 1 DAGs
[2026-09-17T13:07:13.552+0000] {logging_mixin.py:188} INFO - [2026-09-17T13:07:13.552+0000] {dag.py:3947} INFO - Setting next_dagrun for customer_rfm to 2026-09-17 00:00:00+00:00, run_after=2026-09-18 00:00:00+00:00
[2026-09-17T13:07:13.578+0000] {processor.py:183} INFO - Processing /opt/airflow/dags/dag_customer_rfm_dinda_c.py took 0.102 seconds
[2026-09-17T13:07:44.590+0000] {processor.py:161} INFO - Started process (PID=201) to work on /opt/airflow/dags/dag_customer_rfm_dinda_c.py
[2026-09-17T13:07:44.591+0000] {processor.py:830} INFO - Processing file /opt/airflow/dags/dag_customer_rfm_dinda_c.py for tasks to queue
[2026-09-17T13:07:44.593+0000] {logging_mixin.py:188} INFO - [2026-09-17T13:07:44.593+0000] {dagbag.py:545} INFO - Filling up the DagBag from /opt/airflow/dags/dag_customer_rfm_dinda_c.py
[2026-09-17T13:07:44.609+0000] {processor.py:840} INFO - DAG(s) 'customer_rfm' retrieved from /opt/airflow/dags/dag_customer_rfm_dinda_c.py
[2026-09-17T13:07:44.634+0000] {logging_mixin.py:188} INFO - [2026-09-17T13:07:44.634+0000] {dag.py:3089} INFO - Sync 1 DAGs
[2026-09-17T13:07:44.651+0000] {logging_mixin.py:188} INFO - [2026-09-17T13:07:44.650+0000] {dag.py:3947} INFO - Setting next_dagrun for customer_rfm to 2026-09-17 00:00:00+00:00, run_after=2026-09-18 00:00:00+00:00
[2026-09-17T13:07:44.672+0000] {processor.py:183} INFO - Processing /opt/airflow/dags/dag_customer_rfm_dinda_c.py took 0.090 seconds
[2026-09-17T13:08:15.149+0000] {processor.py:161} INFO - Started process (PID=210) to work on /opt/airflow/dags/dag_customer_rfm_dinda_c.py
[2026-09-17T13:08:15.151+0000] {processor.py:830} INFO - Processing file /opt/airflow/dags/dag_customer_rfm_dinda_c.py for tasks to queue
[2026-09-17T13:08:15.153+0000] {logging_mixin.py:188} INFO - [2026-09-17T13:08:15.152+0000] {dagbag.py:545} INFO - Filling up the DagBag from /opt/airflow/dags/dag_customer_rfm_dinda_c.py
[2026-09-17T13:08:15.170+0000] {processor.py:840} INFO - DAG(s) 'customer_rfm' retrieved from /opt/airflow/dags/dag_customer_rfm_dinda_c.py
[2026-09-17T13:08:15.202+0000] {logging_mixin.py:188} INFO - [2026-09-17T13:08:15.202+0000] {dag.py:3089} INFO - Sync 1 DAGs
[2026-09-17T13:08:15.227+0000] {logging_mixin.py:188} INFO - [2026-09-17T13:08:15.227+0000] {dag.py:3947} INFO - Setting next_dagrun for customer_rfm to 2026-09-17 00:00:00+00:00, run_after=2026-09-18 00:00:00+00:00
[2026-09-17T13:08:15.253+0000] {processor.py:183} INFO - Processing /opt/airflow/dags/dag_customer_rfm_dinda_c.py took 0.108 seconds
[2026-09-17T13:08:45.631+0000] {processor.py:161} INFO - Started process (PID=215) to work on /opt/airflow/dags/dag_customer_rfm_dinda_c.py
[2026-09-17T13:08:45.632+0000] {processor.py:830} INFO - Processing file /opt/airflow/dags/dag_customer_rfm_dinda_c.py for tasks to queue
[2026-09-17T13:08:45.634+0000] {logging_mixin.py:188} INFO - [2026-09-17T13:08:45.633+0000] {dagbag.py:545} INFO - Filling up the DagBag from /opt/airflow/dags/dag_customer_rfm_dinda_c.py
[2026-09-17T13:08:45.653+0000] {processor.py:840} INFO - DAG(s) 'customer_rfm' retrieved from /opt/airflow/dags/dag_customer_rfm_dinda_c.py
[2026-09-17T13:08:45.685+0000] {logging_mixin.py:188} INFO - [2026-09-17T13:08:45.685+0000] {dag.py:3089} INFO - Sync 1 DAGs
[2026-09-17T13:08:45.706+0000] {logging_mixin.py:188} INFO - [2026-09-17T13:08:45.705+0000] {dag.py:3947} INFO - Setting next_dagrun for customer_rfm to 2026-09-17 00:00:00+00:00, run_after=2026-09-18 00:00:00+00:00
[2026-09-17T13:08:45.728+0000] {processor.py:183} INFO - Processing /opt/airflow/dags/dag_customer_rfm_dinda_c.py took 0.102 seconds
[2026-09-17T13:09:16.128+0000] {processor.py:161} INFO - Started process (PID=220) to work on /opt/airflow/dags/dag_customer_rfm_dinda_c.py
[2026-09-17T13:09:16.129+0000] {processor.py:830} INFO - Processing file /opt/airflow/dags/dag_customer_rfm_dinda_c.py for tasks to queue
[2026-09-17T13:09:16.130+0000] {logging_mixin.py:188} INFO - [2026-09-17T13:09:16.130+0000] {dagbag.py:545} INFO - Filling up the DagBag from /opt/airflow/dags/dag_customer_rfm_dinda_c.py
[2026-09-17T13:09:16.149+0000] {processor.py:840} INFO - DAG(s) 'customer_rfm' retrieved from /opt/airflow/dags/dag_customer_rfm_dinda_c.py
[2026-09-17T13:09:16.177+0000] {logging_mixin.py:188} INFO - [2026-09-17T13:09:16.177+0000] {dag.py:3089} INFO - Sync 1 DAGs
[2026-09-17T13:09:16.202+0000] {logging_mixin.py:188} INFO - [2026-09-17T13:09:16.202+0000] {dag.py:3947} INFO - Setting next_dagrun for customer_rfm to 2026-09-17 00:00:00+00:00, run_after=2026-09-18 00:00:00+00:00
[2026-09-17T13:09:16.226+0000] {processor.py:183} INFO - Processing /opt/airflow/dags/dag_customer_rfm_dinda_c.py took 0.104 seconds
[2026-09-17T13:09:46.654+0000] {processor.py:161} INFO - Started process (PID=225) to work on /opt/airflow/dags/dag_customer_rfm_dinda_c.py
[2026-09-17T13:09:46.655+0000] {processor.py:830} INFO - Processing file /opt/airflow/dags/dag_customer_rfm_dinda_c.py for tasks to queue
[2026-09-17T13:09:46.656+0000] {logging_mixin.py:188} INFO - [2026-09-17T13:09:46.656+0000] {dagbag.py:545} INFO - Filling up the DagBag from /opt/airflow/dags/dag_customer_rfm_dinda_c.py
[2026-09-17T13:09:46.677+0000] {processor.py:840} INFO - DAG(s) 'customer_rfm' retrieved from /opt/airflow/dags/dag_customer_rfm_dinda_c.py
[2026-09-17T13:09:46.707+0000] {logging_mixin.py:188} INFO - [2026-09-17T13:09:46.707+0000] {dag.py:3089} INFO - Sync 1 DAGs
[2026-09-17T13:09:46.731+0000] {logging_mixin.py:188} INFO - [2026-09-17T13:09:46.730+0000] {dag.py:3947} INFO - Setting next_dagrun for customer_rfm to 2026-09-17 00:00:00+00:00, run_after=2026-09-18 00:00:00+00:00
[2026-09-17T13:09:46.757+0000] {processor.py:183} INFO - Processing /opt/airflow/dags/dag_customer_rfm_dinda_c.py took 0.108 seconds
[2026-09-17T13:10:17.212+0000] {processor.py:161} INFO - Started process (PID=230) to work on /opt/airflow/dags/dag_customer_rfm_dinda_c.py
[2026-09-17T13:10:17.213+0000] {processor.py:830} INFO - Processing file /opt/airflow/dags/dag_customer_rfm_dinda_c.py for tasks to queue
[2026-09-17T13:10:17.215+0000] {logging_mixin.py:188} INFO - [2026-09-17T13:10:17.215+0000] {dagbag.py:545} INFO - Filling up the DagBag from /opt/airflow/dags/dag_customer_rfm_dinda_c.py
[2026-09-17T13:10:17.235+0000] {processor.py:840} INFO - DAG(s) 'customer_rfm' retrieved from /opt/airflow/dags/dag_customer_rfm_dinda_c.py
[2026-09-17T13:10:17.260+0000] {logging_mixin.py:188} INFO - [2026-09-17T13:10:17.259+0000] {dag.py:3089} INFO - Sync 1 DAGs
[2026-09-17T13:10:17.276+0000] {logging_mixin.py:188} INFO - [2026-09-17T13:10:17.276+0000] {dag.py:3947} INFO - Setting next_dagrun for customer_rfm to 2026-09-17 00:00:00+00:00, run_after=2026-09-18 00:00:00+00:00
[2026-09-17T13:10:17.290+0000] {processor.py:183} INFO - Processing /opt/airflow/dags/dag_customer_rfm_dinda_c.py took 0.083 seconds
[2026-09-17T13:10:47.820+0000] {processor.py:161} INFO - Started process (PID=237) to work on /opt/airflow/dags/dag_customer_rfm_dinda_c.py
[2026-09-17T13:10:47.821+0000] {processor.py:830} INFO - Processing file /opt/airflow/dags/dag_customer_rfm_dinda_c.py for tasks to queue
[2026-09-17T13:10:47.823+0000] {logging_mixin.py:188} INFO - [2026-09-17T13:10:47.822+0000] {dagbag.py:545} INFO - Filling up the DagBag from /opt/airflow/dags/dag_customer_rfm_dinda_c.py
[2026-09-17T13:10:47.843+0000] {processor.py:840} INFO - DAG(s) 'customer_rfm' retrieved from /opt/airflow/dags/dag_customer_rfm_dinda_c.py
[2026-09-17T13:10:47.873+0000] {logging_mixin.py:188} INFO - [2026-09-17T13:10:47.873+0000] {dag.py:3089} INFO - Sync 1 DAGs
[2026-09-17T13:10:47.892+0000] {logging_mixin.py:188} INFO - [2026-09-17T13:10:47.892+0000] {dag.py:3947} INFO - Setting next_dagrun for customer_rfm to 2026-09-17 00:00:00+00:00, run_after=2026-09-18 00:00:00+00:00
[2026-09-17T13:10:47.917+0000] {processor.py:183} INFO - Processing /opt/airflow/dags/dag_customer_rfm_dinda_c.py took 0.103 seconds
[2026-09-17T13:11:18.321+0000] {processor.py:161} INFO - Started process (PID=244) to work on /opt/airflow/dags/dag_customer_rfm_dinda_c.py
[2026-09-17T13:11:18.323+0000] {processor.py:830} INFO - Processing file /opt/airflow/dags/dag_customer_rfm_dinda_c.py for tasks to queue
[2026-09-17T13:11:18.325+0000] {logging_mixin.py:188} INFO - [2026-09-17T13:11:18.324+0000] {dagbag.py:545} INFO - Filling up the DagBag from /opt/airflow/dags/dag_customer_rfm_dinda_c.py
[2026-09-17T13:11:18.344+0000] {processor.py:840} INFO - DAG(s) 'customer_rfm' retrieved from /opt/airflow/dags/dag_customer_rfm_dinda_c.py
[2026-09-17T13:11:18.374+0000] {logging_mixin.py:188} INFO - [2026-09-17T13:11:18.373+0000] {dag.py:3089} INFO - Sync 1 DAGs
[2026-09-17T13:11:18.397+0000] {logging_mixin.py:188} INFO - [2026-09-17T13:11:18.396+0000] {dag.py:3947} INFO - Setting next_dagrun for customer_rfm to 2026-09-17 00:00:00+00:00, run_after=2026-09-18 00:00:00+00:00
[2026-09-17T13:11:18.426+0000] {processor.py:183} INFO - Processing /opt/airflow/dags/dag_customer_rfm_dinda_c.py took 0.111 seconds
[2026-09-17T13:11:48.952+0000] {processor.py:161} INFO - Started process (PID=249) to work on /opt/airflow/dags/dag_customer_rfm_dinda_c.py
[2026-09-17T13:11:48.953+0000] {processor.py:830} INFO - Processing file /opt/airflow/dags/dag_customer_rfm_dinda_c.py for tasks to queue
[2026-09-17T13:11:48.954+0000] {logging_mixin.py:188} INFO - [2026-09-17T13:11:48.954+0000] {dagbag.py:545} INFO - Filling up the DagBag from /opt/airflow/dags/dag_customer_rfm_dinda_c.py
[2026-09-17T13:11:48.973+0000] {processor.py:840} INFO - DAG(s) 'customer_rfm' retrieved from /opt/airflow/dags/dag_customer_rfm_dinda_c.py
[2026-09-17T13:11:49.004+0000] {logging_mixin.py:188} INFO - [2026-09-17T13:11:49.003+0000] {dag.py:3089} INFO - Sync 1 DAGs
[2026-09-17T13:11:49.025+0000] {logging_mixin.py:188} INFO - [2026-09-17T13:11:49.025+0000] {dag.py:3947} INFO - Setting next_dagrun for customer_rfm to 2026-09-17 00:00:00+00:00, run_after=2026-09-18 00:00:00+00:00
[2026-09-17T13:11:49.048+0000] {processor.py:183} INFO - Processing /opt/airflow/dags/dag_customer_rfm_dinda_c.py took 0.100 seconds
[2026-09-17T13:12:19.403+0000] {processor.py:161} INFO - Started process (PID=256) to work on /opt/airflow/dags/dag_customer_rfm_dinda_c.py
[2026-09-17T13:12:19.404+0000] {processor.py:830} INFO - Processing file /opt/airflow/dags/dag_customer_rfm_dinda_c.py for tasks to queue
[2026-09-17T13:12:19.405+0000] {logging_mixin.py:188} INFO - [2026-09-17T13:12:19.405+0000] {dagbag.py:545} INFO - Filling up the DagBag from /opt/airflow/dags/dag_customer_rfm_dinda_c.py
[2026-09-17T13:12:19.424+0000] {processor.py:840} INFO - DAG(s) 'customer_rfm' retrieved from /opt/airflow/dags/dag_customer_rfm_dinda_c.py
[2026-09-17T13:12:19.452+0000] {logging_mixin.py:188} INFO - [2026-09-17T13:12:19.452+0000] {dag.py:3089} INFO - Sync 1 DAGs
[2026-09-17T13:12:19.474+0000] {logging_mixin.py:188} INFO - [2026-09-17T13:12:19.474+0000] {dag.py:3947} INFO - Setting next_dagrun for customer_rfm to 2026-09-17 00:00:00+00:00, run_after=2026-09-18 00:00:00+00:00
[2026-09-17T13:12:19.496+0000] {processor.py:183} INFO - Processing /opt/airflow/dags/dag_customer_rfm_dinda_c.py took 0.098 seconds
[2026-09-17T13:12:49.906+0000] {processor.py:161} INFO - Started process (PID=263) to work on /opt/airflow/dags/dag_customer_rfm_dinda_c.py
[2026-09-17T13:12:49.907+0000] {processor.py:830} INFO - Processing file /opt/airflow/dags/dag_customer_rfm_dinda_c.py for tasks to queue
[2026-09-17T13:12:49.909+0000] {logging_mixin.py:188} INFO - [2026-09-17T13:12:49.909+0000] {dagbag.py:545} INFO - Filling up the DagBag from /opt/airflow/dags/dag_customer_rfm_dinda_c.py
[2026-09-17T13:12:49.931+0000] {processor.py:840} INFO - DAG(s) 'customer_rfm' retrieved from /opt/airflow/dags/dag_customer_rfm_dinda_c.py
[2026-09-17T13:12:49.959+0000] {logging_mixin.py:188} INFO - [2026-09-17T13:12:49.958+0000] {dag.py:3089} INFO - Sync 1 DAGs
[2026-09-17T13:12:49.985+0000] {logging_mixin.py:188} INFO - [2026-09-17T13:12:49.984+0000] {dag.py:3947} INFO - Setting next_dagrun for customer_rfm to 2026-09-17 00:00:00+00:00, run_after=2026-09-18 00:00:00+00:00
[2026-09-17T13:12:50.011+0000] {processor.py:183} INFO - Processing /opt/airflow/dags/dag_customer_rfm_dinda_c.py took 0.109 seconds
[2026-09-17T13:13:21.421+0000] {processor.py:161} INFO - Started process (PID=270) to work on /opt/airflow/dags/dag_customer_rfm_dinda_c.py
[2026-09-17T13:13:21.421+0000] {processor.py:830} INFO - Processing file /opt/airflow/dags/dag_customer_rfm_dinda_c.py for tasks to queue
[2026-09-17T13:13:21.423+0000] {logging_mixin.py:188} INFO - [2026-09-17T13:13:21.423+0000] {dagbag.py:545} INFO - Filling up the DagBag from /opt/airflow/dags/dag_customer_rfm_dinda_c.py
[2026-09-17T13:13:21.439+0000] {processor.py:840} INFO - DAG(s) 'customer_rfm' retrieved from /opt/airflow/dags/dag_customer_rfm_dinda_c.py
[2026-09-17T13:13:21.467+0000] {logging_mixin.py:188} INFO - [2026-09-17T13:13:21.467+0000] {dag.py:3089} INFO - Sync 1 DAGs
[2026-09-17T13:13:21.486+0000] {logging_mixin.py:188} INFO - [2026-09-17T13:13:21.485+0000] {dag.py:3947} INFO - Setting next_dagrun for customer_rfm to 2026-09-17 00:00:00+00:00, run_after=2026-09-18 00:00:00+00:00
[2026-09-17T13:13:21.508+0000] {processor.py:183} INFO - Processing /opt/airflow/dags/dag_customer_rfm_dinda_c.py took 0.092 seconds
[2026-09-17T13:13:54.049+0000] {processor.py:161} INFO - Started process (PID=277) to work on /opt/airflow/dags/dag_customer_rfm_dinda_c.py
[2026-09-17T13:13:54.050+0000] {processor.py:830} INFO - Processing file /opt/airflow/dags/dag_customer_rfm_dinda_c.py for tasks to queue
[2026-09-17T13:13:54.052+0000] {logging_mixin.py:188} INFO - [2026-09-17T13:13:54.052+0000] {dagbag.py:545} INFO - Filling up the DagBag from /opt/airflow/dags/dag_customer_rfm_dinda_c.py
[2026-09-17T13:13:54.068+0000] {processor.py:840} INFO - DAG(s) 'customer_rfm' retrieved from /opt/airflow/dags/dag_customer_rfm_dinda_c.py
[2026-09-17T13:13:54.096+0000] {logging_mixin.py:188} INFO - [2026-09-17T13:13:54.095+0000] {dag.py:3089} INFO - Sync 1 DAGs
[2026-09-17T13:13:54.119+0000] {logging_mixin.py:188} INFO - [2026-09-17T13:13:54.119+0000] {dag.py:3947} INFO - Setting next_dagrun for customer_rfm to 2026-09-17 00:00:00+00:00, run_after=2026-09-18 00:00:00+00:00
[2026-09-17T13:13:54.144+0000] {processor.py:183} INFO - Processing /opt/airflow/dags/dag_customer_rfm_dinda_c.py took 0.099 seconds
[2026-09-17T13:14:25.691+0000] {processor.py:161} INFO - Started process (PID=282) to work on /opt/airflow/dags/dag_customer_rfm_dinda_c.py
[2026-09-17T13:14:25.691+0000] {processor.py:830} INFO - Processing file /opt/airflow/dags/dag_customer_rfm_dinda_c.py for tasks to queue
[2026-09-17T13:14:25.693+0000] {logging_mixin.py:188} INFO - [2026-09-17T13:14:25.693+0000] {dagbag.py:545} INFO - Filling up the DagBag from /opt/airflow/dags/dag_customer_rfm_dinda_c.py
[2026-09-17T13:14:25.708+0000] {processor.py:840} INFO - DAG(s) 'customer_rfm' retrieved from /opt/airflow/dags/dag_customer_rfm_dinda_c.py
[2026-09-17T13:14:25.734+0000] {logging_mixin.py:188} INFO - [2026-09-17T13:14:25.733+0000] {dag.py:3089} INFO - Sync 1 DAGs
[2026-09-17T13:14:25.751+0000] {logging_mixin.py:188} INFO - [2026-09-17T13:14:25.751+0000] {dag.py:3947} INFO - Setting next_dagrun for customer_rfm to 2026-09-17 00:00:00+00:00, run_after=2026-09-18 00:00:00+00:00
[2026-09-17T13:14:25.774+0000] {processor.py:183} INFO - Processing /opt/airflow/dags/dag_customer_rfm_dinda_c.py took 0.088 seconds
[2026-09-17T13:14:57.659+0000] {processor.py:161} INFO - Started process (PID=287) to work on /opt/airflow/dags/dag_customer_rfm_dinda_c.py
[2026-09-17T13:14:57.660+0000] {processor.py:830} INFO - Processing file /opt/airflow/dags/dag_customer_rfm_dinda_c.py for tasks to queue
[2026-09-17T13:14:57.662+0000] {logging_mixin.py:188} INFO - [2026-09-17T13:14:57.661+0000] {dagbag.py:545} INFO - Filling up the DagBag from /opt/airflow/dags/dag_customer_rfm_dinda_c.py
[2026-09-17T13:14:57.679+0000] {processor.py:840} INFO - DAG(s) 'customer_rfm' retrieved from /opt/airflow/dags/dag_customer_rfm_dinda_c.py
[2026-09-17T13:14:57.706+0000] {logging_mixin.py:188} INFO - [2026-09-17T13:14:57.705+0000] {dag.py:3089} INFO - Sync 1 DAGs
[2026-09-17T13:14:57.722+0000] {logging_mixin.py:188} INFO - [2026-09-17T13:14:57.722+0000] {dag.py:3947} INFO - Setting next_dagrun for customer_rfm to 2026-09-17 00:00:00+00:00, run_after=2026-09-18 00:00:00+00:00
[2026-09-17T13:14:57.738+0000] {processor.py:183} INFO - Processing /opt/airflow/dags/dag_customer_rfm_dinda_c.py took 0.084 seconds
[2026-09-17T13:15:29.982+0000] {processor.py:161} INFO - Started process (PID=294) to work on /opt/airflow/dags/dag_customer_rfm_dinda_c.py
[2026-09-17T13:15:29.983+0000] {processor.py:830} INFO - Processing file /opt/airflow/dags/dag_customer_rfm_dinda_c.py for tasks to queue
[2026-09-17T13:15:29.985+0000] {logging_mixin.py:188} INFO - [2026-09-17T13:15:29.985+0000] {dagbag.py:545} INFO - Filling up the DagBag from /opt/airflow/dags/dag_customer_rfm_dinda_c.py
[2026-09-17T13:15:30.000+0000] {processor.py:840} INFO - DAG(s) 'customer_rfm' retrieved from /opt/airflow/dags/dag_customer_rfm_dinda_c.py
[2026-09-17T13:15:30.023+0000] {logging_mixin.py:188} INFO - [2026-09-17T13:15:30.023+0000] {dag.py:3089} INFO - Sync 1 DAGs
[2026-09-17T13:15:30.039+0000] {logging_mixin.py:188} INFO - [2026-09-17T13:15:30.039+0000] {dag.py:3947} INFO - Setting next_dagrun for customer_rfm to 2026-09-17 00:00:00+00:00, run_after=2026-09-18 00:00:00+00:00
[2026-09-17T13:15:30.060+0000] {processor.py:183} INFO - Processing /opt/airflow/dags/dag_customer_rfm_dinda_c.py took 0.084 seconds
[2026-09-17T13:16:02.951+0000] {processor.py:161} INFO - Started process (PID=299) to work on /opt/airflow/dags/dag_customer_rfm_dinda_c.py
[2026-09-17T13:16:02.952+0000] {processor.py:830} INFO - Processing file /opt/airflow/dags/dag_customer_rfm_dinda_c.py for tasks to queue
[2026-09-17T13:16:02.954+0000] {logging_mixin.py:188} INFO - [2026-09-17T13:16:02.953+0000] {dagbag.py:545} INFO - Filling up the DagBag from /opt/airflow/dags/dag_customer_rfm_dinda_c.py
[2026-09-17T13:16:02.969+0000] {processor.py:840} INFO - DAG(s) 'customer_rfm' retrieved from /opt/airflow/dags/dag_customer_rfm_dinda_c.py
[2026-09-17T13:16:02.996+0000] {logging_mixin.py:188} INFO - [2026-09-17T13:16:02.995+0000] {dag.py:3089} INFO - Sync 1 DAGs
[2026-09-17T13:16:03.016+0000] {logging_mixin.py:188} INFO - [2026-09-17T13:16:03.015+0000] {dag.py:3947} INFO - Setting next_dagrun for customer_rfm to 2026-09-17 00:00:00+00:00, run_after=2026-09-18 00:00:00+00:00
[2026-09-17T13:16:03.038+0000] {processor.py:183} INFO - Processing /opt/airflow/dags/dag_customer_rfm_dinda_c.py took 0.092 seconds
[2026-09-17T13:16:35.486+0000] {processor.py:161} INFO - Started process (PID=304) to work on /opt/airflow/dags/dag_customer_rfm_dinda_c.py
[2026-09-17T13:16:35.488+0000] {processor.py:830} INFO - Processing file /opt/airflow/dags/dag_customer_rfm_dinda_c.py for tasks to queue
[2026-09-17T13:16:35.489+0000] {logging_mixin.py:188} INFO - [2026-09-17T13:16:35.489+0000] {dagbag.py:545} INFO - Filling up the DagBag from /opt/airflow/dags/dag_customer_rfm_dinda_c.py
[2026-09-17T13:16:35.511+0000] {processor.py:840} INFO - DAG(s) 'customer_rfm' retrieved from /opt/airflow/dags/dag_customer_rfm_dinda_c.py
[2026-09-17T13:16:35.549+0000] {logging_mixin.py:188} INFO - [2026-09-17T13:16:35.549+0000] {dag.py:3089} INFO - Sync 1 DAGs
[2026-09-17T13:16:35.570+0000] {logging_mixin.py:188} INFO - [2026-09-17T13:16:35.569+0000] {dag.py:3947} INFO - Setting next_dagrun for customer_rfm to 2026-09-17 00:00:00+00:00, run_after=2026-09-18 00:00:00+00:00
[2026-09-17T13:16:35.586+0000] {processor.py:183} INFO - Processing /opt/airflow/dags/dag_customer_rfm_dinda_c.py took 0.113 seconds
[2026-09-17T13:17:07.421+0000] {processor.py:161} INFO - Started process (PID=311) to work on /opt/airflow/dags/dag_customer_rfm_dinda_c.py
[2026-09-17T13:17:07.422+0000] {processor.py:830} INFO - Processing file /opt/airflow/dags/dag_customer_rfm_dinda_c.py for tasks to queue
[2026-09-17T13:17:07.424+0000] {logging_mixin.py:188} INFO - [2026-09-17T13:17:07.424+0000] {dagbag.py:545} INFO - Filling up the DagBag from /opt/airflow/dags/dag_customer_rfm_dinda_c.py
[2026-09-17T13:17:07.444+0000] {processor.py:840} INFO - DAG(s) 'customer_rfm' retrieved from /opt/airflow/dags/dag_customer_rfm_dinda_c.py
[2026-09-17T13:17:07.479+0000] {logging_mixin.py:188} INFO - [2026-09-17T13:17:07.479+0000] {dag.py:3089} INFO - Sync 1 DAGs
[2026-09-17T13:17:07.501+0000] {logging_mixin.py:188} INFO - [2026-09-17T13:17:07.501+0000] {dag.py:3947} INFO - Setting next_dagrun for customer_rfm to 2026-09-17 00:00:00+00:00, run_after=2026-09-18 00:00:00+00:00
[2026-09-17T13:17:07.525+0000] {processor.py:183} INFO - Processing /opt/airflow/dags/dag_customer_rfm_dinda_c.py took 0.108 seconds
[2026-09-17T13:17:40.011+0000] {processor.py:161} INFO - Started process (PID=318) to work on /opt/airflow/dags/dag_customer_rfm_dinda_c.py
[2026-09-17T13:17:40.012+0000] {processor.py:830} INFO - Processing file /opt/airflow/dags/dag_customer_rfm_dinda_c.py for tasks to queue
[2026-09-17T13:17:40.014+0000] {logging_mixin.py:188} INFO - [2026-09-17T13:17:40.014+0000] {dagbag.py:545} INFO - Filling up the DagBag from /opt/airflow/dags/dag_customer_rfm_dinda_c.py
[2026-09-17T13:17:40.034+0000] {processor.py:840} INFO - DAG(s) 'customer_rfm' retrieved from /opt/airflow/dags/dag_customer_rfm_dinda_c.py
[2026-09-17T13:17:40.068+0000] {logging_mixin.py:188} INFO - [2026-09-17T13:17:40.068+0000] {dag.py:3089} INFO - Sync 1 DAGs
[2026-09-17T13:17:40.087+0000] {logging_mixin.py:188} INFO - [2026-09-17T13:17:40.087+0000] {dag.py:3947} INFO - Setting next_dagrun for customer_rfm to 2026-09-17 00:00:00+00:00, run_after=2026-09-18 00:00:00+00:00
[2026-09-17T13:17:40.101+0000] {processor.py:183} INFO - Processing /opt/airflow/dags/dag_customer_rfm_dinda_c.py took 0.096 seconds
[2026-09-17T13:18:12.759+0000] {processor.py:161} INFO - Started process (PID=323) to work on /opt/airflow/dags/dag_customer_rfm_dinda_c.py
[2026-09-17T13:18:12.760+0000] {processor.py:830} INFO - Processing file /opt/airflow/dags/dag_customer_rfm_dinda_c.py for tasks to queue
[2026-09-17T13:18:12.762+0000] {logging_mixin.py:188} INFO - [2026-09-17T13:18:12.761+0000] {dagbag.py:545} INFO - Filling up the DagBag from /opt/airflow/dags/dag_customer_rfm_dinda_c.py
[2026-09-17T13:18:12.778+0000] {processor.py:840} INFO - DAG(s) 'customer_rfm' retrieved from /opt/airflow/dags/dag_customer_rfm_dinda_c.py
[2026-09-17T13:18:12.807+0000] {logging_mixin.py:188} INFO - [2026-09-17T13:18:12.807+0000] {dag.py:3089} INFO - Sync 1 DAGs
[2026-09-17T13:18:12.827+0000] {logging_mixin.py:188} INFO - [2026-09-17T13:18:12.827+0000] {dag.py:3947} INFO - Setting next_dagrun for customer_rfm to 2026-09-17 00:00:00+00:00, run_after=2026-09-18 00:00:00+00:00
[2026-09-17T13:18:12.851+0000] {processor.py:183} INFO - Processing /opt/airflow/dags/dag_customer_rfm_dinda_c.py took 0.098 seconds
[2026-09-17T13:18:44.177+0000] {processor.py:161} INFO - Started process (PID=330) to work on /opt/airflow/dags/dag_customer_rfm_dinda_c.py
[2026-09-17T13:18:44.179+0000] {processor.py:830} INFO - Processing file /opt/airflow/dags/dag_customer_rfm_dinda_c.py for tasks to queue
[2026-09-17T13:18:44.181+0000] {logging_mixin.py:188} INFO - [2026-09-17T13:18:44.180+0000] {dagbag.py:545} INFO - Filling up the DagBag from /opt/airflow/dags/dag_customer_rfm_dinda_c.py
[2026-09-17T13:18:44.207+0000] {processor.py:840} INFO - DAG(s) 'customer_rfm' retrieved from /opt/airflow/dags/dag_customer_rfm_dinda_c.py
[2026-09-17T13:18:44.242+0000] {logging_mixin.py:188} INFO - [2026-09-17T13:18:44.241+0000] {dag.py:3089} INFO - Sync 1 DAGs
[2026-09-17T13:18:44.261+0000] {logging_mixin.py:188} INFO - [2026-09-17T13:18:44.260+0000] {dag.py:3947} INFO - Setting next_dagrun for customer_rfm to 2026-09-17 00:00:00+00:00, run_after=2026-09-18 00:00:00+00:00
[2026-09-17T13:18:44.279+0000] {processor.py:183} INFO - Processing /opt/airflow/dags/dag_customer_rfm_dinda_c.py took 0.109 seconds
[2026-09-17T13:19:17.106+0000] {processor.py:161} INFO - Started process (PID=337) to work on /opt/airflow/dags/dag_customer_rfm_dinda_c.py
[2026-09-17T13:19:17.107+0000] {processor.py:830} INFO - Processing file /opt/airflow/dags/dag_customer_rfm_dinda_c.py for tasks to queue
[2026-09-17T13:19:17.108+0000] {logging_mixin.py:188} INFO - [2026-09-17T13:19:17.108+0000] {dagbag.py:545} INFO - Filling up the DagBag from /opt/airflow/dags/dag_customer_rfm_dinda_c.py
[2026-09-17T13:19:17.125+0000] {processor.py:840} INFO - DAG(s) 'customer_rfm' retrieved from /opt/airflow/dags/dag_customer_rfm_dinda_c.py
[2026-09-17T13:19:17.153+0000] {logging_mixin.py:188} INFO - [2026-09-17T13:19:17.153+0000] {dag.py:3089} INFO - Sync 1 DAGs
[2026-09-17T13:19:17.175+0000] {logging_mixin.py:188} INFO - [2026-09-17T13:19:17.175+0000] {dag.py:3947} INFO - Setting next_dagrun for customer_rfm to 2026-09-17 00:00:00+00:00, run_after=2026-09-18 00:00:00+00:00
[2026-09-17T13:19:17.199+0000] {processor.py:183} INFO - Processing /opt/airflow/dags/dag_customer_rfm_dinda_c.py took 0.099 seconds
[2026-09-17T13:19:49.996+0000] {processor.py:161} INFO - Started process (PID=342) to work on /opt/airflow/dags/dag_customer_rfm_dinda_c.py
[2026-09-17T13:19:49.997+0000] {processor.py:830} INFO - Processing file /opt/airflow/dags/dag_customer_rfm_dinda_c.py for tasks to queue
[2026-09-17T13:19:49.999+0000] {logging_mixin.py:188} INFO - [2026-09-17T13:19:49.999+0000] {dagbag.py:545} INFO - Filling up the DagBag from /opt/airflow/dags/dag_customer_rfm_dinda_c.py
[2026-09-17T13:19:50.029+0000] {processor.py:840} INFO - DAG(s) 'customer_rfm' retrieved from /opt/airflow/dags/dag_customer_rfm_dinda_c.py
[2026-09-17T13:19:50.071+0000] {logging_mixin.py:188} INFO - [2026-09-17T13:19:50.070+0000] {dag.py:3089} INFO - Sync 1 DAGs
[2026-09-17T13:19:50.096+0000] {logging_mixin.py:188} INFO - [2026-09-17T13:19:50.096+0000] {dag.py:3947} INFO - Setting next_dagrun for customer_rfm to 2026-09-17 00:00:00+00:00, run_after=2026-09-18 00:00:00+00:00
[2026-09-17T13:19:50.112+0000] {processor.py:183} INFO - Processing /opt/airflow/dags/dag_customer_rfm_dinda_c.py took 0.121 seconds
[2026-09-17T13:20:22.638+0000] {processor.py:161} INFO - Started process (PID=347) to work on /opt/airflow/dags/dag_customer_rfm_dinda_c.py
[2026-09-17T13:20:22.639+0000] {processor.py:830} INFO - Processing file /opt/airflow/dags/dag_customer_rfm_dinda_c.py for tasks to queue
[2026-09-17T13:20:22.641+0000] {logging_mixin.py:188} INFO - [2026-09-17T13:20:22.641+0000] {dagbag.py:545} INFO - Filling up the DagBag from /opt/airflow/dags/dag_customer_rfm_dinda_c.py
[2026-09-17T13:20:22.657+0000] {processor.py:840} INFO - DAG(s) 'customer_rfm' retrieved from /opt/airflow/dags/dag_customer_rfm_dinda_c.py
[2026-09-17T13:20:22.687+0000] {logging_mixin.py:188} INFO - [2026-09-17T13:20:22.686+0000] {dag.py:3089} INFO - Sync 1 DAGs
[2026-09-17T13:20:22.713+0000] {logging_mixin.py:188} INFO - [2026-09-17T13:20:22.712+0000] {dag.py:3947} INFO - Setting next_dagrun for customer_rfm to 2026-09-17 00:00:00+00:00, run_after=2026-09-18 00:00:00+00:00
[2026-09-17T13:20:22.739+0000] {processor.py:183} INFO - Processing /opt/airflow/dags/dag_customer_rfm_dinda_c.py took 0.108 seconds
[2026-09-17T13:20:54.313+0000] {processor.py:161} INFO - Started process (PID=352) to work on /opt/airflow/dags/dag_customer_rfm_dinda_c.py
[2026-09-17T13:20:54.314+0000] {processor.py:830} INFO - Processing file /opt/airflow/dags/dag_customer_rfm_dinda_c.py for tasks to queue
[2026-09-17T13:20:54.317+0000] {logging_mixin.py:188} INFO - [2026-09-17T13:20:54.317+0000] {dagbag.py:545} INFO - Filling up the DagBag from /opt/airflow/dags/dag_customer_rfm_dinda_c.py
[2026-09-17T13:20:54.343+0000] {processor.py:840} INFO - DAG(s) 'customer_rfm' retrieved from /opt/airflow/dags/dag_customer_rfm_dinda_c.py
[2026-09-17T13:20:54.380+0000] {logging_mixin.py:188} INFO - [2026-09-17T13:20:54.380+0000] {dag.py:3089} INFO - Sync 1 DAGs
[2026-09-17T13:20:54.398+0000] {logging_mixin.py:188} INFO - [2026-09-17T13:20:54.398+0000] {dag.py:3947} INFO - Setting next_dagrun for customer_rfm to 2026-09-17 00:00:00+00:00, run_after=2026-09-18 00:00:00+00:00
[2026-09-17T13:20:54.411+0000] {processor.py:183} INFO - Processing /opt/airflow/dags/dag_customer_rfm_dinda_c.py took 0.111 seconds
[2026-09-17T13:21:27.123+0000] {processor.py:161} INFO - Started process (PID=357) to work on /opt/airflow/dags/dag_customer_rfm_dinda_c.py
[2026-09-17T13:21:27.124+0000] {processor.py:830} INFO - Processing file /opt/airflow/dags/dag_customer_rfm_dinda_c.py for tasks to queue
[2026-09-17T13:21:27.126+0000] {logging_mixin.py:188} INFO - [2026-09-17T13:21:27.125+0000] {dagbag.py:545} INFO - Filling up the DagBag from /opt/airflow/dags/dag_customer_rfm_dinda_c.py
[2026-09-17T13:21:27.142+0000] {processor.py:840} INFO - DAG(s) 'customer_rfm' retrieved from /opt/airflow/dags/dag_customer_rfm_dinda_c.py
[2026-09-17T13:21:27.172+0000] {logging_mixin.py:188} INFO - [2026-09-17T13:21:27.172+0000] {dag.py:3089} INFO - Sync 1 DAGs
[2026-09-17T13:21:27.189+0000] {logging_mixin.py:188} INFO - [2026-09-17T13:21:27.189+0000] {dag.py:3947} INFO - Setting next_dagrun for customer_rfm to 2026-09-17 00:00:00+00:00, run_after=2026-09-18 00:00:00+00:00
[2026-09-17T13:21:27.214+0000] {processor.py:183} INFO - Processing /opt/airflow/dags/dag_customer_rfm_dinda_c.py took 0.097 seconds
[2026-09-17T13:21:59.851+0000] {processor.py:161} INFO - Started process (PID=362) to work on /opt/airflow/dags/dag_customer_rfm_dinda_c.py
[2026-09-17T13:21:59.853+0000] {processor.py:830} INFO - Processing file /opt/airflow/dags/dag_customer_rfm_dinda_c.py for tasks to queue
[2026-09-17T13:21:59.854+0000] {logging_mixin.py:188} INFO - [2026-09-17T13:21:59.854+0000] {dagbag.py:545} INFO - Filling up the DagBag from /opt/airflow/dags/dag_customer_rfm_dinda_c.py
[2026-09-17T13:21:59.869+0000] {processor.py:840} INFO - DAG(s) 'customer_rfm' retrieved from /opt/airflow/dags/dag_customer_rfm_dinda_c.py
[2026-09-17T13:21:59.894+0000] {logging_mixin.py:188} INFO - [2026-09-17T13:21:59.894+0000] {dag.py:3089} INFO - Sync 1 DAGs
[2026-09-17T13:21:59.915+0000] {logging_mixin.py:188} INFO - [2026-09-17T13:21:59.915+0000] {dag.py:3947} INFO - Setting next_dagrun for customer_rfm to 2026-09-17 00:00:00+00:00, run_after=2026-09-18 00:00:00+00:00
[2026-09-17T13:21:59.938+0000] {processor.py:183} INFO - Processing /opt/airflow/dags/dag_customer_rfm_dinda_c.py took 0.092 seconds
[2026-09-17T13:22:31.650+0000] {processor.py:161} INFO - Started process (PID=369) to work on /opt/airflow/dags/dag_customer_rfm_dinda_c.py
[2026-09-17T13:22:31.652+0000] {processor.py:830} INFO - Processing file /opt/airflow/dags/dag_customer_rfm_dinda_c.py for tasks to queue
[2026-09-17T13:22:31.653+0000] {logging_mixin.py:188} INFO - [2026-09-17T13:22:31.653+0000] {dagbag.py:545} INFO - Filling up the DagBag from /opt/airflow/dags/dag_customer_rfm_dinda_c.py
[2026-09-17T13:22:31.673+0000] {processor.py:840} INFO - DAG(s) 'customer_rfm' retrieved from /opt/airflow/dags/dag_customer_rfm_dinda_c.py
[2026-09-17T13:22:31.706+0000] {logging_mixin.py:188} INFO - [2026-09-17T13:22:31.705+0000] {dag.py:3089} INFO - Sync 1 DAGs
[2026-09-17T13:22:31.740+0000] {logging_mixin.py:188} INFO - [2026-09-17T13:22:31.740+0000] {dag.py:3947} INFO - Setting next_dagrun for customer_rfm to 2026-09-17 00:00:00+00:00, run_after=2026-09-18 00:00:00+00:00
[2026-09-17T13:22:31.761+0000] {processor.py:183} INFO - Processing /opt/airflow/dags/dag_customer_rfm_dinda_c.py took 0.123 seconds
[2026-09-17T13:23:04.396+0000] {processor.py:161} INFO - Started process (PID=374) to work on /opt/airflow/dags/dag_customer_rfm_dinda_c.py
[2026-09-17T13:23:04.397+0000] {processor.py:830} INFO - Processing file /opt/airflow/dags/dag_customer_rfm_dinda_c.py for tasks to queue
[2026-09-17T13:23:04.399+0000] {logging_mixin.py:188} INFO - [2026-09-17T13:23:04.398+0000] {dagbag.py:545} INFO - Filling up the DagBag from /opt/airflow/dags/dag_customer_rfm_dinda_c.py
[2026-09-17T13:23:04.416+0000] {processor.py:840} INFO - DAG(s) 'customer_rfm' retrieved from /opt/airflow/dags/dag_customer_rfm_dinda_c.py
[2026-09-17T13:23:04.453+0000] {logging_mixin.py:188} INFO - [2026-09-17T13:23:04.453+0000] {dag.py:3089} INFO - Sync 1 DAGs
[2026-09-17T13:23:04.479+0000] {logging_mixin.py:188} INFO - [2026-09-17T13:23:04.479+0000] {dag.py:3947} INFO - Setting next_dagrun for customer_rfm to 2026-09-17 00:00:00+00:00, run_after=2026-09-18 00:00:00+00:00
[2026-09-17T13:23:04.500+0000] {processor.py:183} INFO - Processing /opt/airflow/dags/dag_customer_rfm_dinda_c.py took 0.110 seconds
[2026-09-17T13:23:37.159+0000] {processor.py:161} INFO - Started process (PID=381) to work on /opt/airflow/dags/dag_customer_rfm_dinda_c.py
[2026-09-17T13:23:37.160+0000] {processor.py:830} INFO - Processing file /opt/airflow/dags/dag_customer_rfm_dinda_c.py for tasks to queue
[2026-09-17T13:23:37.161+0000] {logging_mixin.py:188} INFO - [2026-09-17T13:23:37.161+0000] {dagbag.py:545} INFO - Filling up the DagBag from /opt/airflow/dags/dag_customer_rfm_dinda_c.py
[2026-09-17T13:23:37.176+0000] {processor.py:840} INFO - DAG(s) 'customer_rfm' retrieved from /opt/airflow/dags/dag_customer_rfm_dinda_c.py
[2026-09-17T13:23:37.204+0000] {logging_mixin.py:188} INFO - [2026-09-17T13:23:37.204+0000] {dag.py:3089} INFO - Sync 1 DAGs
[2026-09-17T13:23:37.225+0000] {logging_mixin.py:188} INFO - [2026-09-17T13:23:37.225+0000] {dag.py:3947} INFO - Setting next_dagrun for customer_rfm to 2026-09-17 00:00:00+00:00, run_after=2026-09-18 00:00:00+00:00
[2026-09-17T13:23:37.243+0000] {processor.py:183} INFO - Processing /opt/airflow/dags/dag_customer_rfm_dinda_c.py took 0.089 seconds
[2026-09-17T13:24:09.906+0000] {processor.py:161} INFO - Started process (PID=386) to work on /opt/airflow/dags/dag_customer_rfm_dinda_c.py
[2026-09-17T13:24:09.907+0000] {processor.py:830} INFO - Processing file /opt/airflow/dags/dag_customer_rfm_dinda_c.py for tasks to queue
[2026-09-17T13:24:09.909+0000] {logging_mixin.py:188} INFO - [2026-09-17T13:24:09.909+0000] {dagbag.py:545} INFO - Filling up the DagBag from /opt/airflow/dags/dag_customer_rfm_dinda_c.py
[2026-09-17T13:24:09.923+0000] {processor.py:840} INFO - DAG(s) 'customer_rfm' retrieved from /opt/airflow/dags/dag_customer_rfm_dinda_c.py
[2026-09-17T13:24:09.948+0000] {logging_mixin.py:188} INFO - [2026-09-17T13:24:09.948+0000] {dag.py:3089} INFO - Sync 1 DAGs
[2026-09-17T13:24:09.967+0000] {logging_mixin.py:188} INFO - [2026-09-17T13:24:09.966+0000] {dag.py:3947} INFO - Setting next_dagrun for customer_rfm to 2026-09-17 00:00:00+00:00, run_after=2026-09-18 00:00:00+00:00
[2026-09-17T13:24:09.983+0000] {processor.py:183} INFO - Processing /opt/airflow/dags/dag_customer_rfm_dinda_c.py took 0.082 seconds
[2026-09-17T13:24:41.545+0000] {processor.py:161} INFO - Started process (PID=399) to work on /opt/airflow/dags/dag_customer_rfm_dinda_c.py
[2026-09-17T13:24:41.546+0000] {processor.py:830} INFO - Processing file /opt/airflow/dags/dag_customer_rfm_dinda_c.py for tasks to queue
[2026-09-17T13:24:41.547+0000] {logging_mixin.py:188} INFO - [2026-09-17T13:24:41.547+0000] {dagbag.py:545} INFO - Filling up the DagBag from /opt/airflow/dags/dag_customer_rfm_dinda_c.py
[2026-09-17T13:24:41.561+0000] {processor.py:840} INFO - DAG(s) 'customer_rfm' retrieved from /opt/airflow/dags/dag_customer_rfm_dinda_c.py
[2026-09-17T13:24:41.584+0000] {logging_mixin.py:188} INFO - [2026-09-17T13:24:41.584+0000] {dag.py:3089} INFO - Sync 1 DAGs
[2026-09-17T13:24:41.600+0000] {logging_mixin.py:188} INFO - [2026-09-17T13:24:41.600+0000] {dag.py:3947} INFO - Setting next_dagrun for customer_rfm to 2026-09-17 00:00:00+00:00, run_after=2026-09-18 00:00:00+00:00
[2026-09-17T13:24:41.619+0000] {processor.py:183} INFO - Processing /opt/airflow/dags/dag_customer_rfm_dinda_c.py took 0.079 seconds
[2026-09-17T13:25:14.579+0000] {processor.py:161} INFO - Started process (PID=404) to work on /opt/airflow/dags/dag_customer_rfm_dinda_c.py
[2026-09-17T13:25:14.580+0000] {processor.py:830} INFO - Processing file /opt/airflow/dags/dag_customer_rfm_dinda_c.py for tasks to queue
[2026-09-17T13:25:14.582+0000] {logging_mixin.py:188} INFO - [2026-09-17T13:25:14.582+0000] {dagbag.py:545} INFO - Filling up the DagBag from /opt/airflow/dags/dag_customer_rfm_dinda_c.py
[2026-09-17T13:25:14.603+0000] {processor.py:840} INFO - DAG(s) 'customer_rfm' retrieved from /opt/airflow/dags/dag_customer_rfm_dinda_c.py
[2026-09-17T13:25:14.642+0000] {logging_mixin.py:188} INFO - [2026-09-17T13:25:14.641+0000] {dag.py:3089} INFO - Sync 1 DAGs
[2026-09-17T13:25:14.660+0000] {logging_mixin.py:188} INFO - [2026-09-17T13:25:14.660+0000] {dag.py:3947} INFO - Setting next_dagrun for customer_rfm to 2026-09-17 00:00:00+00:00, run_after=2026-09-18 00:00:00+00:00
[2026-09-17T13:25:14.678+0000] {processor.py:183} INFO - Processing /opt/airflow/dags/dag_customer_rfm_dinda_c.py took 0.111 seconds
[2026-09-17T13:25:47.312+0000] {processor.py:161} INFO - Started process (PID=409) to work on /opt/airflow/dags/dag_customer_rfm_dinda_c.py
[2026-09-17T13:25:47.313+0000] {processor.py:830} INFO - Processing file /opt/airflow/dags/dag_customer_rfm_dinda_c.py for tasks to queue
[2026-09-17T13:25:47.315+0000] {logging_mixin.py:188} INFO - [2026-09-17T13:25:47.314+0000] {dagbag.py:545} INFO - Filling up the DagBag from /opt/airflow/dags/dag_customer_rfm_dinda_c.py
[2026-09-17T13:25:47.332+0000] {processor.py:840} INFO - DAG(s) 'customer_rfm' retrieved from /opt/airflow/dags/dag_customer_rfm_dinda_c.py
[2026-09-17T13:25:47.356+0000] {logging_mixin.py:188} INFO - [2026-09-17T13:25:47.356+0000] {dag.py:3089} INFO - Sync 1 DAGs
[2026-09-17T13:25:47.375+0000] {logging_mixin.py:188} INFO - [2026-09-17T13:25:47.374+0000] {dag.py:3947} INFO - Setting next_dagrun for customer_rfm to 2026-09-17 00:00:00+00:00, run_after=2026-09-18 00:00:00+00:00
[2026-09-17T13:25:47.388+0000] {processor.py:183} INFO - Processing /opt/airflow/dags/dag_customer_rfm_dinda_c.py took 0.084 seconds
[2026-09-17T13:26:20.015+0000] {processor.py:161} INFO - Started process (PID=414) to work on /opt/airflow/dags/dag_customer_rfm_dinda_c.py
[2026-09-17T13:26:20.016+0000] {processor.py:830} INFO - Processing file /opt/airflow/dags/dag_customer_rfm_dinda_c.py for tasks to queue
[2026-09-17T13:26:20.018+0000] {logging_mixin.py:188} INFO - [2026-09-17T13:26:20.018+0000] {dagbag.py:545} INFO - Filling up the DagBag from /opt/airflow/dags/dag_customer_rfm_dinda_c.py
[2026-09-17T13:26:20.037+0000] {processor.py:840} INFO - DAG(s) 'customer_rfm' retrieved from /opt/airflow/dags/dag_customer_rfm_dinda_c.py
[2026-09-17T13:26:20.065+0000] {logging_mixin.py:188} INFO - [2026-09-17T13:26:20.065+0000] {dag.py:3089} INFO - Sync 1 DAGs
[2026-09-17T13:26:20.083+0000] {logging_mixin.py:188} INFO - [2026-09-17T13:26:20.083+0000] {dag.py:3947} INFO - Setting next_dagrun for customer_rfm to 2026-09-17 00:00:00+00:00, run_after=2026-09-18 00:00:00+00:00
[2026-09-17T13:26:20.097+0000] {processor.py:183} INFO - Processing /opt/airflow/dags/dag_customer_rfm_dinda_c.py took 0.087 seconds
[2026-09-17T13:26:51.719+0000] {processor.py:161} INFO - Started process (PID=419) to work on /opt/airflow/dags/dag_customer_rfm_dinda_c.py
[2026-09-17T13:26:51.720+0000] {processor.py:830} INFO - Processing file /opt/airflow/dags/dag_customer_rfm_dinda_c.py for tasks to queue
[2026-09-17T13:26:51.722+0000] {logging_mixin.py:188} INFO - [2026-09-17T13:26:51.721+0000] {dagbag.py:545} INFO - Filling up the DagBag from /opt/airflow/dags/dag_customer_rfm_dinda_c.py
[2026-09-17T13:26:51.738+0000] {processor.py:840} INFO - DAG(s) 'customer_rfm' retrieved from /opt/airflow/dags/dag_customer_rfm_dinda_c.py
[2026-09-17T13:26:51.768+0000] {logging_mixin.py:188} INFO - [2026-09-17T13:26:51.768+0000] {dag.py:3089} INFO - Sync 1 DAGs
[2026-09-17T13:26:51.795+0000] {logging_mixin.py:188} INFO - [2026-09-17T13:26:51.795+0000] {dag.py:3947} INFO - Setting next_dagrun for customer_rfm to 2026-09-17 00:00:00+00:00, run_after=2026-09-18 00:00:00+00:00
[2026-09-17T13:26:51.812+0000] {processor.py:183} INFO - Processing /opt/airflow/dags/dag_customer_rfm_dinda_c.py took 0.098 seconds
[2026-09-17T13:27:24.612+0000] {processor.py:161} INFO - Started process (PID=424) to work on /opt/airflow/dags/dag_customer_rfm_dinda_c.py
[2026-09-17T13:27:24.613+0000] {processor.py:830} INFO - Processing file /opt/airflow/dags/dag_customer_rfm_dinda_c.py for tasks to queue
[2026-09-17T13:27:24.615+0000] {logging_mixin.py:188} INFO - [2026-09-17T13:27:24.614+0000] {dagbag.py:545} INFO - Filling up the DagBag from /opt/airflow/dags/dag_customer_rfm_dinda_c.py
[2026-09-17T13:27:24.634+0000] {processor.py:840} INFO - DAG(s) 'customer_rfm' retrieved from /opt/airflow/dags/dag_customer_rfm_dinda_c.py
[2026-09-17T13:27:24.664+0000] {logging_mixin.py:188} INFO - [2026-09-17T13:27:24.663+0000] {dag.py:3089} INFO - Sync 1 DAGs
[2026-09-17T13:27:24.684+0000] {logging_mixin.py:188} INFO - [2026-09-17T13:27:24.684+0000] {dag.py:3947} INFO - Setting next_dagrun for customer_rfm to 2026-09-17 00:00:00+00:00, run_after=2026-09-18 00:00:00+00:00
[2026-09-17T13:27:24.704+0000] {processor.py:183} INFO - Processing /opt/airflow/dags/dag_customer_rfm_dinda_c.py took 0.098 seconds
[2026-09-17T13:27:57.320+0000] {processor.py:161} INFO - Started process (PID=429) to work on /opt/airflow/dags/dag_customer_rfm_dinda_c.py
[2026-09-17T13:27:57.322+0000] {processor.py:830} INFO - Processing file /opt/airflow/dags/dag_customer_rfm_dinda_c.py for tasks to queue
[2026-09-17T13:27:57.326+0000] {logging_mixin.py:188} INFO - [2026-09-17T13:27:57.325+0000] {dagbag.py:545} INFO - Filling up the DagBag from /opt/airflow/dags/dag_customer_rfm_dinda_c.py
[2026-09-17T13:27:57.347+0000] {processor.py:840} INFO - DAG(s) 'customer_rfm' retrieved from /opt/airflow/dags/dag_customer_rfm_dinda_c.py
[2026-09-17T13:27:57.376+0000] {logging_mixin.py:188} INFO - [2026-09-17T13:27:57.376+0000] {dag.py:3089} INFO - Sync 1 DAGs
[2026-09-17T13:27:57.394+0000] {logging_mixin.py:188} INFO - [2026-09-17T13:27:57.394+0000] {dag.py:3947} INFO - Setting next_dagrun for customer_rfm to 2026-09-17 00:00:00+00:00, run_after=2026-09-18 00:00:00+00:00
[2026-09-17T13:27:57.413+0000] {processor.py:183} INFO - Processing /opt/airflow/dags/dag_customer_rfm_dinda_c.py took 0.098 seconds
[2026-09-17T13:28:30.169+0000] {processor.py:161} INFO - Started process (PID=434) to work on /opt/airflow/dags/dag_customer_rfm_dinda_c.py
[2026-09-17T13:28:30.171+0000] {processor.py:830} INFO - Processing file /opt/airflow/dags/dag_customer_rfm_dinda_c.py for tasks to queue
[2026-09-17T13:28:30.173+0000] {logging_mixin.py:188} INFO - [2026-09-17T13:28:30.173+0000] {dagbag.py:545} INFO - Filling up the DagBag from /opt/airflow/dags/dag_customer_rfm_dinda_c.py
[2026-09-17T13:28:30.195+0000] {processor.py:840} INFO - DAG(s) 'customer_rfm' retrieved from /opt/airflow/dags/dag_customer_rfm_dinda_c.py
[2026-09-17T13:28:30.229+0000] {logging_mixin.py:188} INFO - [2026-09-17T13:28:30.228+0000] {dag.py:3089} INFO - Sync 1 DAGs
[2026-09-17T13:28:30.253+0000] {logging_mixin.py:188} INFO - [2026-09-17T13:28:30.253+0000] {dag.py:3947} INFO - Setting next_dagrun for customer_rfm to 2026-09-17 00:00:00+00:00, run_after=2026-09-18 00:00:00+00:00
[2026-09-17T13:28:30.278+0000] {processor.py:183} INFO - Processing /opt/airflow/dags/dag_customer_rfm_dinda_c.py took 0.115 seconds
[2026-09-17T13:29:01.685+0000] {processor.py:161} INFO - Started process (PID=439) to work on /opt/airflow/dags/dag_customer_rfm_dinda_c.py
[2026-09-17T13:29:01.686+0000] {processor.py:830} INFO - Processing file /opt/airflow/dags/dag_customer_rfm_dinda_c.py for tasks to queue
[2026-09-17T13:29:01.688+0000] {logging_mixin.py:188} INFO - [2026-09-17T13:29:01.687+0000] {dagbag.py:545} INFO - Filling up the DagBag from /opt/airflow/dags/dag_customer_rfm_dinda_c.py
[2026-09-17T13:29:01.708+0000] {processor.py:840} INFO - DAG(s) 'customer_rfm' retrieved from /opt/airflow/dags/dag_customer_rfm_dinda_c.py
[2026-09-17T13:29:01.735+0000] {logging_mixin.py:188} INFO - [2026-09-17T13:29:01.734+0000] {dag.py:3089} INFO - Sync 1 DAGs
[2026-09-17T13:29:01.754+0000] {logging_mixin.py:188} INFO - [2026-09-17T13:29:01.753+0000] {dag.py:3947} INFO - Setting next_dagrun for customer_rfm to 2026-09-17 00:00:00+00:00, run_after=2026-09-18 00:00:00+00:00
[2026-09-17T13:29:01.777+0000] {processor.py:183} INFO - Processing /opt/airflow/dags/dag_customer_rfm_dinda_c.py took 0.096 seconds
[2026-09-17T13:29:34.683+0000] {processor.py:161} INFO - Started process (PID=444) to work on /opt/airflow/dags/dag_customer_rfm_dinda_c.py
[2026-09-17T13:29:34.686+0000] {processor.py:830} INFO - Processing file /opt/airflow/dags/dag_customer_rfm_dinda_c.py for tasks to queue
[2026-09-17T13:29:34.690+0000] {logging_mixin.py:188} INFO - [2026-09-17T13:29:34.689+0000] {dagbag.py:545} INFO - Filling up the DagBag from /opt/airflow/dags/dag_customer_rfm_dinda_c.py
[2026-09-17T13:29:34.711+0000] {processor.py:840} INFO - DAG(s) 'customer_rfm' retrieved from /opt/airflow/dags/dag_customer_rfm_dinda_c.py
[2026-09-17T13:29:34.738+0000] {logging_mixin.py:188} INFO - [2026-09-17T13:29:34.738+0000] {dag.py:3089} INFO - Sync 1 DAGs
[2026-09-17T13:29:34.760+0000] {logging_mixin.py:188} INFO - [2026-09-17T13:29:34.760+0000] {dag.py:3947} INFO - Setting next_dagrun for customer_rfm to 2026-09-17 00:00:00+00:00, run_after=2026-09-18 00:00:00+00:00
[2026-09-17T13:29:34.781+0000] {processor.py:183} INFO - Processing /opt/airflow/dags/dag_customer_rfm_dinda_c.py took 0.109 seconds
[2026-09-17T13:30:07.610+0000] {processor.py:161} INFO - Started process (PID=449) to work on /opt/airflow/dags/dag_customer_rfm_dinda_c.py
[2026-09-17T13:30:07.611+0000] {processor.py:830} INFO - Processing file /opt/airflow/dags/dag_customer_rfm_dinda_c.py for tasks to queue
[2026-09-17T13:30:07.614+0000] {logging_mixin.py:188} INFO - [2026-09-17T13:30:07.614+0000] {dagbag.py:545} INFO - Filling up the DagBag from /opt/airflow/dags/dag_customer_rfm_dinda_c.py
[2026-09-17T13:30:07.633+0000] {processor.py:840} INFO - DAG(s) 'customer_rfm' retrieved from /opt/airflow/dags/dag_customer_rfm_dinda_c.py
[2026-09-17T13:30:07.661+0000] {logging_mixin.py:188} INFO - [2026-09-17T13:30:07.661+0000] {dag.py:3089} INFO - Sync 1 DAGs
[2026-09-17T13:30:07.685+0000] {logging_mixin.py:188} INFO - [2026-09-17T13:30:07.685+0000] {dag.py:3947} INFO - Setting next_dagrun for customer_rfm to 2026-09-17 00:00:00+00:00, run_after=2026-09-18 00:00:00+00:00
[2026-09-17T13:30:07.704+0000] {processor.py:183} INFO - Processing /opt/airflow/dags/dag_customer_rfm_dinda_c.py took 0.100 seconds
[2026-09-17T13:30:40.403+0000] {processor.py:161} INFO - Started process (PID=454) to work on /opt/airflow/dags/dag_customer_rfm_dinda_c.py
[2026-09-17T13:30:40.405+0000] {processor.py:830} INFO - Processing file /opt/airflow/dags/dag_customer_rfm_dinda_c.py for tasks to queue
[2026-09-17T13:30:40.406+0000] {logging_mixin.py:188} INFO - [2026-09-17T13:30:40.406+0000] {dagbag.py:545} INFO - Filling up the DagBag from /opt/airflow/dags/dag_customer_rfm_dinda_c.py
[2026-09-17T13:30:40.426+0000] {processor.py:840} INFO - DAG(s) 'customer_rfm' retrieved from /opt/airflow/dags/dag_customer_rfm_dinda_c.py
[2026-09-17T13:30:40.455+0000] {logging_mixin.py:188} INFO - [2026-09-17T13:30:40.455+0000] {dag.py:3089} INFO - Sync 1 DAGs
[2026-09-17T13:30:40.479+0000] {logging_mixin.py:188} INFO - [2026-09-17T13:30:40.479+0000] {dag.py:3947} INFO - Setting next_dagrun for customer_rfm to 2026-09-17 00:00:00+00:00, run_after=2026-09-18 00:00:00+00:00
[2026-09-17T13:30:40.498+0000] {processor.py:183} INFO - Processing /opt/airflow/dags/dag_customer_rfm_dinda_c.py took 0.101 seconds
[2026-09-17T13:31:12.079+0000] {processor.py:161} INFO - Started process (PID=459) to work on /opt/airflow/dags/dag_customer_rfm_dinda_c.py
[2026-09-17T13:31:12.080+0000] {processor.py:830} INFO - Processing file /opt/airflow/dags/dag_customer_rfm_dinda_c.py for tasks to queue
[2026-09-17T13:31:12.082+0000] {logging_mixin.py:188} INFO - [2026-09-17T13:31:12.082+0000] {dagbag.py:545} INFO - Filling up the DagBag from /opt/airflow/dags/dag_customer_rfm_dinda_c.py
[2026-09-17T13:31:12.097+0000] {processor.py:840} INFO - DAG(s) 'customer_rfm' retrieved from /opt/airflow/dags/dag_customer_rfm_dinda_c.py
[2026-09-17T13:31:12.127+0000] {logging_mixin.py:188} INFO - [2026-09-17T13:31:12.127+0000] {dag.py:3089} INFO - Sync 1 DAGs
[2026-09-17T13:31:12.150+0000] {logging_mixin.py:188} INFO - [2026-09-17T13:31:12.150+0000] {dag.py:3947} INFO - Setting next_dagrun for customer_rfm to 2026-09-17 00:00:00+00:00, run_after=2026-09-18 00:00:00+00:00
[2026-09-17T13:31:12.181+0000] {processor.py:183} INFO - Processing /opt/airflow/dags/dag_customer_rfm_dinda_c.py took 0.107 seconds
[2026-09-17T13:31:45.058+0000] {processor.py:161} INFO - Started process (PID=464) to work on /opt/airflow/dags/dag_customer_rfm_dinda_c.py
[2026-09-17T13:31:45.059+0000] {processor.py:830} INFO - Processing file /opt/airflow/dags/dag_customer_rfm_dinda_c.py for tasks to queue
[2026-09-17T13:31:45.061+0000] {logging_mixin.py:188} INFO - [2026-09-17T13:31:45.061+0000] {dagbag.py:545} INFO - Filling up the DagBag from /opt/airflow/dags/dag_customer_rfm_dinda_c.py
[2026-09-17T13:31:45.081+0000] {processor.py:840} INFO - DAG(s) 'customer_rfm' retrieved from /opt/airflow/dags/dag_customer_rfm_dinda_c.py
[2026-09-17T13:31:45.125+0000] {logging_mixin.py:188} INFO - [2026-09-17T13:31:45.125+0000] {dag.py:3089} INFO - Sync 1 DAGs
[2026-09-17T13:31:45.146+0000] {logging_mixin.py:188} INFO - [2026-09-17T13:31:45.146+0000] {dag.py:3947} INFO - Setting next_dagrun for customer_rfm to 2026-09-17 00:00:00+00:00, run_after=2026-09-18 00:00:00+00:00
[2026-09-17T13:31:45.164+0000] {processor.py:183} INFO - Processing /opt/airflow/dags/dag_customer_rfm_dinda_c.py took 0.111 seconds
[2026-09-17T13:32:17.747+0000] {processor.py:161} INFO - Started process (PID=469) to work on /opt/airflow/dags/dag_customer_rfm_dinda_c.py
[2026-09-17T13:32:17.749+0000] {processor.py:830} INFO - Processing file /opt/airflow/dags/dag_customer_rfm_dinda_c.py for tasks to queue
[2026-09-17T13:32:17.750+0000] {logging_mixin.py:188} INFO - [2026-09-17T13:32:17.750+0000] {dagbag.py:545} INFO - Filling up the DagBag from /opt/airflow/dags/dag_customer_rfm_dinda_c.py
[2026-09-17T13:32:17.772+0000] {processor.py:840} INFO - DAG(s) 'customer_rfm' retrieved from /opt/airflow/dags/dag_customer_rfm_dinda_c.py
[2026-09-17T13:32:17.802+0000] {logging_mixin.py:188} INFO - [2026-09-17T13:32:17.802+0000] {dag.py:3089} INFO - Sync 1 DAGs
[2026-09-17T13:32:17.824+0000] {logging_mixin.py:188} INFO - [2026-09-17T13:32:17.824+0000] {dag.py:3947} INFO - Setting next_dagrun for customer_rfm to 2026-09-17 00:00:00+00:00, run_after=2026-09-18 00:00:00+00:00
[2026-09-17T13:32:17.844+0000] {processor.py:183} INFO - Processing /opt/airflow/dags/dag_customer_rfm_dinda_c.py took 0.102 seconds
[2026-09-17T13:32:50.549+0000] {processor.py:161} INFO - Started process (PID=474) to work on /opt/airflow/dags/dag_customer_rfm_dinda_c.py
[2026-09-17T13:32:50.550+0000] {processor.py:830} INFO - Processing file /opt/airflow/dags/dag_customer_rfm_dinda_c.py for tasks to queue
[2026-09-17T13:32:50.552+0000] {logging_mixin.py:188} INFO - [2026-09-17T13:32:50.552+0000] {dagbag.py:545} INFO - Filling up the DagBag from /opt/airflow/dags/dag_customer_rfm_dinda_c.py
[2026-09-17T13:32:50.570+0000] {processor.py:840} INFO - DAG(s) 'customer_rfm' retrieved from /opt/airflow/dags/dag_customer_rfm_dinda_c.py
[2026-09-17T13:32:50.599+0000] {logging_mixin.py:188} INFO - [2026-09-17T13:32:50.598+0000] {dag.py:3089} INFO - Sync 1 DAGs
[2026-09-17T13:32:50.619+0000] {logging_mixin.py:188} INFO - [2026-09-17T13:32:50.619+0000] {dag.py:3947} INFO - Setting next_dagrun for customer_rfm to 2026-09-17 00:00:00+00:00, run_after=2026-09-18 00:00:00+00:00
[2026-09-17T13:32:50.636+0000] {processor.py:183} INFO - Processing /opt/airflow/dags/dag_customer_rfm_dinda_c.py took 0.092 seconds
[2026-09-17T13:33:01.634+0000] {processor.py:161} INFO - Started process (PID=479) to work on /opt/airflow/dags/dag_customer_rfm_dinda_c.py
[2026-09-17T13:33:01.636+0000] {processor.py:830} INFO - Processing file /opt/airflow/dags/dag_customer_rfm_dinda_c.py for tasks to queue
[2026-09-17T13:33:01.637+0000] {logging_mixin.py:188} INFO - [2026-09-17T13:33:01.637+0000] {dagbag.py:545} INFO - Filling up the DagBag from /opt/airflow/dags/dag_customer_rfm_dinda_c.py
[2026-09-17T13:33:01.668+0000] {processor.py:840} INFO - DAG(s) 'customer_rfm' retrieved from /opt/airflow/dags/dag_customer_rfm_dinda_c.py
[2026-09-17T13:33:01.706+0000] {logging_mixin.py:188} INFO - [2026-09-17T13:33:01.706+0000] {dag.py:3089} INFO - Sync 1 DAGs
[2026-09-17T13:33:01.736+0000] {logging_mixin.py:188} INFO - [2026-09-17T13:33:01.736+0000] {dag.py:3947} INFO - Setting next_dagrun for customer_rfm to 2026-09-17 00:00:00+00:00, run_after=2026-09-18 00:00:00+00:00
[2026-09-17T13:33:01.769+0000] {processor.py:183} INFO - Processing /opt/airflow/dags/dag_customer_rfm_dinda_c.py took 0.140 seconds
[2026-09-17T13:33:18.851+0000] {processor.py:161} INFO - Started process (PID=484) to work on /opt/airflow/dags/dag_customer_rfm_dinda_c.py
[2026-09-17T13:33:18.852+0000] {processor.py:830} INFO - Processing file /opt/airflow/dags/dag_customer_rfm_dinda_c.py for tasks to queue
[2026-09-17T13:33:18.854+0000] {logging_mixin.py:188} INFO - [2026-09-17T13:33:18.853+0000] {dagbag.py:545} INFO - Filling up the DagBag from /opt/airflow/dags/dag_customer_rfm_dinda_c.py
[2026-09-17T13:33:18.879+0000] {processor.py:840} INFO - DAG(s) 'customer_rfm' retrieved from /opt/airflow/dags/dag_customer_rfm_dinda_c.py
[2026-09-17T13:33:18.907+0000] {logging_mixin.py:188} INFO - [2026-09-17T13:33:18.907+0000] {dag.py:3089} INFO - Sync 1 DAGs
[2026-09-17T13:33:18.930+0000] {logging_mixin.py:188} INFO - [2026-09-17T13:33:18.930+0000] {dag.py:3947} INFO - Setting next_dagrun for customer_rfm to 2026-09-17 00:00:00+00:00, run_after=2026-09-18 00:00:00+00:00
[2026-09-17T13:33:18.961+0000] {processor.py:183} INFO - Processing /opt/airflow/dags/dag_customer_rfm_dinda_c.py took 0.116 seconds
[2026-09-17T13:33:49.388+0000] {processor.py:161} INFO - Started process (PID=503) to work on /opt/airflow/dags/dag_customer_rfm_dinda_c.py
[2026-09-17T13:33:49.389+0000] {processor.py:830} INFO - Processing file /opt/airflow/dags/dag_customer_rfm_dinda_c.py for tasks to queue
[2026-09-17T13:33:49.391+0000] {logging_mixin.py:188} INFO - [2026-09-17T13:33:49.391+0000] {dagbag.py:545} INFO - Filling up the DagBag from /opt/airflow/dags/dag_customer_rfm_dinda_c.py
[2026-09-17T13:33:49.411+0000] {processor.py:840} INFO - DAG(s) 'customer_rfm' retrieved from /opt/airflow/dags/dag_customer_rfm_dinda_c.py
[2026-09-17T13:33:49.443+0000] {logging_mixin.py:188} INFO - [2026-09-17T13:33:49.443+0000] {dag.py:3089} INFO - Sync 1 DAGs
[2026-09-17T13:33:49.464+0000] {logging_mixin.py:188} INFO - [2026-09-17T13:33:49.464+0000] {dag.py:3947} INFO - Setting next_dagrun for customer_rfm to 2026-09-17 00:00:00+00:00, run_after=2026-09-18 00:00:00+00:00
[2026-09-17T13:33:49.488+0000] {processor.py:183} INFO - Processing /opt/airflow/dags/dag_customer_rfm_dinda_c.py took 0.106 seconds
[2026-09-17T13:34:20.465+0000] {processor.py:161} INFO - Started process (PID=508) to work on /opt/airflow/dags/dag_customer_rfm_dinda_c.py
[2026-09-17T13:34:20.466+0000] {processor.py:830} INFO - Processing file /opt/airflow/dags/dag_customer_rfm_dinda_c.py for tasks to queue
[2026-09-17T13:34:20.468+0000] {logging_mixin.py:188} INFO - [2026-09-17T13:34:20.468+0000] {dagbag.py:545} INFO - Filling up the DagBag from /opt/airflow/dags/dag_customer_rfm_dinda_c.py
[2026-09-17T13:34:20.482+0000] {processor.py:840} INFO - DAG(s) 'customer_rfm' retrieved from /opt/airflow/dags/dag_customer_rfm_dinda_c.py
[2026-09-17T13:34:20.505+0000] {logging_mixin.py:188} INFO - [2026-09-17T13:34:20.505+0000] {dag.py:3089} INFO - Sync 1 DAGs
[2026-09-17T13:34:20.522+0000] {logging_mixin.py:188} INFO - [2026-09-17T13:34:20.521+0000] {dag.py:3947} INFO - Setting next_dagrun for customer_rfm to 2026-09-17 00:00:00+00:00, run_after=2026-09-18 00:00:00+00:00
[2026-09-17T13:34:20.541+0000] {processor.py:183} INFO - Processing /opt/airflow/dags/dag_customer_rfm_dinda_c.py took 0.081 seconds
[2026-09-17T13:34:51.209+0000] {processor.py:161} INFO - Started process (PID=513) to work on /opt/airflow/dags/dag_customer_rfm_dinda_c.py
[2026-09-17T13:34:51.211+0000] {processor.py:830} INFO - Processing file /opt/airflow/dags/dag_customer_rfm_dinda_c.py for tasks to queue
[2026-09-17T13:34:51.213+0000] {logging_mixin.py:188} INFO - [2026-09-17T13:34:51.213+0000] {dagbag.py:545} INFO - Filling up the DagBag from /opt/airflow/dags/dag_customer_rfm_dinda_c.py
[2026-09-17T13:34:51.241+0000] {processor.py:840} INFO - DAG(s) 'customer_rfm' retrieved from /opt/airflow/dags/dag_customer_rfm_dinda_c.py
[2026-09-17T13:34:51.280+0000] {logging_mixin.py:188} INFO - [2026-09-17T13:34:51.280+0000] {dag.py:3089} INFO - Sync 1 DAGs
[2026-09-17T13:34:51.301+0000] {logging_mixin.py:188} INFO - [2026-09-17T13:34:51.300+0000] {dag.py:3947} INFO - Setting next_dagrun for customer_rfm to 2026-09-17 00:00:00+00:00, run_after=2026-09-18 00:00:00+00:00
[2026-09-17T13:34:51.317+0000] {processor.py:183} INFO - Processing /opt/airflow/dags/dag_customer_rfm_dinda_c.py took 0.121 seconds
[2026-09-17T13:35:22.026+0000] {processor.py:161} INFO - Started process (PID=518) to work on /opt/airflow/dags/dag_customer_rfm_dinda_c.py
[2026-09-17T13:35:22.028+0000] {processor.py:830} INFO - Processing file /opt/airflow/dags/dag_customer_rfm_dinda_c.py for tasks to queue
[2026-09-17T13:35:22.031+0000] {logging_mixin.py:188} INFO - [2026-09-17T13:35:22.030+0000] {dagbag.py:545} INFO - Filling up the DagBag from /opt/airflow/dags/dag_customer_rfm_dinda_c.py
[2026-09-17T13:35:22.049+0000] {processor.py:840} INFO - DAG(s) 'customer_rfm' retrieved from /opt/airflow/dags/dag_customer_rfm_dinda_c.py
[2026-09-17T13:35:22.080+0000] {logging_mixin.py:188} INFO - [2026-09-17T13:35:22.080+0000] {dag.py:3089} INFO - Sync 1 DAGs
[2026-09-17T13:35:22.102+0000] {logging_mixin.py:188} INFO - [2026-09-17T13:35:22.101+0000] {dag.py:3947} INFO - Setting next_dagrun for customer_rfm to 2026-09-17 00:00:00+00:00, run_after=2026-09-18 00:00:00+00:00
[2026-09-17T13:35:22.127+0000] {processor.py:183} INFO - Processing /opt/airflow/dags/dag_customer_rfm_dinda_c.py took 0.108 seconds
[2026-09-17T13:35:52.847+0000] {processor.py:161} INFO - Started process (PID=523) to work on /opt/airflow/dags/dag_customer_rfm_dinda_c.py
[2026-09-17T13:35:52.849+0000] {processor.py:830} INFO - Processing file /opt/airflow/dags/dag_customer_rfm_dinda_c.py for tasks to queue
[2026-09-17T13:35:52.851+0000] {logging_mixin.py:188} INFO - [2026-09-17T13:35:52.851+0000] {dagbag.py:545} INFO - Filling up the DagBag from /opt/airflow/dags/dag_customer_rfm_dinda_c.py
[2026-09-17T13:35:52.875+0000] {processor.py:840} INFO - DAG(s) 'customer_rfm' retrieved from /opt/airflow/dags/dag_customer_rfm_dinda_c.py
[2026-09-17T13:35:52.903+0000] {logging_mixin.py:188} INFO - [2026-09-17T13:35:52.903+0000] {dag.py:3089} INFO - Sync 1 DAGs
[2026-09-17T13:35:52.931+0000] {logging_mixin.py:188} INFO - [2026-09-17T13:35:52.931+0000] {dag.py:3947} INFO - Setting next_dagrun for customer_rfm to 2026-09-17 00:00:00+00:00, run_after=2026-09-18 00:00:00+00:00
[2026-09-17T13:35:52.953+0000] {processor.py:183} INFO - Processing /opt/airflow/dags/dag_customer_rfm_dinda_c.py took 0.110 seconds
[2026-09-17T13:36:23.681+0000] {processor.py:161} INFO - Started process (PID=528) to work on /opt/airflow/dags/dag_customer_rfm_dinda_c.py
[2026-09-17T13:36:23.682+0000] {processor.py:830} INFO - Processing file /opt/airflow/dags/dag_customer_rfm_dinda_c.py for tasks to queue
[2026-09-17T13:36:23.684+0000] {logging_mixin.py:188} INFO - [2026-09-17T13:36:23.684+0000] {dagbag.py:545} INFO - Filling up the DagBag from /opt/airflow/dags/dag_customer_rfm_dinda_c.py
[2026-09-17T13:36:23.700+0000] {processor.py:840} INFO - DAG(s) 'customer_rfm' retrieved from /opt/airflow/dags/dag_customer_rfm_dinda_c.py
[2026-09-17T13:36:23.725+0000] {logging_mixin.py:188} INFO - [2026-09-17T13:36:23.724+0000] {dag.py:3089} INFO - Sync 1 DAGs
[2026-09-17T13:36:23.741+0000] {logging_mixin.py:188} INFO - [2026-09-17T13:36:23.741+0000] {dag.py:3947} INFO - Setting next_dagrun for customer_rfm to 2026-09-17 00:00:00+00:00, run_after=2026-09-18 00:00:00+00:00
[2026-09-17T13:36:23.762+0000] {processor.py:183} INFO - Processing /opt/airflow/dags/dag_customer_rfm_dinda_c.py took 0.085 seconds
[2026-09-17T13:36:54.391+0000] {processor.py:161} INFO - Started process (PID=533) to work on /opt/airflow/dags/dag_customer_rfm_dinda_c.py
[2026-09-17T13:36:54.392+0000] {processor.py:830} INFO - Processing file /opt/airflow/dags/dag_customer_rfm_dinda_c.py for tasks to queue
[2026-09-17T13:36:54.394+0000] {logging_mixin.py:188} INFO - [2026-09-17T13:36:54.394+0000] {dagbag.py:545} INFO - Filling up the DagBag from /opt/airflow/dags/dag_customer_rfm_dinda_c.py
[2026-09-17T13:36:54.414+0000] {processor.py:840} INFO - DAG(s) 'customer_rfm' retrieved from /opt/airflow/dags/dag_customer_rfm_dinda_c.py
[2026-09-17T13:36:54.450+0000] {logging_mixin.py:188} INFO - [2026-09-17T13:36:54.450+0000] {dag.py:3089} INFO - Sync 1 DAGs
[2026-09-17T13:36:54.473+0000] {logging_mixin.py:188} INFO - [2026-09-17T13:36:54.472+0000] {dag.py:3947} INFO - Setting next_dagrun for customer_rfm to 2026-09-17 00:00:00+00:00, run_after=2026-09-18 00:00:00+00:00
[2026-09-17T13:36:54.496+0000] {processor.py:183} INFO - Processing /opt/airflow/dags/dag_customer_rfm_dinda_c.py took 0.112 seconds
[2026-09-17T13:37:25.196+0000] {processor.py:161} INFO - Started process (PID=538) to work on /opt/airflow/dags/dag_customer_rfm_dinda_c.py
[2026-09-17T13:37:25.197+0000] {processor.py:830} INFO - Processing file /opt/airflow/dags/dag_customer_rfm_dinda_c.py for tasks to queue
[2026-09-17T13:37:25.200+0000] {logging_mixin.py:188} INFO - [2026-09-17T13:37:25.200+0000] {dagbag.py:545} INFO - Filling up the DagBag from /opt/airflow/dags/dag_customer_rfm_dinda_c.py
[2026-09-17T13:37:25.222+0000] {processor.py:840} INFO - DAG(s) 'customer_rfm' retrieved from /opt/airflow/dags/dag_customer_rfm_dinda_c.py
[2026-09-17T13:37:25.253+0000] {logging_mixin.py:188} INFO - [2026-09-17T13:37:25.253+0000] {dag.py:3089} INFO - Sync 1 DAGs
[2026-09-17T13:37:25.280+0000] {logging_mixin.py:188} INFO - [2026-09-17T13:37:25.279+0000] {dag.py:3947} INFO - Setting next_dagrun for customer_rfm to 2026-09-17 00:00:00+00:00, run_after=2026-09-18 00:00:00+00:00
[2026-09-17T13:37:25.305+0000] {processor.py:183} INFO - Processing /opt/airflow/dags/dag_customer_rfm_dinda_c.py took 0.114 seconds
[2026-09-17T13:37:56.209+0000] {processor.py:161} INFO - Started process (PID=543) to work on /opt/airflow/dags/dag_customer_rfm_dinda_c.py
[2026-09-17T13:37:56.210+0000] {processor.py:830} INFO - Processing file /opt/airflow/dags/dag_customer_rfm_dinda_c.py for tasks to queue
[2026-09-17T13:37:56.212+0000] {logging_mixin.py:188} INFO - [2026-09-17T13:37:56.212+0000] {dagbag.py:545} INFO - Filling up the DagBag from /opt/airflow/dags/dag_customer_rfm_dinda_c.py
[2026-09-17T13:37:56.228+0000] {processor.py:840} INFO - DAG(s) 'customer_rfm' retrieved from /opt/airflow/dags/dag_customer_rfm_dinda_c.py
[2026-09-17T13:37:56.253+0000] {logging_mixin.py:188} INFO - [2026-09-17T13:37:56.252+0000] {dag.py:3089} INFO - Sync 1 DAGs
[2026-09-17T13:37:56.275+0000] {logging_mixin.py:188} INFO - [2026-09-17T13:37:56.275+0000] {dag.py:3947} INFO - Setting next_dagrun for customer_rfm to 2026-09-17 00:00:00+00:00, run_after=2026-09-18 00:00:00+00:00
[2026-09-17T13:37:56.298+0000] {processor.py:183} INFO - Processing /opt/airflow/dags/dag_customer_rfm_dinda_c.py took 0.093 seconds
[2026-09-17T13:38:26.800+0000] {processor.py:161} INFO - Started process (PID=548) to work on /opt/airflow/dags/dag_customer_rfm_dinda_c.py
[2026-09-17T13:38:26.801+0000] {processor.py:830} INFO - Processing file /opt/airflow/dags/dag_customer_rfm_dinda_c.py for tasks to queue
[2026-09-17T13:38:26.803+0000] {logging_mixin.py:188} INFO - [2026-09-17T13:38:26.803+0000] {dagbag.py:545} INFO - Filling up the DagBag from /opt/airflow/dags/dag_customer_rfm_dinda_c.py
[2026-09-17T13:38:26.820+0000] {processor.py:840} INFO - DAG(s) 'customer_rfm' retrieved from /opt/airflow/dags/dag_customer_rfm_dinda_c.py
[2026-09-17T13:38:26.846+0000] {logging_mixin.py:188} INFO - [2026-09-17T13:38:26.846+0000] {dag.py:3089} INFO - Sync 1 DAGs
[2026-09-17T13:38:26.868+0000] {logging_mixin.py:188} INFO - [2026-09-17T13:38:26.867+0000] {dag.py:3947} INFO - Setting next_dagrun for customer_rfm to 2026-09-17 00:00:00+00:00, run_after=2026-09-18 00:00:00+00:00
[2026-09-17T13:38:26.885+0000] {processor.py:183} INFO - Processing /opt/airflow/dags/dag_customer_rfm_dinda_c.py took 0.090 seconds
[2026-09-17T13:38:57.565+0000] {processor.py:161} INFO - Started process (PID=553) to work on /opt/airflow/dags/dag_customer_rfm_dinda_c.py
[2026-09-17T13:38:57.566+0000] {processor.py:830} INFO - Processing file /opt/airflow/dags/dag_customer_rfm_dinda_c.py for tasks to queue
[2026-09-17T13:38:57.568+0000] {logging_mixin.py:188} INFO - [2026-09-17T13:38:57.568+0000] {dagbag.py:545} INFO - Filling up the DagBag from /opt/airflow/dags/dag_customer_rfm_dinda_c.py
[2026-09-17T13:38:57.586+0000] {processor.py:840} INFO - DAG(s) 'customer_rfm' retrieved from /opt/airflow/dags/dag_customer_rfm_dinda_c.py
[2026-09-17T13:38:57.617+0000] {logging_mixin.py:188} INFO - [2026-09-17T13:38:57.617+0000] {dag.py:3089} INFO - Sync 1 DAGs
[2026-09-17T13:38:57.644+0000] {logging_mixin.py:188} INFO - [2026-09-17T13:38:57.644+0000] {dag.py:3947} INFO - Setting next_dagrun for customer_rfm to 2026-09-17 00:00:00+00:00, run_after=2026-09-18 00:00:00+00:00
[2026-09-17T13:38:57.667+0000] {processor.py:183} INFO - Processing /opt/airflow/dags/dag_customer_rfm_dinda_c.py took 0.108 seconds
[2026-09-17T13:39:28.239+0000] {processor.py:161} INFO - Started process (PID=558) to work on /opt/airflow/dags/dag_customer_rfm_dinda_c.py
[2026-09-17T13:39:28.241+0000] {processor.py:830} INFO - Processing file /opt/airflow/dags/dag_customer_rfm_dinda_c.py for tasks to queue
[2026-09-17T13:39:28.245+0000] {logging_mixin.py:188} INFO - [2026-09-17T13:39:28.244+0000] {dagbag.py:545} INFO - Filling up the DagBag from /opt/airflow/dags/dag_customer_rfm_dinda_c.py
[2026-09-17T13:39:28.273+0000] {processor.py:840} INFO - DAG(s) 'customer_rfm' retrieved from /opt/airflow/dags/dag_customer_rfm_dinda_c.py
[2026-09-17T13:39:28.300+0000] {logging_mixin.py:188} INFO - [2026-09-17T13:39:28.300+0000] {dag.py:3089} INFO - Sync 1 DAGs
[2026-09-17T13:39:28.319+0000] {logging_mixin.py:188} INFO - [2026-09-17T13:39:28.319+0000] {dag.py:3947} INFO - Setting next_dagrun for customer_rfm to 2026-09-17 00:00:00+00:00, run_after=2026-09-18 00:00:00+00:00
[2026-09-17T13:39:28.340+0000] {processor.py:183} INFO - Processing /opt/airflow/dags/dag_customer_rfm_dinda_c.py took 0.112 seconds
[2026-09-17T13:39:59.143+0000] {processor.py:161} INFO - Started process (PID=563) to work on /opt/airflow/dags/dag_customer_rfm_dinda_c.py
[2026-09-17T13:39:59.144+0000] {processor.py:830} INFO - Processing file /opt/airflow/dags/dag_customer_rfm_dinda_c.py for tasks to queue
[2026-09-17T13:39:59.146+0000] {logging_mixin.py:188} INFO - [2026-09-17T13:39:59.145+0000] {dagbag.py:545} INFO - Filling up the DagBag from /opt/airflow/dags/dag_customer_rfm_dinda_c.py
[2026-09-17T13:39:59.168+0000] {processor.py:840} INFO - DAG(s) 'customer_rfm' retrieved from /opt/airflow/dags/dag_customer_rfm_dinda_c.py
[2026-09-17T13:39:59.202+0000] {logging_mixin.py:188} INFO - [2026-09-17T13:39:59.201+0000] {dag.py:3089} INFO - Sync 1 DAGs
[2026-09-17T13:39:59.224+0000] {logging_mixin.py:188} INFO - [2026-09-17T13:39:59.224+0000] {dag.py:3947} INFO - Setting next_dagrun for customer_rfm to 2026-09-17 00:00:00+00:00, run_after=2026-09-18 00:00:00+00:00
[2026-09-17T13:39:59.242+0000] {processor.py:183} INFO - Processing /opt/airflow/dags/dag_customer_rfm_dinda_c.py took 0.103 seconds
[2026-09-17T13:40:29.993+0000] {processor.py:161} INFO - Started process (PID=568) to work on /opt/airflow/dags/dag_customer_rfm_dinda_c.py
[2026-09-17T13:40:29.994+0000] {processor.py:830} INFO - Processing file /opt/airflow/dags/dag_customer_rfm_dinda_c.py for tasks to queue
[2026-09-17T13:40:29.996+0000] {logging_mixin.py:188} INFO - [2026-09-17T13:40:29.996+0000] {dagbag.py:545} INFO - Filling up the DagBag from /opt/airflow/dags/dag_customer_rfm_dinda_c.py
[2026-09-17T13:40:30.012+0000] {processor.py:840} INFO - DAG(s) 'customer_rfm' retrieved from /opt/airflow/dags/dag_customer_rfm_dinda_c.py
[2026-09-17T13:40:30.047+0000] {logging_mixin.py:188} INFO - [2026-09-17T13:40:30.047+0000] {dag.py:3089} INFO - Sync 1 DAGs
[2026-09-17T13:40:30.072+0000] {logging_mixin.py:188} INFO - [2026-09-17T13:40:30.072+0000] {dag.py:3947} INFO - Setting next_dagrun for customer_rfm to 2026-09-17 00:00:00+00:00, run_after=2026-09-18 00:00:00+00:00
[2026-09-17T13:40:30.096+0000] {processor.py:183} INFO - Processing /opt/airflow/dags/dag_customer_rfm_dinda_c.py took 0.107 seconds
[2026-09-17T13:41:00.748+0000] {processor.py:161} INFO - Started process (PID=573) to work on /opt/airflow/dags/dag_customer_rfm_dinda_c.py
[2026-09-17T13:41:00.749+0000] {processor.py:830} INFO - Processing file /opt/airflow/dags/dag_customer_rfm_dinda_c.py for tasks to queue
[2026-09-17T13:41:00.750+0000] {logging_mixin.py:188} INFO - [2026-09-17T13:41:00.750+0000] {dagbag.py:545} INFO - Filling up the DagBag from /opt/airflow/dags/dag_customer_rfm_dinda_c.py
[2026-09-17T13:41:00.770+0000] {processor.py:840} INFO - DAG(s) 'customer_rfm' retrieved from /opt/airflow/dags/dag_customer_rfm_dinda_c.py
[2026-09-17T13:41:00.797+0000] {logging_mixin.py:188} INFO - [2026-09-17T13:41:00.797+0000] {dag.py:3089} INFO - Sync 1 DAGs
[2026-09-17T13:41:00.817+0000] {logging_mixin.py:188} INFO - [2026-09-17T13:41:00.816+0000] {dag.py:3947} INFO - Setting next_dagrun for customer_rfm to 2026-09-17 00:00:00+00:00, run_after=2026-09-18 00:00:00+00:00
[2026-09-17T13:41:00.836+0000] {processor.py:183} INFO - Processing /opt/airflow/dags/dag_customer_rfm_dinda_c.py took 0.094 seconds
[2026-09-17T13:41:31.427+0000] {processor.py:161} INFO - Started process (PID=578) to work on /opt/airflow/dags/dag_customer_rfm_dinda_c.py
[2026-09-17T13:41:31.428+0000] {processor.py:830} INFO - Processing file /opt/airflow/dags/dag_customer_rfm_dinda_c.py for tasks to queue
[2026-09-17T13:41:31.430+0000] {logging_mixin.py:188} INFO - [2026-09-17T13:41:31.430+0000] {dagbag.py:545} INFO - Filling up the DagBag from /opt/airflow/dags/dag_customer_rfm_dinda_c.py
[2026-09-17T13:41:31.448+0000] {processor.py:840} INFO - DAG(s) 'customer_rfm' retrieved from /opt/airflow/dags/dag_customer_rfm_dinda_c.py
[2026-09-17T13:41:31.476+0000] {logging_mixin.py:188} INFO - [2026-09-17T13:41:31.476+0000] {dag.py:3089} INFO - Sync 1 DAGs
[2026-09-17T13:41:31.496+0000] {logging_mixin.py:188} INFO - [2026-09-17T13:41:31.496+0000] {dag.py:3947} INFO - Setting next_dagrun for customer_rfm to 2026-09-17 00:00:00+00:00, run_after=2026-09-18 00:00:00+00:00
[2026-09-17T13:41:31.518+0000] {processor.py:183} INFO - Processing /opt/airflow/dags/dag_customer_rfm_dinda_c.py took 0.095 seconds
[2026-09-17T13:42:03.319+0000] {processor.py:161} INFO - Started process (PID=583) to work on /opt/airflow/dags/dag_customer_rfm_dinda_c.py
[2026-09-17T13:42:03.320+0000] {processor.py:830} INFO - Processing file /opt/airflow/dags/dag_customer_rfm_dinda_c.py for tasks to queue
[2026-09-17T13:42:03.322+0000] {logging_mixin.py:188} INFO - [2026-09-17T13:42:03.322+0000] {dagbag.py:545} INFO - Filling up the DagBag from /opt/airflow/dags/dag_customer_rfm_dinda_c.py
[2026-09-17T13:42:03.342+0000] {processor.py:840} INFO - DAG(s) 'customer_rfm' retrieved from /opt/airflow/dags/dag_customer_rfm_dinda_c.py
[2026-09-17T13:42:03.374+0000] {logging_mixin.py:188} INFO - [2026-09-17T13:42:03.374+0000] {dag.py:3089} INFO - Sync 1 DAGs
[2026-09-17T13:42:03.403+0000] {logging_mixin.py:188} INFO - [2026-09-17T13:42:03.403+0000] {dag.py:3947} INFO - Setting next_dagrun for customer_rfm to 2026-09-17 00:00:00+00:00, run_after=2026-09-18 00:00:00+00:00
[2026-09-17T13:42:03.452+0000] {processor.py:183} INFO - Processing /opt/airflow/dags/dag_customer_rfm_dinda_c.py took 0.138 seconds
[2026-09-17T13:42:35.188+0000] {processor.py:161} INFO - Started process (PID=588) to work on /opt/airflow/dags/dag_customer_rfm_dinda_c.py
[2026-09-17T13:42:35.190+0000] {processor.py:830} INFO - Processing file /opt/airflow/dags/dag_customer_rfm_dinda_c.py for tasks to queue
[2026-09-17T13:42:35.193+0000] {logging_mixin.py:188} INFO - [2026-09-17T13:42:35.193+0000] {dagbag.py:545} INFO - Filling up the DagBag from /opt/airflow/dags/dag_customer_rfm_dinda_c.py
[2026-09-17T13:42:35.211+0000] {processor.py:840} INFO - DAG(s) 'customer_rfm' retrieved from /opt/airflow/dags/dag_customer_rfm_dinda_c.py
[2026-09-17T13:42:35.243+0000] {logging_mixin.py:188} INFO - [2026-09-17T13:42:35.243+0000] {dag.py:3089} INFO - Sync 1 DAGs
[2026-09-17T13:42:35.264+0000] {logging_mixin.py:188} INFO - [2026-09-17T13:42:35.263+0000] {dag.py:3947} INFO - Setting next_dagrun for customer_rfm to 2026-09-17 00:00:00+00:00, run_after=2026-09-18 00:00:00+00:00
[2026-09-17T13:42:35.291+0000] {processor.py:183} INFO - Processing /opt/airflow/dags/dag_customer_rfm_dinda_c.py took 0.112 seconds
[2026-09-17T13:43:07.917+0000] {processor.py:161} INFO - Started process (PID=593) to work on /opt/airflow/dags/dag_customer_rfm_dinda_c.py
[2026-09-17T13:43:07.918+0000] {processor.py:830} INFO - Processing file /opt/airflow/dags/dag_customer_rfm_dinda_c.py for tasks to queue
[2026-09-17T13:43:07.920+0000] {logging_mixin.py:188} INFO - [2026-09-17T13:43:07.919+0000] {dagbag.py:545} INFO - Filling up the DagBag from /opt/airflow/dags/dag_customer_rfm_dinda_c.py
[2026-09-17T13:43:07.935+0000] {processor.py:840} INFO - DAG(s) 'customer_rfm' retrieved from /opt/airflow/dags/dag_customer_rfm_dinda_c.py
[2026-09-17T13:43:07.965+0000] {logging_mixin.py:188} INFO - [2026-09-17T13:43:07.964+0000] {dag.py:3089} INFO - Sync 1 DAGs
[2026-09-17T13:43:07.984+0000] {logging_mixin.py:188} INFO - [2026-09-17T13:43:07.983+0000] {dag.py:3947} INFO - Setting next_dagrun for customer_rfm to 2026-09-17 00:00:00+00:00, run_after=2026-09-18 00:00:00+00:00
[2026-09-17T13:43:07.999+0000] {processor.py:183} INFO - Processing /opt/airflow/dags/dag_customer_rfm_dinda_c.py took 0.087 seconds
[2026-09-17T13:43:40.494+0000] {processor.py:161} INFO - Started process (PID=598) to work on /opt/airflow/dags/dag_customer_rfm_dinda_c.py
[2026-09-17T13:43:40.495+0000] {processor.py:830} INFO - Processing file /opt/airflow/dags/dag_customer_rfm_dinda_c.py for tasks to queue
[2026-09-17T13:43:40.497+0000] {logging_mixin.py:188} INFO - [2026-09-17T13:43:40.497+0000] {dagbag.py:545} INFO - Filling up the DagBag from /opt/airflow/dags/dag_customer_rfm_dinda_c.py
[2026-09-17T13:43:40.517+0000] {processor.py:840} INFO - DAG(s) 'customer_rfm' retrieved from /opt/airflow/dags/dag_customer_rfm_dinda_c.py
[2026-09-17T13:43:40.545+0000] {logging_mixin.py:188} INFO - [2026-09-17T13:43:40.545+0000] {dag.py:3089} INFO - Sync 1 DAGs
[2026-09-17T13:43:40.567+0000] {logging_mixin.py:188} INFO - [2026-09-17T13:43:40.567+0000] {dag.py:3947} INFO - Setting next_dagrun for customer_rfm to 2026-09-17 00:00:00+00:00, run_after=2026-09-18 00:00:00+00:00
[2026-09-17T13:43:40.584+0000] {processor.py:183} INFO - Processing /opt/airflow/dags/dag_customer_rfm_dinda_c.py took 0.097 seconds
[2026-09-17T13:44:13.254+0000] {processor.py:161} INFO - Started process (PID=603) to work on /opt/airflow/dags/dag_customer_rfm_dinda_c.py
[2026-09-17T13:44:13.255+0000] {processor.py:830} INFO - Processing file /opt/airflow/dags/dag_customer_rfm_dinda_c.py for tasks to queue
[2026-09-17T13:44:13.257+0000] {logging_mixin.py:188} INFO - [2026-09-17T13:44:13.257+0000] {dagbag.py:545} INFO - Filling up the DagBag from /opt/airflow/dags/dag_customer_rfm_dinda_c.py
[2026-09-17T13:44:13.275+0000] {processor.py:840} INFO - DAG(s) 'customer_rfm' retrieved from /opt/airflow/dags/dag_customer_rfm_dinda_c.py
[2026-09-17T13:44:13.310+0000] {logging_mixin.py:188} INFO - [2026-09-17T13:44:13.309+0000] {dag.py:3089} INFO - Sync 1 DAGs
[2026-09-17T13:44:13.334+0000] {logging_mixin.py:188} INFO - [2026-09-17T13:44:13.333+0000] {dag.py:3947} INFO - Setting next_dagrun for customer_rfm to 2026-09-17 00:00:00+00:00, run_after=2026-09-18 00:00:00+00:00
[2026-09-17T13:44:13.351+0000] {processor.py:183} INFO - Processing /opt/airflow/dags/dag_customer_rfm_dinda_c.py took 0.103 seconds
[2026-09-17T13:44:45.078+0000] {processor.py:161} INFO - Started process (PID=608) to work on /opt/airflow/dags/dag_customer_rfm_dinda_c.py
[2026-09-17T13:44:45.079+0000] {processor.py:830} INFO - Processing file /opt/airflow/dags/dag_customer_rfm_dinda_c.py for tasks to queue
[2026-09-17T13:44:45.081+0000] {logging_mixin.py:188} INFO - [2026-09-17T13:44:45.081+0000] {dagbag.py:545} INFO - Filling up the DagBag from /opt/airflow/dags/dag_customer_rfm_dinda_c.py
[2026-09-17T13:44:45.101+0000] {processor.py:840} INFO - DAG(s) 'customer_rfm' retrieved from /opt/airflow/dags/dag_customer_rfm_dinda_c.py
[2026-09-17T13:44:45.129+0000] {logging_mixin.py:188} INFO - [2026-09-17T13:44:45.129+0000] {dag.py:3089} INFO - Sync 1 DAGs
[2026-09-17T13:44:45.157+0000] {logging_mixin.py:188} INFO - [2026-09-17T13:44:45.157+0000] {dag.py:3947} INFO - Setting next_dagrun for customer_rfm to 2026-09-17 00:00:00+00:00, run_after=2026-09-18 00:00:00+00:00
[2026-09-17T13:44:45.179+0000] {processor.py:183} INFO - Processing /opt/airflow/dags/dag_customer_rfm_dinda_c.py took 0.105 seconds
[2026-09-17T13:45:17.691+0000] {processor.py:161} INFO - Started process (PID=613) to work on /opt/airflow/dags/dag_customer_rfm_dinda_c.py
[2026-09-17T13:45:17.693+0000] {processor.py:830} INFO - Processing file /opt/airflow/dags/dag_customer_rfm_dinda_c.py for tasks to queue
[2026-09-17T13:45:17.695+0000] {logging_mixin.py:188} INFO - [2026-09-17T13:45:17.694+0000] {dagbag.py:545} INFO - Filling up the DagBag from /opt/airflow/dags/dag_customer_rfm_dinda_c.py
[2026-09-17T13:45:17.712+0000] {processor.py:840} INFO - DAG(s) 'customer_rfm' retrieved from /opt/airflow/dags/dag_customer_rfm_dinda_c.py
[2026-09-17T13:45:17.742+0000] {logging_mixin.py:188} INFO - [2026-09-17T13:45:17.742+0000] {dag.py:3089} INFO - Sync 1 DAGs
[2026-09-17T13:45:17.758+0000] {logging_mixin.py:188} INFO - [2026-09-17T13:45:17.758+0000] {dag.py:3947} INFO - Setting next_dagrun for customer_rfm to 2026-09-17 00:00:00+00:00, run_after=2026-09-18 00:00:00+00:00
[2026-09-17T13:45:17.779+0000] {processor.py:183} INFO - Processing /opt/airflow/dags/dag_customer_rfm_dinda_c.py took 0.092 seconds
[2026-09-17T13:45:50.592+0000] {processor.py:161} INFO - Started process (PID=618) to work on /opt/airflow/dags/dag_customer_rfm_dinda_c.py
[2026-09-17T13:45:50.594+0000] {processor.py:830} INFO - Processing file /opt/airflow/dags/dag_customer_rfm_dinda_c.py for tasks to queue
[2026-09-17T13:45:50.596+0000] {logging_mixin.py:188} INFO - [2026-09-17T13:45:50.595+0000] {dagbag.py:545} INFO - Filling up the DagBag from /opt/airflow/dags/dag_customer_rfm_dinda_c.py
[2026-09-17T13:45:50.613+0000] {processor.py:840} INFO - DAG(s) 'customer_rfm' retrieved from /opt/airflow/dags/dag_customer_rfm_dinda_c.py
[2026-09-17T13:45:50.648+0000] {logging_mixin.py:188} INFO - [2026-09-17T13:45:50.648+0000] {dag.py:3089} INFO - Sync 1 DAGs
[2026-09-17T13:45:50.670+0000] {logging_mixin.py:188} INFO - [2026-09-17T13:45:50.670+0000] {dag.py:3947} INFO - Setting next_dagrun for customer_rfm to 2026-09-17 00:00:00+00:00, run_after=2026-09-18 00:00:00+00:00
[2026-09-17T13:45:50.695+0000] {processor.py:183} INFO - Processing /opt/airflow/dags/dag_customer_rfm_dinda_c.py took 0.109 seconds
[2026-09-17T13:46:22.552+0000] {processor.py:161} INFO - Started process (PID=623) to work on /opt/airflow/dags/dag_customer_rfm_dinda_c.py
[2026-09-17T13:46:22.553+0000] {processor.py:830} INFO - Processing file /opt/airflow/dags/dag_customer_rfm_dinda_c.py for tasks to queue
[2026-09-17T13:46:22.555+0000] {logging_mixin.py:188} INFO - [2026-09-17T13:46:22.555+0000] {dagbag.py:545} INFO - Filling up the DagBag from /opt/airflow/dags/dag_customer_rfm_dinda_c.py
[2026-09-17T13:46:22.589+0000] {processor.py:840} INFO - DAG(s) 'customer_rfm' retrieved from /opt/airflow/dags/dag_customer_rfm_dinda_c.py
[2026-09-17T13:46:22.623+0000] {logging_mixin.py:188} INFO - [2026-09-17T13:46:22.623+0000] {dag.py:3089} INFO - Sync 1 DAGs
[2026-09-17T13:46:22.648+0000] {logging_mixin.py:188} INFO - [2026-09-17T13:46:22.648+0000] {dag.py:3947} INFO - Setting next_dagrun for customer_rfm to 2026-09-17 00:00:00+00:00, run_after=2026-09-18 00:00:00+00:00
[2026-09-17T13:46:22.673+0000] {processor.py:183} INFO - Processing /opt/airflow/dags/dag_customer_rfm_dinda_c.py took 0.128 seconds
[2026-09-17T13:46:55.366+0000] {processor.py:161} INFO - Started process (PID=628) to work on /opt/airflow/dags/dag_customer_rfm_dinda_c.py
[2026-09-17T13:46:55.368+0000] {processor.py:830} INFO - Processing file /opt/airflow/dags/dag_customer_rfm_dinda_c.py for tasks to queue
[2026-09-17T13:46:55.370+0000] {logging_mixin.py:188} INFO - [2026-09-17T13:46:55.370+0000] {dagbag.py:545} INFO - Filling up the DagBag from /opt/airflow/dags/dag_customer_rfm_dinda_c.py
[2026-09-17T13:46:55.396+0000] {processor.py:840} INFO - DAG(s) 'customer_rfm' retrieved from /opt/airflow/dags/dag_customer_rfm_dinda_c.py
[2026-09-17T13:46:55.429+0000] {logging_mixin.py:188} INFO - [2026-09-17T13:46:55.429+0000] {dag.py:3089} INFO - Sync 1 DAGs
[2026-09-17T13:46:55.452+0000] {logging_mixin.py:188} INFO - [2026-09-17T13:46:55.452+0000] {dag.py:3947} INFO - Setting next_dagrun for customer_rfm to 2026-09-17 00:00:00+00:00, run_after=2026-09-18 00:00:00+00:00
[2026-09-17T13:46:55.478+0000] {processor.py:183} INFO - Processing /opt/airflow/dags/dag_customer_rfm_dinda_c.py took 0.118 seconds
[2026-09-17T13:47:28.151+0000] {processor.py:161} INFO - Started process (PID=633) to work on /opt/airflow/dags/dag_customer_rfm_dinda_c.py
[2026-09-17T13:47:28.152+0000] {processor.py:830} INFO - Processing file /opt/airflow/dags/dag_customer_rfm_dinda_c.py for tasks to queue
[2026-09-17T13:47:28.155+0000] {logging_mixin.py:188} INFO - [2026-09-17T13:47:28.154+0000] {dagbag.py:545} INFO - Filling up the DagBag from /opt/airflow/dags/dag_customer_rfm_dinda_c.py
[2026-09-17T13:47:28.170+0000] {processor.py:840} INFO - DAG(s) 'customer_rfm' retrieved from /opt/airflow/dags/dag_customer_rfm_dinda_c.py
[2026-09-17T13:47:28.196+0000] {logging_mixin.py:188} INFO - [2026-09-17T13:47:28.196+0000] {dag.py:3089} INFO - Sync 1 DAGs
[2026-09-17T13:47:28.216+0000] {logging_mixin.py:188} INFO - [2026-09-17T13:47:28.216+0000] {dag.py:3947} INFO - Setting next_dagrun for customer_rfm to 2026-09-17 00:00:00+00:00, run_after=2026-09-18 00:00:00+00:00
[2026-09-17T13:47:28.234+0000] {processor.py:183} INFO - Processing /opt/airflow/dags/dag_customer_rfm_dinda_c.py took 0.087 seconds
[2026-09-17T13:48:00.944+0000] {processor.py:161} INFO - Started process (PID=638) to work on /opt/airflow/dags/dag_customer_rfm_dinda_c.py
[2026-09-17T13:48:00.945+0000] {processor.py:830} INFO - Processing file /opt/airflow/dags/dag_customer_rfm_dinda_c.py for tasks to queue
[2026-09-17T13:48:00.946+0000] {logging_mixin.py:188} INFO - [2026-09-17T13:48:00.946+0000] {dagbag.py:545} INFO - Filling up the DagBag from /opt/airflow/dags/dag_customer_rfm_dinda_c.py
[2026-09-17T13:48:00.971+0000] {processor.py:840} INFO - DAG(s) 'customer_rfm' retrieved from /opt/airflow/dags/dag_customer_rfm_dinda_c.py
[2026-09-17T13:48:00.999+0000] {logging_mixin.py:188} INFO - [2026-09-17T13:48:00.999+0000] {dag.py:3089} INFO - Sync 1 DAGs
[2026-09-17T13:48:01.017+0000] {logging_mixin.py:188} INFO - [2026-09-17T13:48:01.017+0000] {dag.py:3947} INFO - Setting next_dagrun for customer_rfm to 2026-09-17 00:00:00+00:00, run_after=2026-09-18 00:00:00+00:00
[2026-09-17T13:48:01.040+0000] {processor.py:183} INFO - Processing /opt/airflow/dags/dag_customer_rfm_dinda_c.py took 0.101 seconds
[2026-09-17T13:48:32.704+0000] {processor.py:161} INFO - Started process (PID=643) to work on /opt/airflow/dags/dag_customer_rfm_dinda_c.py
[2026-09-17T13:48:32.705+0000] {processor.py:830} INFO - Processing file /opt/airflow/dags/dag_customer_rfm_dinda_c.py for tasks to queue
[2026-09-17T13:48:32.707+0000] {logging_mixin.py:188} INFO - [2026-09-17T13:48:32.707+0000] {dagbag.py:545} INFO - Filling up the DagBag from /opt/airflow/dags/dag_customer_rfm_dinda_c.py
[2026-09-17T13:48:32.725+0000] {processor.py:840} INFO - DAG(s) 'customer_rfm' retrieved from /opt/airflow/dags/dag_customer_rfm_dinda_c.py
[2026-09-17T13:48:32.756+0000] {logging_mixin.py:188} INFO - [2026-09-17T13:48:32.755+0000] {dag.py:3089} INFO - Sync 1 DAGs
[2026-09-17T13:48:32.775+0000] {logging_mixin.py:188} INFO - [2026-09-17T13:48:32.774+0000] {dag.py:3947} INFO - Setting next_dagrun for customer_rfm to 2026-09-17 00:00:00+00:00, run_after=2026-09-18 00:00:00+00:00
[2026-09-17T13:48:32.800+0000] {processor.py:183} INFO - Processing /opt/airflow/dags/dag_customer_rfm_dinda_c.py took 0.101 seconds
[2026-09-17T13:49:05.490+0000] {processor.py:161} INFO - Started process (PID=648) to work on /opt/airflow/dags/dag_customer_rfm_dinda_c.py
[2026-09-17T13:49:05.492+0000] {processor.py:830} INFO - Processing file /opt/airflow/dags/dag_customer_rfm_dinda_c.py for tasks to queue
[2026-09-17T13:49:05.496+0000] {logging_mixin.py:188} INFO - [2026-09-17T13:49:05.496+0000] {dagbag.py:545} INFO - Filling up the DagBag from /opt/airflow/dags/dag_customer_rfm_dinda_c.py
[2026-09-17T13:49:05.512+0000] {processor.py:840} INFO - DAG(s) 'customer_rfm' retrieved from /opt/airflow/dags/dag_customer_rfm_dinda_c.py
[2026-09-17T13:49:05.539+0000] {logging_mixin.py:188} INFO - [2026-09-17T13:49:05.539+0000] {dag.py:3089} INFO - Sync 1 DAGs
[2026-09-17T13:49:05.556+0000] {logging_mixin.py:188} INFO - [2026-09-17T13:49:05.556+0000] {dag.py:3947} INFO - Setting next_dagrun for customer_rfm to 2026-09-17 00:00:00+00:00, run_after=2026-09-18 00:00:00+00:00
[2026-09-17T13:49:05.577+0000] {processor.py:183} INFO - Processing /opt/airflow/dags/dag_customer_rfm_dinda_c.py took 0.101 seconds
[2026-09-17T13:49:36.084+0000] {processor.py:161} INFO - Started process (PID=653) to work on /opt/airflow/dags/dag_customer_rfm_dinda_c.py
[2026-09-17T13:49:36.086+0000] {processor.py:830} INFO - Processing file /opt/airflow/dags/dag_customer_rfm_dinda_c.py for tasks to queue
[2026-09-17T13:49:36.087+0000] {logging_mixin.py:188} INFO - [2026-09-17T13:49:36.087+0000] {dagbag.py:545} INFO - Filling up the DagBag from /opt/airflow/dags/dag_customer_rfm_dinda_c.py
[2026-09-17T13:49:36.106+0000] {processor.py:840} INFO - DAG(s) 'customer_rfm' retrieved from /opt/airflow/dags/dag_customer_rfm_dinda_c.py
[2026-09-17T13:49:36.136+0000] {logging_mixin.py:188} INFO - [2026-09-17T13:49:36.136+0000] {dag.py:3089} INFO - Sync 1 DAGs
[2026-09-17T13:49:36.161+0000] {logging_mixin.py:188} INFO - [2026-09-17T13:49:36.160+0000] {dag.py:3947} INFO - Setting next_dagrun for customer_rfm to 2026-09-17 00:00:00+00:00, run_after=2026-09-18 00:00:00+00:00
[2026-09-17T13:49:36.179+0000] {processor.py:183} INFO - Processing /opt/airflow/dags/dag_customer_rfm_dinda_c.py took 0.101 seconds
[2026-09-17T13:50:06.610+0000] {processor.py:161} INFO - Started process (PID=658) to work on /opt/airflow/dags/dag_customer_rfm_dinda_c.py
[2026-09-17T13:50:06.612+0000] {processor.py:830} INFO - Processing file /opt/airflow/dags/dag_customer_rfm_dinda_c.py for tasks to queue
[2026-09-17T13:50:06.613+0000] {logging_mixin.py:188} INFO - [2026-09-17T13:50:06.613+0000] {dagbag.py:545} INFO - Filling up the DagBag from /opt/airflow/dags/dag_customer_rfm_dinda_c.py
[2026-09-17T13:50:06.631+0000] {processor.py:840} INFO - DAG(s) 'customer_rfm' retrieved from /opt/airflow/dags/dag_customer_rfm_dinda_c.py
[2026-09-17T13:50:06.666+0000] {logging_mixin.py:188} INFO - [2026-09-17T13:50:06.666+0000] {dag.py:3089} INFO - Sync 1 DAGs
[2026-09-17T13:50:06.686+0000] {logging_mixin.py:188} INFO - [2026-09-17T13:50:06.685+0000] {dag.py:3947} INFO - Setting next_dagrun for customer_rfm to 2026-09-17 00:00:00+00:00, run_after=2026-09-18 00:00:00+00:00
[2026-09-17T13:50:06.706+0000] {processor.py:183} INFO - Processing /opt/airflow/dags/dag_customer_rfm_dinda_c.py took 0.104 seconds
[2026-09-17T13:50:36.920+0000] {processor.py:161} INFO - Started process (PID=663) to work on /opt/airflow/dags/dag_customer_rfm_dinda_c.py
[2026-09-17T13:50:36.921+0000] {processor.py:830} INFO - Processing file /opt/airflow/dags/dag_customer_rfm_dinda_c.py for tasks to queue
[2026-09-17T13:50:36.924+0000] {logging_mixin.py:188} INFO - [2026-09-17T13:50:36.923+0000] {dagbag.py:545} INFO - Filling up the DagBag from /opt/airflow/dags/dag_customer_rfm_dinda_c.py
[2026-09-17T13:50:36.941+0000] {processor.py:840} INFO - DAG(s) 'customer_rfm' retrieved from /opt/airflow/dags/dag_customer_rfm_dinda_c.py
[2026-09-17T13:50:36.968+0000] {logging_mixin.py:188} INFO - [2026-09-17T13:50:36.968+0000] {dag.py:3089} INFO - Sync 1 DAGs
[2026-09-17T13:50:36.990+0000] {logging_mixin.py:188} INFO - [2026-09-17T13:50:36.990+0000] {dag.py:3947} INFO - Setting next_dagrun for customer_rfm to 2026-09-17 00:00:00+00:00, run_after=2026-09-18 00:00:00+00:00
[2026-09-17T13:50:37.010+0000] {processor.py:183} INFO - Processing /opt/airflow/dags/dag_customer_rfm_dinda_c.py took 0.094 seconds
[2026-09-17T13:51:07.822+0000] {processor.py:161} INFO - Started process (PID=668) to work on /opt/airflow/dags/dag_customer_rfm_dinda_c.py
[2026-09-17T13:51:07.824+0000] {processor.py:830} INFO - Processing file /opt/airflow/dags/dag_customer_rfm_dinda_c.py for tasks to queue
[2026-09-17T13:51:07.826+0000] {logging_mixin.py:188} INFO - [2026-09-17T13:51:07.826+0000] {dagbag.py:545} INFO - Filling up the DagBag from /opt/airflow/dags/dag_customer_rfm_dinda_c.py
[2026-09-17T13:51:07.845+0000] {processor.py:840} INFO - DAG(s) 'customer_rfm' retrieved from /opt/airflow/dags/dag_customer_rfm_dinda_c.py
[2026-09-17T13:51:07.872+0000] {logging_mixin.py:188} INFO - [2026-09-17T13:51:07.872+0000] {dag.py:3089} INFO - Sync 1 DAGs
[2026-09-17T13:51:07.895+0000] {logging_mixin.py:188} INFO - [2026-09-17T13:51:07.895+0000] {dag.py:3947} INFO - Setting next_dagrun for customer_rfm to 2026-09-17 00:00:00+00:00, run_after=2026-09-18 00:00:00+00:00
[2026-09-17T13:51:07.917+0000] {processor.py:183} INFO - Processing /opt/airflow/dags/dag_customer_rfm_dinda_c.py took 0.106 seconds
[2026-09-17T13:51:38.605+0000] {processor.py:161} INFO - Started process (PID=673) to work on /opt/airflow/dags/dag_customer_rfm_dinda_c.py
[2026-09-17T13:51:38.606+0000] {processor.py:830} INFO - Processing file /opt/airflow/dags/dag_customer_rfm_dinda_c.py for tasks to queue
[2026-09-17T13:51:38.608+0000] {logging_mixin.py:188} INFO - [2026-09-17T13:51:38.608+0000] {dagbag.py:545} INFO - Filling up the DagBag from /opt/airflow/dags/dag_customer_rfm_dinda_c.py
[2026-09-17T13:51:38.626+0000] {processor.py:840} INFO - DAG(s) 'customer_rfm' retrieved from /opt/airflow/dags/dag_customer_rfm_dinda_c.py
[2026-09-17T13:51:38.656+0000] {logging_mixin.py:188} INFO - [2026-09-17T13:51:38.656+0000] {dag.py:3089} INFO - Sync 1 DAGs
[2026-09-17T13:51:38.675+0000] {logging_mixin.py:188} INFO - [2026-09-17T13:51:38.675+0000] {dag.py:3947} INFO - Setting next_dagrun for customer_rfm to 2026-09-17 00:00:00+00:00, run_after=2026-09-18 00:00:00+00:00
[2026-09-17T13:51:38.699+0000] {processor.py:183} INFO - Processing /opt/airflow/dags/dag_customer_rfm_dinda_c.py took 0.099 seconds
[2026-09-17T13:52:09.311+0000] {processor.py:161} INFO - Started process (PID=678) to work on /opt/airflow/dags/dag_customer_rfm_dinda_c.py
[2026-09-17T13:52:09.314+0000] {processor.py:830} INFO - Processing file /opt/airflow/dags/dag_customer_rfm_dinda_c.py for tasks to queue
[2026-09-17T13:52:09.317+0000] {logging_mixin.py:188} INFO - [2026-09-17T13:52:09.316+0000] {dagbag.py:545} INFO - Filling up the DagBag from /opt/airflow/dags/dag_customer_rfm_dinda_c.py
[2026-09-17T13:52:09.337+0000] {processor.py:840} INFO - DAG(s) 'customer_rfm' retrieved from /opt/airflow/dags/dag_customer_rfm_dinda_c.py
[2026-09-17T13:52:09.368+0000] {logging_mixin.py:188} INFO - [2026-09-17T13:52:09.367+0000] {dag.py:3089} INFO - Sync 1 DAGs
[2026-09-17T13:52:09.386+0000] {logging_mixin.py:188} INFO - [2026-09-17T13:52:09.386+0000] {dag.py:3947} INFO - Setting next_dagrun for customer_rfm to 2026-09-17 00:00:00+00:00, run_after=2026-09-18 00:00:00+00:00
[2026-09-17T13:52:09.404+0000] {processor.py:183} INFO - Processing /opt/airflow/dags/dag_customer_rfm_dinda_c.py took 0.103 seconds
[2026-09-17T13:52:40.181+0000] {processor.py:161} INFO - Started process (PID=683) to work on /opt/airflow/dags/dag_customer_rfm_dinda_c.py
[2026-09-17T13:52:40.182+0000] {processor.py:830} INFO - Processing file /opt/airflow/dags/dag_customer_rfm_dinda_c.py for tasks to queue
[2026-09-17T13:52:40.185+0000] {logging_mixin.py:188} INFO - [2026-09-17T13:52:40.184+0000] {dagbag.py:545} INFO - Filling up the DagBag from /opt/airflow/dags/dag_customer_rfm_dinda_c.py
[2026-09-17T13:52:40.203+0000] {processor.py:840} INFO - DAG(s) 'customer_rfm' retrieved from /opt/airflow/dags/dag_customer_rfm_dinda_c.py
[2026-09-17T13:52:40.233+0000] {logging_mixin.py:188} INFO - [2026-09-17T13:52:40.233+0000] {dag.py:3089} INFO - Sync 1 DAGs
[2026-09-17T13:52:40.254+0000] {logging_mixin.py:188} INFO - [2026-09-17T13:52:40.254+0000] {dag.py:3947} INFO - Setting next_dagrun for customer_rfm to 2026-09-17 00:00:00+00:00, run_after=2026-09-18 00:00:00+00:00
[2026-09-17T13:52:40.270+0000] {processor.py:183} INFO - Processing /opt/airflow/dags/dag_customer_rfm_dinda_c.py took 0.094 seconds
[2026-09-17T13:53:10.946+0000] {processor.py:161} INFO - Started process (PID=688) to work on /opt/airflow/dags/dag_customer_rfm_dinda_c.py
[2026-09-17T13:53:10.947+0000] {processor.py:830} INFO - Processing file /opt/airflow/dags/dag_customer_rfm_dinda_c.py for tasks to queue
[2026-09-17T13:53:10.949+0000] {logging_mixin.py:188} INFO - [2026-09-17T13:53:10.949+0000] {dagbag.py:545} INFO - Filling up the DagBag from /opt/airflow/dags/dag_customer_rfm_dinda_c.py
[2026-09-17T13:53:10.967+0000] {processor.py:840} INFO - DAG(s) 'customer_rfm' retrieved from /opt/airflow/dags/dag_customer_rfm_dinda_c.py
[2026-09-17T13:53:10.998+0000] {logging_mixin.py:188} INFO - [2026-09-17T13:53:10.997+0000] {dag.py:3089} INFO - Sync 1 DAGs
[2026-09-17T13:53:11.023+0000] {logging_mixin.py:188} INFO - [2026-09-17T13:53:11.023+0000] {dag.py:3947} INFO - Setting next_dagrun for customer_rfm to 2026-09-17 00:00:00+00:00, run_after=2026-09-18 00:00:00+00:00
[2026-09-17T13:53:11.044+0000] {processor.py:183} INFO - Processing /opt/airflow/dags/dag_customer_rfm_dinda_c.py took 0.103 seconds
[2026-09-17T13:53:41.732+0000] {processor.py:161} INFO - Started process (PID=693) to work on /opt/airflow/dags/dag_customer_rfm_dinda_c.py
[2026-09-17T13:53:41.733+0000] {processor.py:830} INFO - Processing file /opt/airflow/dags/dag_customer_rfm_dinda_c.py for tasks to queue
[2026-09-17T13:53:41.736+0000] {logging_mixin.py:188} INFO - [2026-09-17T13:53:41.735+0000] {dagbag.py:545} INFO - Filling up the DagBag from /opt/airflow/dags/dag_customer_rfm_dinda_c.py
[2026-09-17T13:53:41.755+0000] {processor.py:840} INFO - DAG(s) 'customer_rfm' retrieved from /opt/airflow/dags/dag_customer_rfm_dinda_c.py
[2026-09-17T13:53:41.790+0000] {logging_mixin.py:188} INFO - [2026-09-17T13:53:41.790+0000] {dag.py:3089} INFO - Sync 1 DAGs
[2026-09-17T13:53:41.811+0000] {logging_mixin.py:188} INFO - [2026-09-17T13:53:41.811+0000] {dag.py:3947} INFO - Setting next_dagrun for customer_rfm to 2026-09-17 00:00:00+00:00, run_after=2026-09-18 00:00:00+00:00
[2026-09-17T13:53:41.831+0000] {processor.py:183} INFO - Processing /opt/airflow/dags/dag_customer_rfm_dinda_c.py took 0.104 seconds
[2026-09-17T13:54:12.410+0000] {processor.py:161} INFO - Started process (PID=698) to work on /opt/airflow/dags/dag_customer_rfm_dinda_c.py
[2026-09-17T13:54:12.412+0000] {processor.py:830} INFO - Processing file /opt/airflow/dags/dag_customer_rfm_dinda_c.py for tasks to queue
[2026-09-17T13:54:12.414+0000] {logging_mixin.py:188} INFO - [2026-09-17T13:54:12.414+0000] {dagbag.py:545} INFO - Filling up the DagBag from /opt/airflow/dags/dag_customer_rfm_dinda_c.py
[2026-09-17T13:54:12.434+0000] {processor.py:840} INFO - DAG(s) 'customer_rfm' retrieved from /opt/airflow/dags/dag_customer_rfm_dinda_c.py
[2026-09-17T13:54:12.463+0000] {logging_mixin.py:188} INFO - [2026-09-17T13:54:12.463+0000] {dag.py:3089} INFO - Sync 1 DAGs
[2026-09-17T13:54:12.484+0000] {logging_mixin.py:188} INFO - [2026-09-17T13:54:12.484+0000] {dag.py:3947} INFO - Setting next_dagrun for customer_rfm to 2026-09-17 00:00:00+00:00, run_after=2026-09-18 00:00:00+00:00
[2026-09-17T13:54:12.504+0000] {processor.py:183} INFO - Processing /opt/airflow/dags/dag_customer_rfm_dinda_c.py took 0.101 seconds
[2026-09-17T13:54:42.842+0000] {processor.py:161} INFO - Started process (PID=703) to work on /opt/airflow/dags/dag_customer_rfm_dinda_c.py
[2026-09-17T13:54:42.844+0000] {processor.py:830} INFO - Processing file /opt/airflow/dags/dag_customer_rfm_dinda_c.py for tasks to queue
[2026-09-17T13:54:42.847+0000] {logging_mixin.py:188} INFO - [2026-09-17T13:54:42.847+0000] {dagbag.py:545} INFO - Filling up the DagBag from /opt/airflow/dags/dag_customer_rfm_dinda_c.py
[2026-09-17T13:54:42.867+0000] {processor.py:840} INFO - DAG(s) 'customer_rfm' retrieved from /opt/airflow/dags/dag_customer_rfm_dinda_c.py
[2026-09-17T13:54:42.893+0000] {logging_mixin.py:188} INFO - [2026-09-17T13:54:42.892+0000] {dag.py:3089} INFO - Sync 1 DAGs
[2026-09-17T13:54:42.910+0000] {logging_mixin.py:188} INFO - [2026-09-17T13:54:42.910+0000] {dag.py:3947} INFO - Setting next_dagrun for customer_rfm to 2026-09-17 00:00:00+00:00, run_after=2026-09-18 00:00:00+00:00
[2026-09-17T13:54:42.930+0000] {processor.py:183} INFO - Processing /opt/airflow/dags/dag_customer_rfm_dinda_c.py took 0.098 seconds
[2026-09-17T13:55:13.809+0000] {processor.py:161} INFO - Started process (PID=708) to work on /opt/airflow/dags/dag_customer_rfm_dinda_c.py
[2026-09-17T13:55:13.811+0000] {processor.py:830} INFO - Processing file /opt/airflow/dags/dag_customer_rfm_dinda_c.py for tasks to queue
[2026-09-17T13:55:13.812+0000] {logging_mixin.py:188} INFO - [2026-09-17T13:55:13.812+0000] {dagbag.py:545} INFO - Filling up the DagBag from /opt/airflow/dags/dag_customer_rfm_dinda_c.py
[2026-09-17T13:55:13.830+0000] {processor.py:840} INFO - DAG(s) 'customer_rfm' retrieved from /opt/airflow/dags/dag_customer_rfm_dinda_c.py
[2026-09-17T13:55:13.860+0000] {logging_mixin.py:188} INFO - [2026-09-17T13:55:13.860+0000] {dag.py:3089} INFO - Sync 1 DAGs
[2026-09-17T13:55:13.884+0000] {logging_mixin.py:188} INFO - [2026-09-17T13:55:13.884+0000] {dag.py:3947} INFO - Setting next_dagrun for customer_rfm to 2026-09-17 00:00:00+00:00, run_after=2026-09-18 00:00:00+00:00
[2026-09-17T13:55:13.908+0000] {processor.py:183} INFO - Processing /opt/airflow/dags/dag_customer_rfm_dinda_c.py took 0.105 seconds
[2026-09-17T13:55:44.451+0000] {processor.py:161} INFO - Started process (PID=713) to work on /opt/airflow/dags/dag_customer_rfm_dinda_c.py
[2026-09-17T13:55:44.453+0000] {processor.py:830} INFO - Processing file /opt/airflow/dags/dag_customer_rfm_dinda_c.py for tasks to queue
[2026-09-17T13:55:44.455+0000] {logging_mixin.py:188} INFO - [2026-09-17T13:55:44.454+0000] {dagbag.py:545} INFO - Filling up the DagBag from /opt/airflow/dags/dag_customer_rfm_dinda_c.py
[2026-09-17T13:55:44.470+0000] {processor.py:840} INFO - DAG(s) 'customer_rfm' retrieved from /opt/airflow/dags/dag_customer_rfm_dinda_c.py
[2026-09-17T13:55:44.496+0000] {logging_mixin.py:188} INFO - [2026-09-17T13:55:44.496+0000] {dag.py:3089} INFO - Sync 1 DAGs
[2026-09-17T13:55:44.514+0000] {logging_mixin.py:188} INFO - [2026-09-17T13:55:44.514+0000] {dag.py:3947} INFO - Setting next_dagrun for customer_rfm to 2026-09-17 00:00:00+00:00, run_after=2026-09-18 00:00:00+00:00
[2026-09-17T13:55:44.529+0000] {processor.py:183} INFO - Processing /opt/airflow/dags/dag_customer_rfm_dinda_c.py took 0.082 seconds
[2026-09-17T13:56:14.939+0000] {processor.py:161} INFO - Started process (PID=718) to work on /opt/airflow/dags/dag_customer_rfm_dinda_c.py
[2026-09-17T13:56:14.940+0000] {processor.py:830} INFO - Processing file /opt/airflow/dags/dag_customer_rfm_dinda_c.py for tasks to queue
[2026-09-17T13:56:14.942+0000] {logging_mixin.py:188} INFO - [2026-09-17T13:56:14.942+0000] {dagbag.py:545} INFO - Filling up the DagBag from /opt/airflow/dags/dag_customer_rfm_dinda_c.py
[2026-09-17T13:56:14.958+0000] {processor.py:840} INFO - DAG(s) 'customer_rfm' retrieved from /opt/airflow/dags/dag_customer_rfm_dinda_c.py
[2026-09-17T13:56:14.987+0000] {logging_mixin.py:188} INFO - [2026-09-17T13:56:14.987+0000] {dag.py:3089} INFO - Sync 1 DAGs
[2026-09-17T13:56:15.010+0000] {logging_mixin.py:188} INFO - [2026-09-17T13:56:15.009+0000] {dag.py:3947} INFO - Setting next_dagrun for customer_rfm to 2026-09-17 00:00:00+00:00, run_after=2026-09-18 00:00:00+00:00
[2026-09-17T13:56:15.035+0000] {processor.py:183} INFO - Processing /opt/airflow/dags/dag_customer_rfm_dinda_c.py took 0.101 seconds
[2026-09-17T13:56:45.489+0000] {processor.py:161} INFO - Started process (PID=723) to work on /opt/airflow/dags/dag_customer_rfm_dinda_c.py
[2026-09-17T13:56:45.491+0000] {processor.py:830} INFO - Processing file /opt/airflow/dags/dag_customer_rfm_dinda_c.py for tasks to queue
[2026-09-17T13:56:45.492+0000] {logging_mixin.py:188} INFO - [2026-09-17T13:56:45.492+0000] {dagbag.py:545} INFO - Filling up the DagBag from /opt/airflow/dags/dag_customer_rfm_dinda_c.py
[2026-09-17T13:56:45.509+0000] {processor.py:840} INFO - DAG(s) 'customer_rfm' retrieved from /opt/airflow/dags/dag_customer_rfm_dinda_c.py
[2026-09-17T13:56:45.537+0000] {logging_mixin.py:188} INFO - [2026-09-17T13:56:45.536+0000] {dag.py:3089} INFO - Sync 1 DAGs
[2026-09-17T13:56:45.555+0000] {logging_mixin.py:188} INFO - [2026-09-17T13:56:45.555+0000] {dag.py:3947} INFO - Setting next_dagrun for customer_rfm to 2026-09-17 00:00:00+00:00, run_after=2026-09-18 00:00:00+00:00
[2026-09-17T13:56:45.572+0000] {processor.py:183} INFO - Processing /opt/airflow/dags/dag_customer_rfm_dinda_c.py took 0.088 seconds
[2026-09-17T13:57:15.991+0000] {processor.py:161} INFO - Started process (PID=728) to work on /opt/airflow/dags/dag_customer_rfm_dinda_c.py
[2026-09-17T13:57:15.992+0000] {processor.py:830} INFO - Processing file /opt/airflow/dags/dag_customer_rfm_dinda_c.py for tasks to queue
[2026-09-17T13:57:15.996+0000] {logging_mixin.py:188} INFO - [2026-09-17T13:57:15.996+0000] {dagbag.py:545} INFO - Filling up the DagBag from /opt/airflow/dags/dag_customer_rfm_dinda_c.py
[2026-09-17T13:57:16.014+0000] {processor.py:840} INFO - DAG(s) 'customer_rfm' retrieved from /opt/airflow/dags/dag_customer_rfm_dinda_c.py
[2026-09-17T13:57:16.044+0000] {logging_mixin.py:188} INFO - [2026-09-17T13:57:16.044+0000] {dag.py:3089} INFO - Sync 1 DAGs
[2026-09-17T13:57:16.065+0000] {logging_mixin.py:188} INFO - [2026-09-17T13:57:16.065+0000] {dag.py:3947} INFO - Setting next_dagrun for customer_rfm to 2026-09-17 00:00:00+00:00, run_after=2026-09-18 00:00:00+00:00
[2026-09-17T13:57:16.085+0000] {processor.py:183} INFO - Processing /opt/airflow/dags/dag_customer_rfm_dinda_c.py took 0.101 seconds
[2026-09-17T13:57:46.552+0000] {processor.py:161} INFO - Started process (PID=733) to work on /opt/airflow/dags/dag_customer_rfm_dinda_c.py
[2026-09-17T13:57:46.553+0000] {processor.py:830} INFO - Processing file /opt/airflow/dags/dag_customer_rfm_dinda_c.py for tasks to queue
[2026-09-17T13:57:46.556+0000] {logging_mixin.py:188} INFO - [2026-09-17T13:57:46.555+0000] {dagbag.py:545} INFO - Filling up the DagBag from /opt/airflow/dags/dag_customer_rfm_dinda_c.py
[2026-09-17T13:57:46.579+0000] {processor.py:840} INFO - DAG(s) 'customer_rfm' retrieved from /opt/airflow/dags/dag_customer_rfm_dinda_c.py
[2026-09-17T13:57:46.610+0000] {logging_mixin.py:188} INFO - [2026-09-17T13:57:46.610+0000] {dag.py:3089} INFO - Sync 1 DAGs
[2026-09-17T13:57:46.639+0000] {logging_mixin.py:188} INFO - [2026-09-17T13:57:46.639+0000] {dag.py:3947} INFO - Setting next_dagrun for customer_rfm to 2026-09-17 00:00:00+00:00, run_after=2026-09-18 00:00:00+00:00
[2026-09-17T13:57:46.668+0000] {processor.py:183} INFO - Processing /opt/airflow/dags/dag_customer_rfm_dinda_c.py took 0.122 seconds
[2026-09-17T13:58:17.094+0000] {processor.py:161} INFO - Started process (PID=738) to work on /opt/airflow/dags/dag_customer_rfm_dinda_c.py
[2026-09-17T13:58:17.095+0000] {processor.py:830} INFO - Processing file /opt/airflow/dags/dag_customer_rfm_dinda_c.py for tasks to queue
[2026-09-17T13:58:17.097+0000] {logging_mixin.py:188} INFO - [2026-09-17T13:58:17.097+0000] {dagbag.py:545} INFO - Filling up the DagBag from /opt/airflow/dags/dag_customer_rfm_dinda_c.py
[2026-09-17T13:58:17.113+0000] {processor.py:840} INFO - DAG(s) 'customer_rfm' retrieved from /opt/airflow/dags/dag_customer_rfm_dinda_c.py
[2026-09-17T13:58:17.145+0000] {logging_mixin.py:188} INFO - [2026-09-17T13:58:17.145+0000] {dag.py:3089} INFO - Sync 1 DAGs
[2026-09-17T13:58:17.165+0000] {logging_mixin.py:188} INFO - [2026-09-17T13:58:17.165+0000] {dag.py:3947} INFO - Setting next_dagrun for customer_rfm to 2026-09-17 00:00:00+00:00, run_after=2026-09-18 00:00:00+00:00
[2026-09-17T13:58:17.191+0000] {processor.py:183} INFO - Processing /opt/airflow/dags/dag_customer_rfm_dinda_c.py took 0.102 seconds
[2026-09-17T13:58:48.648+0000] {processor.py:161} INFO - Started process (PID=743) to work on /opt/airflow/dags/dag_customer_rfm_dinda_c.py
[2026-09-17T13:58:48.650+0000] {processor.py:830} INFO - Processing file /opt/airflow/dags/dag_customer_rfm_dinda_c.py for tasks to queue
[2026-09-17T13:58:48.651+0000] {logging_mixin.py:188} INFO - [2026-09-17T13:58:48.651+0000] {dagbag.py:545} INFO - Filling up the DagBag from /opt/airflow/dags/dag_customer_rfm_dinda_c.py
[2026-09-17T13:58:48.668+0000] {processor.py:840} INFO - DAG(s) 'customer_rfm' retrieved from /opt/airflow/dags/dag_customer_rfm_dinda_c.py
[2026-09-17T13:58:48.696+0000] {logging_mixin.py:188} INFO - [2026-09-17T13:58:48.696+0000] {dag.py:3089} INFO - Sync 1 DAGs
[2026-09-17T13:58:48.715+0000] {logging_mixin.py:188} INFO - [2026-09-17T13:58:48.714+0000] {dag.py:3947} INFO - Setting next_dagrun for customer_rfm to 2026-09-17 00:00:00+00:00, run_after=2026-09-18 00:00:00+00:00
[2026-09-17T13:58:48.737+0000] {processor.py:183} INFO - Processing /opt/airflow/dags/dag_customer_rfm_dinda_c.py took 0.094 seconds
[2026-09-17T13:59:21.208+0000] {processor.py:161} INFO - Started process (PID=748) to work on /opt/airflow/dags/dag_customer_rfm_dinda_c.py
[2026-09-17T13:59:21.209+0000] {processor.py:830} INFO - Processing file /opt/airflow/dags/dag_customer_rfm_dinda_c.py for tasks to queue
[2026-09-17T13:59:21.211+0000] {logging_mixin.py:188} INFO - [2026-09-17T13:59:21.211+0000] {dagbag.py:545} INFO - Filling up the DagBag from /opt/airflow/dags/dag_customer_rfm_dinda_c.py
[2026-09-17T13:59:21.229+0000] {processor.py:840} INFO - DAG(s) 'customer_rfm' retrieved from /opt/airflow/dags/dag_customer_rfm_dinda_c.py
[2026-09-17T13:59:21.257+0000] {logging_mixin.py:188} INFO - [2026-09-17T13:59:21.257+0000] {dag.py:3089} INFO - Sync 1 DAGs
[2026-09-17T13:59:21.276+0000] {logging_mixin.py:188} INFO - [2026-09-17T13:59:21.275+0000] {dag.py:3947} INFO - Setting next_dagrun for customer_rfm to 2026-09-17 00:00:00+00:00, run_after=2026-09-18 00:00:00+00:00
[2026-09-17T13:59:21.295+0000] {processor.py:183} INFO - Processing /opt/airflow/dags/dag_customer_rfm_dinda_c.py took 0.092 seconds
[2026-09-17T13:59:53.773+0000] {processor.py:161} INFO - Started process (PID=753) to work on /opt/airflow/dags/dag_customer_rfm_dinda_c.py
[2026-09-17T13:59:53.774+0000] {processor.py:830} INFO - Processing file /opt/airflow/dags/dag_customer_rfm_dinda_c.py for tasks to queue
[2026-09-17T13:59:53.776+0000] {logging_mixin.py:188} INFO - [2026-09-17T13:59:53.775+0000] {dagbag.py:545} INFO - Filling up the DagBag from /opt/airflow/dags/dag_customer_rfm_dinda_c.py
[2026-09-17T13:59:53.792+0000] {processor.py:840} INFO - DAG(s) 'customer_rfm' retrieved from /opt/airflow/dags/dag_customer_rfm_dinda_c.py
[2026-09-17T13:59:53.818+0000] {logging_mixin.py:188} INFO - [2026-09-17T13:59:53.818+0000] {dag.py:3089} INFO - Sync 1 DAGs
[2026-09-17T13:59:53.835+0000] {logging_mixin.py:188} INFO - [2026-09-17T13:59:53.835+0000] {dag.py:3947} INFO - Setting next_dagrun for customer_rfm to 2026-09-17 00:00:00+00:00, run_after=2026-09-18 00:00:00+00:00
[2026-09-17T13:59:53.855+0000] {processor.py:183} INFO - Processing /opt/airflow/dags/dag_customer_rfm_dinda_c.py took 0.087 seconds
[2026-09-17T14:00:20.001+0000] {processor.py:161} INFO - Started process (PID=758) to work on /opt/airflow/dags/dag_customer_rfm_dinda_c.py
[2026-09-17T14:00:20.002+0000] {processor.py:830} INFO - Processing file /opt/airflow/dags/dag_customer_rfm_dinda_c.py for tasks to queue
[2026-09-17T14:00:20.003+0000] {logging_mixin.py:188} INFO - [2026-09-17T14:00:20.003+0000] {dagbag.py:545} INFO - Filling up the DagBag from /opt/airflow/dags/dag_customer_rfm_dinda_c.py
[2026-09-17T14:00:20.032+0000] {processor.py:840} INFO - DAG(s) 'customer_rfm' retrieved from /opt/airflow/dags/dag_customer_rfm_dinda_c.py
[2026-09-17T14:00:20.062+0000] {logging_mixin.py:188} INFO - [2026-09-17T14:00:20.061+0000] {dag.py:3089} INFO - Sync 1 DAGs
[2026-09-17T14:00:20.083+0000] {logging_mixin.py:188} INFO - [2026-09-17T14:00:20.083+0000] {dag.py:3947} INFO - Setting next_dagrun for customer_rfm to 2026-09-17 00:00:00+00:00, run_after=2026-09-18 00:00:00+00:00
[2026-09-17T14:00:20.104+0000] {processor.py:183} INFO - Processing /opt/airflow/dags/dag_customer_rfm_dinda_c.py took 0.108 seconds
[2026-09-17T14:00:50.585+0000] {processor.py:161} INFO - Started process (PID=771) to work on /opt/airflow/dags/dag_customer_rfm_dinda_c.py
[2026-09-17T14:00:50.586+0000] {processor.py:830} INFO - Processing file /opt/airflow/dags/dag_customer_rfm_dinda_c.py for tasks to queue
[2026-09-17T14:00:50.589+0000] {logging_mixin.py:188} INFO - [2026-09-17T14:00:50.588+0000] {dagbag.py:545} INFO - Filling up the DagBag from /opt/airflow/dags/dag_customer_rfm_dinda_c.py
[2026-09-17T14:00:50.612+0000] {processor.py:840} INFO - DAG(s) 'customer_rfm' retrieved from /opt/airflow/dags/dag_customer_rfm_dinda_c.py
[2026-09-17T14:00:50.640+0000] {logging_mixin.py:188} INFO - [2026-09-17T14:00:50.639+0000] {dag.py:3089} INFO - Sync 1 DAGs
[2026-09-17T14:00:50.661+0000] {logging_mixin.py:188} INFO - [2026-09-17T14:00:50.661+0000] {dag.py:3947} INFO - Setting next_dagrun for customer_rfm to 2026-09-17 00:00:00+00:00, run_after=2026-09-18 00:00:00+00:00
[2026-09-17T14:00:50.687+0000] {processor.py:183} INFO - Processing /opt/airflow/dags/dag_customer_rfm_dinda_c.py took 0.107 seconds
[2026-09-17T14:01:21.085+0000] {processor.py:161} INFO - Started process (PID=776) to work on /opt/airflow/dags/dag_customer_rfm_dinda_c.py
[2026-09-17T14:01:21.086+0000] {processor.py:830} INFO - Processing file /opt/airflow/dags/dag_customer_rfm_dinda_c.py for tasks to queue
[2026-09-17T14:01:21.089+0000] {logging_mixin.py:188} INFO - [2026-09-17T14:01:21.088+0000] {dagbag.py:545} INFO - Filling up the DagBag from /opt/airflow/dags/dag_customer_rfm_dinda_c.py
[2026-09-17T14:01:21.106+0000] {processor.py:840} INFO - DAG(s) 'customer_rfm' retrieved from /opt/airflow/dags/dag_customer_rfm_dinda_c.py
[2026-09-17T14:01:21.134+0000] {logging_mixin.py:188} INFO - [2026-09-17T14:01:21.134+0000] {dag.py:3089} INFO - Sync 1 DAGs
[2026-09-17T14:01:21.157+0000] {logging_mixin.py:188} INFO - [2026-09-17T14:01:21.157+0000] {dag.py:3947} INFO - Setting next_dagrun for customer_rfm to 2026-09-17 00:00:00+00:00, run_after=2026-09-18 00:00:00+00:00
[2026-09-17T14:01:21.178+0000] {processor.py:183} INFO - Processing /opt/airflow/dags/dag_customer_rfm_dinda_c.py took 0.098 seconds
[2026-09-17T14:01:51.665+0000] {processor.py:161} INFO - Started process (PID=781) to work on /opt/airflow/dags/dag_customer_rfm_dinda_c.py
[2026-09-17T14:01:51.666+0000] {processor.py:830} INFO - Processing file /opt/airflow/dags/dag_customer_rfm_dinda_c.py for tasks to queue
[2026-09-17T14:01:51.670+0000] {logging_mixin.py:188} INFO - [2026-09-17T14:01:51.670+0000] {dagbag.py:545} INFO - Filling up the DagBag from /opt/airflow/dags/dag_customer_rfm_dinda_c.py
[2026-09-17T14:01:51.692+0000] {processor.py:840} INFO - DAG(s) 'customer_rfm' retrieved from /opt/airflow/dags/dag_customer_rfm_dinda_c.py
[2026-09-17T14:01:51.734+0000] {logging_mixin.py:188} INFO - [2026-09-17T14:01:51.734+0000] {dag.py:3089} INFO - Sync 1 DAGs
[2026-09-17T14:01:51.757+0000] {logging_mixin.py:188} INFO - [2026-09-17T14:01:51.757+0000] {dag.py:3947} INFO - Setting next_dagrun for customer_rfm to 2026-09-17 00:00:00+00:00, run_after=2026-09-18 00:00:00+00:00
[2026-09-17T14:01:51.772+0000] {processor.py:183} INFO - Processing /opt/airflow/dags/dag_customer_rfm_dinda_c.py took 0.121 seconds
[2026-09-17T14:02:22.147+0000] {processor.py:161} INFO - Started process (PID=786) to work on /opt/airflow/dags/dag_customer_rfm_dinda_c.py
[2026-09-17T14:02:22.148+0000] {processor.py:830} INFO - Processing file /opt/airflow/dags/dag_customer_rfm_dinda_c.py for tasks to queue
[2026-09-17T14:02:22.150+0000] {logging_mixin.py:188} INFO - [2026-09-17T14:02:22.150+0000] {dagbag.py:545} INFO - Filling up the DagBag from /opt/airflow/dags/dag_customer_rfm_dinda_c.py
[2026-09-17T14:02:22.165+0000] {processor.py:840} INFO - DAG(s) 'customer_rfm' retrieved from /opt/airflow/dags/dag_customer_rfm_dinda_c.py
[2026-09-17T14:02:22.194+0000] {logging_mixin.py:188} INFO - [2026-09-17T14:02:22.194+0000] {dag.py:3089} INFO - Sync 1 DAGs
[2026-09-17T14:02:22.212+0000] {logging_mixin.py:188} INFO - [2026-09-17T14:02:22.212+0000] {dag.py:3947} INFO - Setting next_dagrun for customer_rfm to 2026-09-17 00:00:00+00:00, run_after=2026-09-18 00:00:00+00:00
[2026-09-17T14:02:22.234+0000] {processor.py:183} INFO - Processing /opt/airflow/dags/dag_customer_rfm_dinda_c.py took 0.092 seconds
[2026-09-17T14:02:52.865+0000] {processor.py:161} INFO - Started process (PID=791) to work on /opt/airflow/dags/dag_customer_rfm_dinda_c.py
[2026-09-17T14:02:52.867+0000] {processor.py:830} INFO - Processing file /opt/airflow/dags/dag_customer_rfm_dinda_c.py for tasks to queue
[2026-09-17T14:02:52.870+0000] {logging_mixin.py:188} INFO - [2026-09-17T14:02:52.870+0000] {dagbag.py:545} INFO - Filling up the DagBag from /opt/airflow/dags/dag_customer_rfm_dinda_c.py
[2026-09-17T14:02:52.891+0000] {processor.py:840} INFO - DAG(s) 'customer_rfm' retrieved from /opt/airflow/dags/dag_customer_rfm_dinda_c.py
[2026-09-17T14:02:52.919+0000] {logging_mixin.py:188} INFO - [2026-09-17T14:02:52.918+0000] {dag.py:3089} INFO - Sync 1 DAGs
[2026-09-17T14:02:52.938+0000] {logging_mixin.py:188} INFO - [2026-09-17T14:02:52.938+0000] {dag.py:3947} INFO - Setting next_dagrun for customer_rfm to 2026-09-17 00:00:00+00:00, run_after=2026-09-18 00:00:00+00:00
[2026-09-17T14:02:52.959+0000] {processor.py:183} INFO - Processing /opt/airflow/dags/dag_customer_rfm_dinda_c.py took 0.099 seconds
[2026-09-17T14:03:23.560+0000] {processor.py:161} INFO - Started process (PID=796) to work on /opt/airflow/dags/dag_customer_rfm_dinda_c.py
[2026-09-17T14:03:23.562+0000] {processor.py:830} INFO - Processing file /opt/airflow/dags/dag_customer_rfm_dinda_c.py for tasks to queue
[2026-09-17T14:03:23.565+0000] {logging_mixin.py:188} INFO - [2026-09-17T14:03:23.565+0000] {dagbag.py:545} INFO - Filling up the DagBag from /opt/airflow/dags/dag_customer_rfm_dinda_c.py
[2026-09-17T14:03:23.583+0000] {processor.py:840} INFO - DAG(s) 'customer_rfm' retrieved from /opt/airflow/dags/dag_customer_rfm_dinda_c.py
[2026-09-17T14:03:23.622+0000] {logging_mixin.py:188} INFO - [2026-09-17T14:03:23.621+0000] {dag.py:3089} INFO - Sync 1 DAGs
[2026-09-17T14:03:23.643+0000] {logging_mixin.py:188} INFO - [2026-09-17T14:03:23.643+0000] {dag.py:3947} INFO - Setting next_dagrun for customer_rfm to 2026-09-17 00:00:00+00:00, run_after=2026-09-18 00:00:00+00:00
[2026-09-17T14:03:23.668+0000] {processor.py:183} INFO - Processing /opt/airflow/dags/dag_customer_rfm_dinda_c.py took 0.118 seconds
[2026-09-17T14:03:54.426+0000] {processor.py:161} INFO - Started process (PID=801) to work on /opt/airflow/dags/dag_customer_rfm_dinda_c.py
[2026-09-17T14:03:54.427+0000] {processor.py:830} INFO - Processing file /opt/airflow/dags/dag_customer_rfm_dinda_c.py for tasks to queue
[2026-09-17T14:03:54.429+0000] {logging_mixin.py:188} INFO - [2026-09-17T14:03:54.429+0000] {dagbag.py:545} INFO - Filling up the DagBag from /opt/airflow/dags/dag_customer_rfm_dinda_c.py
[2026-09-17T14:03:54.446+0000] {processor.py:840} INFO - DAG(s) 'customer_rfm' retrieved from /opt/airflow/dags/dag_customer_rfm_dinda_c.py
[2026-09-17T14:03:54.482+0000] {logging_mixin.py:188} INFO - [2026-09-17T14:03:54.482+0000] {dag.py:3089} INFO - Sync 1 DAGs
[2026-09-17T14:03:54.504+0000] {logging_mixin.py:188} INFO - [2026-09-17T14:03:54.504+0000] {dag.py:3947} INFO - Setting next_dagrun for customer_rfm to 2026-09-17 00:00:00+00:00, run_after=2026-09-18 00:00:00+00:00
[2026-09-17T14:03:54.520+0000] {processor.py:183} INFO - Processing /opt/airflow/dags/dag_customer_rfm_dinda_c.py took 0.098 seconds
[2026-09-17T14:04:24.918+0000] {processor.py:161} INFO - Started process (PID=806) to work on /opt/airflow/dags/dag_customer_rfm_dinda_c.py
[2026-09-17T14:04:24.919+0000] {processor.py:830} INFO - Processing file /opt/airflow/dags/dag_customer_rfm_dinda_c.py for tasks to queue
[2026-09-17T14:04:24.920+0000] {logging_mixin.py:188} INFO - [2026-09-17T14:04:24.920+0000] {dagbag.py:545} INFO - Filling up the DagBag from /opt/airflow/dags/dag_customer_rfm_dinda_c.py
[2026-09-17T14:04:24.937+0000] {processor.py:840} INFO - DAG(s) 'customer_rfm' retrieved from /opt/airflow/dags/dag_customer_rfm_dinda_c.py
[2026-09-17T14:04:24.971+0000] {logging_mixin.py:188} INFO - [2026-09-17T14:04:24.971+0000] {dag.py:3089} INFO - Sync 1 DAGs
[2026-09-17T14:04:24.993+0000] {logging_mixin.py:188} INFO - [2026-09-17T14:04:24.993+0000] {dag.py:3947} INFO - Setting next_dagrun for customer_rfm to 2026-09-17 00:00:00+00:00, run_after=2026-09-18 00:00:00+00:00
[2026-09-17T14:04:25.018+0000] {processor.py:183} INFO - Processing /opt/airflow/dags/dag_customer_rfm_dinda_c.py took 0.107 seconds
[2026-09-17T14:04:55.439+0000] {processor.py:161} INFO - Started process (PID=811) to work on /opt/airflow/dags/dag_customer_rfm_dinda_c.py
[2026-09-17T14:04:55.440+0000] {processor.py:830} INFO - Processing file /opt/airflow/dags/dag_customer_rfm_dinda_c.py for tasks to queue
[2026-09-17T14:04:55.442+0000] {logging_mixin.py:188} INFO - [2026-09-17T14:04:55.442+0000] {dagbag.py:545} INFO - Filling up the DagBag from /opt/airflow/dags/dag_customer_rfm_dinda_c.py
[2026-09-17T14:04:55.458+0000] {processor.py:840} INFO - DAG(s) 'customer_rfm' retrieved from /opt/airflow/dags/dag_customer_rfm_dinda_c.py
[2026-09-17T14:04:55.487+0000] {logging_mixin.py:188} INFO - [2026-09-17T14:04:55.487+0000] {dag.py:3089} INFO - Sync 1 DAGs
[2026-09-17T14:04:55.507+0000] {logging_mixin.py:188} INFO - [2026-09-17T14:04:55.506+0000] {dag.py:3947} INFO - Setting next_dagrun for customer_rfm to 2026-09-17 00:00:00+00:00, run_after=2026-09-18 00:00:00+00:00
[2026-09-17T14:04:55.521+0000] {processor.py:183} INFO - Processing /opt/airflow/dags/dag_customer_rfm_dinda_c.py took 0.086 seconds
[2026-09-17T14:05:26.438+0000] {processor.py:161} INFO - Started process (PID=816) to work on /opt/airflow/dags/dag_customer_rfm_dinda_c.py
[2026-09-17T14:05:26.439+0000] {processor.py:830} INFO - Processing file /opt/airflow/dags/dag_customer_rfm_dinda_c.py for tasks to queue
[2026-09-17T14:05:26.442+0000] {logging_mixin.py:188} INFO - [2026-09-17T14:05:26.441+0000] {dagbag.py:545} INFO - Filling up the DagBag from /opt/airflow/dags/dag_customer_rfm_dinda_c.py
[2026-09-17T14:05:26.468+0000] {processor.py:840} INFO - DAG(s) 'customer_rfm' retrieved from /opt/airflow/dags/dag_customer_rfm_dinda_c.py
[2026-09-17T14:05:26.504+0000] {logging_mixin.py:188} INFO - [2026-09-17T14:05:26.504+0000] {dag.py:3089} INFO - Sync 1 DAGs
[2026-09-17T14:05:26.529+0000] {logging_mixin.py:188} INFO - [2026-09-17T14:05:26.529+0000] {dag.py:3947} INFO - Setting next_dagrun for customer_rfm to 2026-09-17 00:00:00+00:00, run_after=2026-09-18 00:00:00+00:00
[2026-09-17T14:05:26.550+0000] {processor.py:183} INFO - Processing /opt/airflow/dags/dag_customer_rfm_dinda_c.py took 0.117 seconds
[2026-09-17T14:05:57.039+0000] {processor.py:161} INFO - Started process (PID=821) to work on /opt/airflow/dags/dag_customer_rfm_dinda_c.py
[2026-09-17T14:05:57.040+0000] {processor.py:830} INFO - Processing file /opt/airflow/dags/dag_customer_rfm_dinda_c.py for tasks to queue
[2026-09-17T14:05:57.044+0000] {logging_mixin.py:188} INFO - [2026-09-17T14:05:57.043+0000] {dagbag.py:545} INFO - Filling up the DagBag from /opt/airflow/dags/dag_customer_rfm_dinda_c.py
[2026-09-17T14:05:57.064+0000] {processor.py:840} INFO - DAG(s) 'customer_rfm' retrieved from /opt/airflow/dags/dag_customer_rfm_dinda_c.py
[2026-09-17T14:05:57.097+0000] {logging_mixin.py:188} INFO - [2026-09-17T14:05:57.096+0000] {dag.py:3089} INFO - Sync 1 DAGs
[2026-09-17T14:05:57.120+0000] {logging_mixin.py:188} INFO - [2026-09-17T14:05:57.120+0000] {dag.py:3947} INFO - Setting next_dagrun for customer_rfm to 2026-09-17 00:00:00+00:00, run_after=2026-09-18 00:00:00+00:00
[2026-09-17T14:05:57.148+0000] {processor.py:183} INFO - Processing /opt/airflow/dags/dag_customer_rfm_dinda_c.py took 0.115 seconds
[2026-09-17T14:06:27.905+0000] {processor.py:161} INFO - Started process (PID=826) to work on /opt/airflow/dags/dag_customer_rfm_dinda_c.py
[2026-09-17T14:06:27.906+0000] {processor.py:830} INFO - Processing file /opt/airflow/dags/dag_customer_rfm_dinda_c.py for tasks to queue
[2026-09-17T14:06:27.908+0000] {logging_mixin.py:188} INFO - [2026-09-17T14:06:27.908+0000] {dagbag.py:545} INFO - Filling up the DagBag from /opt/airflow/dags/dag_customer_rfm_dinda_c.py
[2026-09-17T14:06:27.929+0000] {processor.py:840} INFO - DAG(s) 'customer_rfm' retrieved from /opt/airflow/dags/dag_customer_rfm_dinda_c.py
[2026-09-17T14:06:27.957+0000] {logging_mixin.py:188} INFO - [2026-09-17T14:06:27.957+0000] {dag.py:3089} INFO - Sync 1 DAGs
[2026-09-17T14:06:27.977+0000] {logging_mixin.py:188} INFO - [2026-09-17T14:06:27.976+0000] {dag.py:3947} INFO - Setting next_dagrun for customer_rfm to 2026-09-17 00:00:00+00:00, run_after=2026-09-18 00:00:00+00:00
[2026-09-17T14:06:28.005+0000] {processor.py:183} INFO - Processing /opt/airflow/dags/dag_customer_rfm_dinda_c.py took 0.105 seconds
[2026-09-17T14:06:58.240+0000] {processor.py:161} INFO - Started process (PID=831) to work on /opt/airflow/dags/dag_customer_rfm_dinda_c.py
[2026-09-17T14:06:58.241+0000] {processor.py:830} INFO - Processing file /opt/airflow/dags/dag_customer_rfm_dinda_c.py for tasks to queue
[2026-09-17T14:06:58.243+0000] {logging_mixin.py:188} INFO - [2026-09-17T14:06:58.242+0000] {dagbag.py:545} INFO - Filling up the DagBag from /opt/airflow/dags/dag_customer_rfm_dinda_c.py
[2026-09-17T14:06:58.261+0000] {processor.py:840} INFO - DAG(s) 'customer_rfm' retrieved from /opt/airflow/dags/dag_customer_rfm_dinda_c.py
[2026-09-17T14:06:58.296+0000] {logging_mixin.py:188} INFO - [2026-09-17T14:06:58.296+0000] {dag.py:3089} INFO - Sync 1 DAGs
[2026-09-17T14:06:58.322+0000] {logging_mixin.py:188} INFO - [2026-09-17T14:06:58.322+0000] {dag.py:3947} INFO - Setting next_dagrun for customer_rfm to 2026-09-17 00:00:00+00:00, run_after=2026-09-18 00:00:00+00:00
[2026-09-17T14:06:58.350+0000] {processor.py:183} INFO - Processing /opt/airflow/dags/dag_customer_rfm_dinda_c.py took 0.116 seconds
[2026-09-17T14:07:29.057+0000] {processor.py:161} INFO - Started process (PID=836) to work on /opt/airflow/dags/dag_customer_rfm_dinda_c.py
[2026-09-17T14:07:29.058+0000] {processor.py:830} INFO - Processing file /opt/airflow/dags/dag_customer_rfm_dinda_c.py for tasks to queue
[2026-09-17T14:07:29.061+0000] {logging_mixin.py:188} INFO - [2026-09-17T14:07:29.060+0000] {dagbag.py:545} INFO - Filling up the DagBag from /opt/airflow/dags/dag_customer_rfm_dinda_c.py
[2026-09-17T14:07:29.078+0000] {processor.py:840} INFO - DAG(s) 'customer_rfm' retrieved from /opt/airflow/dags/dag_customer_rfm_dinda_c.py
[2026-09-17T14:07:29.110+0000] {logging_mixin.py:188} INFO - [2026-09-17T14:07:29.109+0000] {dag.py:3089} INFO - Sync 1 DAGs
[2026-09-17T14:07:29.132+0000] {logging_mixin.py:188} INFO - [2026-09-17T14:07:29.131+0000] {dag.py:3947} INFO - Setting next_dagrun for customer_rfm to 2026-09-17 00:00:00+00:00, run_after=2026-09-18 00:00:00+00:00
[2026-09-17T14:07:29.151+0000] {processor.py:183} INFO - Processing /opt/airflow/dags/dag_customer_rfm_dinda_c.py took 0.098 seconds
[2026-09-17T14:07:59.977+0000] {processor.py:161} INFO - Started process (PID=841) to work on /opt/airflow/dags/dag_customer_rfm_dinda_c.py
[2026-09-17T14:07:59.978+0000] {processor.py:830} INFO - Processing file /opt/airflow/dags/dag_customer_rfm_dinda_c.py for tasks to queue
[2026-09-17T14:07:59.980+0000] {logging_mixin.py:188} INFO - [2026-09-17T14:07:59.980+0000] {dagbag.py:545} INFO - Filling up the DagBag from /opt/airflow/dags/dag_customer_rfm_dinda_c.py
[2026-09-17T14:07:59.996+0000] {processor.py:840} INFO - DAG(s) 'customer_rfm' retrieved from /opt/airflow/dags/dag_customer_rfm_dinda_c.py
[2026-09-17T14:08:00.025+0000] {logging_mixin.py:188} INFO - [2026-09-17T14:08:00.025+0000] {dag.py:3089} INFO - Sync 1 DAGs
[2026-09-17T14:08:00.050+0000] {logging_mixin.py:188} INFO - [2026-09-17T14:08:00.049+0000] {dag.py:3947} INFO - Setting next_dagrun for customer_rfm to 2026-09-17 00:00:00+00:00, run_after=2026-09-18 00:00:00+00:00
[2026-09-17T14:08:00.068+0000] {processor.py:183} INFO - Processing /opt/airflow/dags/dag_customer_rfm_dinda_c.py took 0.097 seconds
[2026-09-17T14:08:32.080+0000] {processor.py:161} INFO - Started process (PID=846) to work on /opt/airflow/dags/dag_customer_rfm_dinda_c.py
[2026-09-17T14:08:32.081+0000] {processor.py:830} INFO - Processing file /opt/airflow/dags/dag_customer_rfm_dinda_c.py for tasks to queue
[2026-09-17T14:08:32.084+0000] {logging_mixin.py:188} INFO - [2026-09-17T14:08:32.083+0000] {dagbag.py:545} INFO - Filling up the DagBag from /opt/airflow/dags/dag_customer_rfm_dinda_c.py
[2026-09-17T14:08:32.102+0000] {processor.py:840} INFO - DAG(s) 'customer_rfm' retrieved from /opt/airflow/dags/dag_customer_rfm_dinda_c.py
[2026-09-17T14:08:32.129+0000] {logging_mixin.py:188} INFO - [2026-09-17T14:08:32.128+0000] {dag.py:3089} INFO - Sync 1 DAGs
[2026-09-17T14:08:32.146+0000] {logging_mixin.py:188} INFO - [2026-09-17T14:08:32.146+0000] {dag.py:3947} INFO - Setting next_dagrun for customer_rfm to 2026-09-17 00:00:00+00:00, run_after=2026-09-18 00:00:00+00:00
[2026-09-17T14:08:32.165+0000] {processor.py:183} INFO - Processing /opt/airflow/dags/dag_customer_rfm_dinda_c.py took 0.091 seconds
[2026-09-17T14:09:04.682+0000] {processor.py:161} INFO - Started process (PID=851) to work on /opt/airflow/dags/dag_customer_rfm_dinda_c.py
[2026-09-17T14:09:04.683+0000] {processor.py:830} INFO - Processing file /opt/airflow/dags/dag_customer_rfm_dinda_c.py for tasks to queue
[2026-09-17T14:09:04.685+0000] {logging_mixin.py:188} INFO - [2026-09-17T14:09:04.685+0000] {dagbag.py:545} INFO - Filling up the DagBag from /opt/airflow/dags/dag_customer_rfm_dinda_c.py
[2026-09-17T14:09:04.698+0000] {processor.py:840} INFO - DAG(s) 'customer_rfm' retrieved from /opt/airflow/dags/dag_customer_rfm_dinda_c.py
[2026-09-17T14:09:04.722+0000] {logging_mixin.py:188} INFO - [2026-09-17T14:09:04.722+0000] {dag.py:3089} INFO - Sync 1 DAGs
[2026-09-17T14:09:04.742+0000] {logging_mixin.py:188} INFO - [2026-09-17T14:09:04.742+0000] {dag.py:3947} INFO - Setting next_dagrun for customer_rfm to 2026-09-17 00:00:00+00:00, run_after=2026-09-18 00:00:00+00:00
[2026-09-17T14:09:04.763+0000] {processor.py:183} INFO - Processing /opt/airflow/dags/dag_customer_rfm_dinda_c.py took 0.086 seconds
[2026-09-17T14:09:36.721+0000] {processor.py:161} INFO - Started process (PID=856) to work on /opt/airflow/dags/dag_customer_rfm_dinda_c.py
[2026-09-17T14:09:36.722+0000] {processor.py:830} INFO - Processing file /opt/airflow/dags/dag_customer_rfm_dinda_c.py for tasks to queue
[2026-09-17T14:09:36.724+0000] {logging_mixin.py:188} INFO - [2026-09-17T14:09:36.724+0000] {dagbag.py:545} INFO - Filling up the DagBag from /opt/airflow/dags/dag_customer_rfm_dinda_c.py
[2026-09-17T14:09:36.739+0000] {processor.py:840} INFO - DAG(s) 'customer_rfm' retrieved from /opt/airflow/dags/dag_customer_rfm_dinda_c.py
[2026-09-17T14:09:36.764+0000] {logging_mixin.py:188} INFO - [2026-09-17T14:09:36.764+0000] {dag.py:3089} INFO - Sync 1 DAGs
[2026-09-17T14:09:36.783+0000] {logging_mixin.py:188} INFO - [2026-09-17T14:09:36.783+0000] {dag.py:3947} INFO - Setting next_dagrun for customer_rfm to 2026-09-17 00:00:00+00:00, run_after=2026-09-18 00:00:00+00:00
[2026-09-17T14:09:36.801+0000] {processor.py:183} INFO - Processing /opt/airflow/dags/dag_customer_rfm_dinda_c.py took 0.084 seconds
[2026-09-17T14:10:09.414+0000] {processor.py:161} INFO - Started process (PID=861) to work on /opt/airflow/dags/dag_customer_rfm_dinda_c.py
[2026-09-17T14:10:09.415+0000] {processor.py:830} INFO - Processing file /opt/airflow/dags/dag_customer_rfm_dinda_c.py for tasks to queue
[2026-09-17T14:10:09.417+0000] {logging_mixin.py:188} INFO - [2026-09-17T14:10:09.417+0000] {dagbag.py:545} INFO - Filling up the DagBag from /opt/airflow/dags/dag_customer_rfm_dinda_c.py
[2026-09-17T14:10:09.433+0000] {processor.py:840} INFO - DAG(s) 'customer_rfm' retrieved from /opt/airflow/dags/dag_customer_rfm_dinda_c.py
[2026-09-17T14:10:09.461+0000] {logging_mixin.py:188} INFO - [2026-09-17T14:10:09.461+0000] {dag.py:3089} INFO - Sync 1 DAGs
[2026-09-17T14:10:09.484+0000] {logging_mixin.py:188} INFO - [2026-09-17T14:10:09.483+0000] {dag.py:3947} INFO - Setting next_dagrun for customer_rfm to 2026-09-17 00:00:00+00:00, run_after=2026-09-18 00:00:00+00:00
[2026-09-17T14:10:09.506+0000] {processor.py:183} INFO - Processing /opt/airflow/dags/dag_customer_rfm_dinda_c.py took 0.097 seconds
[2026-09-17T14:10:42.439+0000] {processor.py:161} INFO - Started process (PID=866) to work on /opt/airflow/dags/dag_customer_rfm_dinda_c.py
[2026-09-17T14:10:42.442+0000] {processor.py:830} INFO - Processing file /opt/airflow/dags/dag_customer_rfm_dinda_c.py for tasks to queue
[2026-09-17T14:10:42.447+0000] {logging_mixin.py:188} INFO - [2026-09-17T14:10:42.447+0000] {dagbag.py:545} INFO - Filling up the DagBag from /opt/airflow/dags/dag_customer_rfm_dinda_c.py
[2026-09-17T14:10:42.526+0000] {processor.py:840} INFO - DAG(s) 'customer_rfm' retrieved from /opt/airflow/dags/dag_customer_rfm_dinda_c.py
[2026-09-17T14:10:42.585+0000] {logging_mixin.py:188} INFO - [2026-09-17T14:10:42.584+0000] {dag.py:3089} INFO - Sync 1 DAGs
[2026-09-17T14:10:42.640+0000] {logging_mixin.py:188} INFO - [2026-09-17T14:10:42.639+0000] {dag.py:3947} INFO - Setting next_dagrun for customer_rfm to 2026-09-17 00:00:00+00:00, run_after=2026-09-18 00:00:00+00:00
[2026-09-17T14:10:42.692+0000] {processor.py:183} INFO - Processing /opt/airflow/dags/dag_customer_rfm_dinda_c.py took 0.267 seconds
[2026-09-17T14:11:14.467+0000] {processor.py:161} INFO - Started process (PID=871) to work on /opt/airflow/dags/dag_customer_rfm_dinda_c.py
[2026-09-17T14:11:14.469+0000] {processor.py:830} INFO - Processing file /opt/airflow/dags/dag_customer_rfm_dinda_c.py for tasks to queue
[2026-09-17T14:11:14.475+0000] {logging_mixin.py:188} INFO - [2026-09-17T14:11:14.474+0000] {dagbag.py:545} INFO - Filling up the DagBag from /opt/airflow/dags/dag_customer_rfm_dinda_c.py
[2026-09-17T14:11:14.531+0000] {processor.py:840} INFO - DAG(s) 'customer_rfm' retrieved from /opt/airflow/dags/dag_customer_rfm_dinda_c.py
[2026-09-17T14:11:14.593+0000] {logging_mixin.py:188} INFO - [2026-09-17T14:11:14.593+0000] {dag.py:3089} INFO - Sync 1 DAGs
[2026-09-17T14:11:14.630+0000] {logging_mixin.py:188} INFO - [2026-09-17T14:11:14.629+0000] {dag.py:3947} INFO - Setting next_dagrun for customer_rfm to 2026-09-17 00:00:00+00:00, run_after=2026-09-18 00:00:00+00:00
[2026-09-17T14:11:14.664+0000] {processor.py:183} INFO - Processing /opt/airflow/dags/dag_customer_rfm_dinda_c.py took 0.210 seconds
[2026-09-17T14:11:47.323+0000] {processor.py:161} INFO - Started process (PID=876) to work on /opt/airflow/dags/dag_customer_rfm_dinda_c.py
[2026-09-17T14:11:47.331+0000] {processor.py:830} INFO - Processing file /opt/airflow/dags/dag_customer_rfm_dinda_c.py for tasks to queue
[2026-09-17T14:11:47.337+0000] {logging_mixin.py:188} INFO - [2026-09-17T14:11:47.336+0000] {dagbag.py:545} INFO - Filling up the DagBag from /opt/airflow/dags/dag_customer_rfm_dinda_c.py
[2026-09-17T14:11:47.421+0000] {processor.py:840} INFO - DAG(s) 'customer_rfm' retrieved from /opt/airflow/dags/dag_customer_rfm_dinda_c.py
[2026-09-17T14:11:47.474+0000] {logging_mixin.py:188} INFO - [2026-09-17T14:11:47.473+0000] {dag.py:3089} INFO - Sync 1 DAGs
[2026-09-17T14:11:47.526+0000] {logging_mixin.py:188} INFO - [2026-09-17T14:11:47.526+0000] {dag.py:3947} INFO - Setting next_dagrun for customer_rfm to 2026-09-17 00:00:00+00:00, run_after=2026-09-18 00:00:00+00:00
[2026-09-17T14:11:47.568+0000] {processor.py:183} INFO - Processing /opt/airflow/dags/dag_customer_rfm_dinda_c.py took 0.264 seconds
[2026-09-17T14:12:18.365+0000] {processor.py:161} INFO - Started process (PID=881) to work on /opt/airflow/dags/dag_customer_rfm_dinda_c.py
[2026-09-17T14:12:18.367+0000] {processor.py:830} INFO - Processing file /opt/airflow/dags/dag_customer_rfm_dinda_c.py for tasks to queue
[2026-09-17T14:12:18.372+0000] {logging_mixin.py:188} INFO - [2026-09-17T14:12:18.371+0000] {dagbag.py:545} INFO - Filling up the DagBag from /opt/airflow/dags/dag_customer_rfm_dinda_c.py
[2026-09-17T14:12:18.446+0000] {processor.py:840} INFO - DAG(s) 'customer_rfm' retrieved from /opt/airflow/dags/dag_customer_rfm_dinda_c.py
[2026-09-17T14:12:18.503+0000] {logging_mixin.py:188} INFO - [2026-09-17T14:12:18.502+0000] {dag.py:3089} INFO - Sync 1 DAGs
[2026-09-17T14:12:18.541+0000] {logging_mixin.py:188} INFO - [2026-09-17T14:12:18.541+0000] {dag.py:3947} INFO - Setting next_dagrun for customer_rfm to 2026-09-17 00:00:00+00:00, run_after=2026-09-18 00:00:00+00:00
[2026-09-17T14:12:19.324+0000] {processor.py:183} INFO - Processing /opt/airflow/dags/dag_customer_rfm_dinda_c.py took 0.970 seconds
[2026-09-17T14:12:49.371+0000] {processor.py:161} INFO - Started process (PID=886) to work on /opt/airflow/dags/dag_customer_rfm_dinda_c.py
[2026-09-17T14:12:49.374+0000] {processor.py:830} INFO - Processing file /opt/airflow/dags/dag_customer_rfm_dinda_c.py for tasks to queue
[2026-09-17T14:12:49.379+0000] {logging_mixin.py:188} INFO - [2026-09-17T14:12:49.378+0000] {dagbag.py:545} INFO - Filling up the DagBag from /opt/airflow/dags/dag_customer_rfm_dinda_c.py
[2026-09-17T14:12:49.431+0000] {processor.py:840} INFO - DAG(s) 'customer_rfm' retrieved from /opt/airflow/dags/dag_customer_rfm_dinda_c.py
[2026-09-17T14:12:49.482+0000] {logging_mixin.py:188} INFO - [2026-09-17T14:12:49.481+0000] {dag.py:3089} INFO - Sync 1 DAGs
[2026-09-17T14:12:49.527+0000] {logging_mixin.py:188} INFO - [2026-09-17T14:12:49.527+0000] {dag.py:3947} INFO - Setting next_dagrun for customer_rfm to 2026-09-17 00:00:00+00:00, run_after=2026-09-18 00:00:00+00:00
[2026-09-17T14:12:49.564+0000] {processor.py:183} INFO - Processing /opt/airflow/dags/dag_customer_rfm_dinda_c.py took 0.207 seconds
[2026-09-17T14:13:20.266+0000] {processor.py:161} INFO - Started process (PID=891) to work on /opt/airflow/dags/dag_customer_rfm_dinda_c.py
[2026-09-17T14:13:20.270+0000] {processor.py:830} INFO - Processing file /opt/airflow/dags/dag_customer_rfm_dinda_c.py for tasks to queue
[2026-09-17T14:13:20.275+0000] {logging_mixin.py:188} INFO - [2026-09-17T14:13:20.274+0000] {dagbag.py:545} INFO - Filling up the DagBag from /opt/airflow/dags/dag_customer_rfm_dinda_c.py
[2026-09-17T14:13:20.347+0000] {processor.py:840} INFO - DAG(s) 'customer_rfm' retrieved from /opt/airflow/dags/dag_customer_rfm_dinda_c.py
[2026-09-17T14:13:20.422+0000] {logging_mixin.py:188} INFO - [2026-09-17T14:13:20.421+0000] {dag.py:3089} INFO - Sync 1 DAGs
[2026-09-17T14:13:20.462+0000] {logging_mixin.py:188} INFO - [2026-09-17T14:13:20.462+0000] {dag.py:3947} INFO - Setting next_dagrun for customer_rfm to 2026-09-17 00:00:00+00:00, run_after=2026-09-18 00:00:00+00:00
[2026-09-17T14:13:20.497+0000] {processor.py:183} INFO - Processing /opt/airflow/dags/dag_customer_rfm_dinda_c.py took 0.243 seconds
[2026-09-17T14:13:50.976+0000] {processor.py:161} INFO - Started process (PID=896) to work on /opt/airflow/dags/dag_customer_rfm_dinda_c.py
[2026-09-17T14:13:50.978+0000] {processor.py:830} INFO - Processing file /opt/airflow/dags/dag_customer_rfm_dinda_c.py for tasks to queue
[2026-09-17T14:13:50.982+0000] {logging_mixin.py:188} INFO - [2026-09-17T14:13:50.981+0000] {dagbag.py:545} INFO - Filling up the DagBag from /opt/airflow/dags/dag_customer_rfm_dinda_c.py
[2026-09-17T14:13:51.054+0000] {processor.py:840} INFO - DAG(s) 'customer_rfm' retrieved from /opt/airflow/dags/dag_customer_rfm_dinda_c.py
[2026-09-17T14:13:51.127+0000] {logging_mixin.py:188} INFO - [2026-09-17T14:13:51.126+0000] {dag.py:3089} INFO - Sync 1 DAGs
[2026-09-17T14:13:51.166+0000] {logging_mixin.py:188} INFO - [2026-09-17T14:13:51.165+0000] {dag.py:3947} INFO - Setting next_dagrun for customer_rfm to 2026-09-17 00:00:00+00:00, run_after=2026-09-18 00:00:00+00:00
[2026-09-17T14:13:51.208+0000] {processor.py:183} INFO - Processing /opt/airflow/dags/dag_customer_rfm_dinda_c.py took 0.241 seconds
[2026-09-17T14:14:21.435+0000] {processor.py:161} INFO - Started process (PID=901) to work on /opt/airflow/dags/dag_customer_rfm_dinda_c.py
[2026-09-17T14:14:21.437+0000] {processor.py:830} INFO - Processing file /opt/airflow/dags/dag_customer_rfm_dinda_c.py for tasks to queue
[2026-09-17T14:14:21.442+0000] {logging_mixin.py:188} INFO - [2026-09-17T14:14:21.442+0000] {dagbag.py:545} INFO - Filling up the DagBag from /opt/airflow/dags/dag_customer_rfm_dinda_c.py
[2026-09-17T14:14:21.507+0000] {processor.py:840} INFO - DAG(s) 'customer_rfm' retrieved from /opt/airflow/dags/dag_customer_rfm_dinda_c.py
[2026-09-17T14:14:21.575+0000] {logging_mixin.py:188} INFO - [2026-09-17T14:14:21.574+0000] {dag.py:3089} INFO - Sync 1 DAGs
[2026-09-17T14:14:21.611+0000] {logging_mixin.py:188} INFO - [2026-09-17T14:14:21.610+0000] {dag.py:3947} INFO - Setting next_dagrun for customer_rfm to 2026-09-17 00:00:00+00:00, run_after=2026-09-18 00:00:00+00:00
[2026-09-17T14:14:21.653+0000] {processor.py:183} INFO - Processing /opt/airflow/dags/dag_customer_rfm_dinda_c.py took 0.232 seconds
[2026-09-17T14:14:52.319+0000] {processor.py:161} INFO - Started process (PID=906) to work on /opt/airflow/dags/dag_customer_rfm_dinda_c.py
[2026-09-17T14:14:52.321+0000] {processor.py:830} INFO - Processing file /opt/airflow/dags/dag_customer_rfm_dinda_c.py for tasks to queue
[2026-09-17T14:14:52.325+0000] {logging_mixin.py:188} INFO - [2026-09-17T14:14:52.324+0000] {dagbag.py:545} INFO - Filling up the DagBag from /opt/airflow/dags/dag_customer_rfm_dinda_c.py
[2026-09-17T14:14:52.389+0000] {processor.py:840} INFO - DAG(s) 'customer_rfm' retrieved from /opt/airflow/dags/dag_customer_rfm_dinda_c.py
[2026-09-17T14:14:52.450+0000] {logging_mixin.py:188} INFO - [2026-09-17T14:14:52.450+0000] {dag.py:3089} INFO - Sync 1 DAGs
[2026-09-17T14:14:52.487+0000] {logging_mixin.py:188} INFO - [2026-09-17T14:14:52.486+0000] {dag.py:3947} INFO - Setting next_dagrun for customer_rfm to 2026-09-17 00:00:00+00:00, run_after=2026-09-18 00:00:00+00:00
[2026-09-17T14:14:52.522+0000] {processor.py:183} INFO - Processing /opt/airflow/dags/dag_customer_rfm_dinda_c.py took 0.214 seconds
[2026-09-17T14:15:22.856+0000] {processor.py:161} INFO - Started process (PID=911) to work on /opt/airflow/dags/dag_customer_rfm_dinda_c.py
[2026-09-17T14:15:22.859+0000] {processor.py:830} INFO - Processing file /opt/airflow/dags/dag_customer_rfm_dinda_c.py for tasks to queue
[2026-09-17T14:15:22.863+0000] {logging_mixin.py:188} INFO - [2026-09-17T14:15:22.862+0000] {dagbag.py:545} INFO - Filling up the DagBag from /opt/airflow/dags/dag_customer_rfm_dinda_c.py
[2026-09-17T14:15:22.932+0000] {processor.py:840} INFO - DAG(s) 'customer_rfm' retrieved from /opt/airflow/dags/dag_customer_rfm_dinda_c.py
[2026-09-17T14:15:22.987+0000] {logging_mixin.py:188} INFO - [2026-09-17T14:15:22.986+0000] {dag.py:3089} INFO - Sync 1 DAGs
[2026-09-17T14:15:23.343+0000] {logging_mixin.py:188} INFO - [2026-09-17T14:15:23.342+0000] {dag.py:3947} INFO - Setting next_dagrun for customer_rfm to 2026-09-17 00:00:00+00:00, run_after=2026-09-18 00:00:00+00:00
[2026-09-17T14:15:23.382+0000] {processor.py:183} INFO - Processing /opt/airflow/dags/dag_customer_rfm_dinda_c.py took 0.537 seconds
[2026-09-17T14:15:54.315+0000] {processor.py:161} INFO - Started process (PID=916) to work on /opt/airflow/dags/dag_customer_rfm_dinda_c.py
[2026-09-17T14:15:54.318+0000] {processor.py:830} INFO - Processing file /opt/airflow/dags/dag_customer_rfm_dinda_c.py for tasks to queue
[2026-09-17T14:15:54.322+0000] {logging_mixin.py:188} INFO - [2026-09-17T14:15:54.322+0000] {dagbag.py:545} INFO - Filling up the DagBag from /opt/airflow/dags/dag_customer_rfm_dinda_c.py
[2026-09-17T14:15:54.387+0000] {processor.py:840} INFO - DAG(s) 'customer_rfm' retrieved from /opt/airflow/dags/dag_customer_rfm_dinda_c.py
[2026-09-17T14:15:54.440+0000] {logging_mixin.py:188} INFO - [2026-09-17T14:15:54.440+0000] {dag.py:3089} INFO - Sync 1 DAGs
[2026-09-17T14:15:54.474+0000] {logging_mixin.py:188} INFO - [2026-09-17T14:15:54.473+0000] {dag.py:3947} INFO - Setting next_dagrun for customer_rfm to 2026-09-17 00:00:00+00:00, run_after=2026-09-18 00:00:00+00:00
[2026-09-17T14:15:54.511+0000] {processor.py:183} INFO - Processing /opt/airflow/dags/dag_customer_rfm_dinda_c.py took 0.208 seconds
[2026-09-17T14:16:25.198+0000] {processor.py:161} INFO - Started process (PID=921) to work on /opt/airflow/dags/dag_customer_rfm_dinda_c.py
[2026-09-17T14:16:25.201+0000] {processor.py:830} INFO - Processing file /opt/airflow/dags/dag_customer_rfm_dinda_c.py for tasks to queue
[2026-09-17T14:16:25.204+0000] {logging_mixin.py:188} INFO - [2026-09-17T14:16:25.204+0000] {dagbag.py:545} INFO - Filling up the DagBag from /opt/airflow/dags/dag_customer_rfm_dinda_c.py
[2026-09-17T14:16:25.286+0000] {processor.py:840} INFO - DAG(s) 'customer_rfm' retrieved from /opt/airflow/dags/dag_customer_rfm_dinda_c.py
[2026-09-17T14:16:25.352+0000] {logging_mixin.py:188} INFO - [2026-09-17T14:16:25.351+0000] {dag.py:3089} INFO - Sync 1 DAGs
[2026-09-17T14:16:25.386+0000] {logging_mixin.py:188} INFO - [2026-09-17T14:16:25.386+0000] {dag.py:3947} INFO - Setting next_dagrun for customer_rfm to 2026-09-17 00:00:00+00:00, run_after=2026-09-18 00:00:00+00:00
[2026-09-17T14:16:25.412+0000] {processor.py:183} INFO - Processing /opt/airflow/dags/dag_customer_rfm_dinda_c.py took 0.223 seconds
[2026-09-17T14:16:56.189+0000] {processor.py:161} INFO - Started process (PID=926) to work on /opt/airflow/dags/dag_customer_rfm_dinda_c.py
[2026-09-17T14:16:56.191+0000] {processor.py:830} INFO - Processing file /opt/airflow/dags/dag_customer_rfm_dinda_c.py for tasks to queue
[2026-09-17T14:16:56.195+0000] {logging_mixin.py:188} INFO - [2026-09-17T14:16:56.195+0000] {dagbag.py:545} INFO - Filling up the DagBag from /opt/airflow/dags/dag_customer_rfm_dinda_c.py
[2026-09-17T14:16:56.258+0000] {processor.py:840} INFO - DAG(s) 'customer_rfm' retrieved from /opt/airflow/dags/dag_customer_rfm_dinda_c.py
[2026-09-17T14:16:56.316+0000] {logging_mixin.py:188} INFO - [2026-09-17T14:16:56.315+0000] {dag.py:3089} INFO - Sync 1 DAGs
[2026-09-17T14:16:56.360+0000] {logging_mixin.py:188} INFO - [2026-09-17T14:16:56.360+0000] {dag.py:3947} INFO - Setting next_dagrun for customer_rfm to 2026-09-17 00:00:00+00:00, run_after=2026-09-18 00:00:00+00:00
[2026-09-17T14:16:56.404+0000] {processor.py:183} INFO - Processing /opt/airflow/dags/dag_customer_rfm_dinda_c.py took 0.230 seconds
[2026-09-17T14:17:27.260+0000] {processor.py:161} INFO - Started process (PID=931) to work on /opt/airflow/dags/dag_customer_rfm_dinda_c.py
[2026-09-17T14:17:27.263+0000] {processor.py:830} INFO - Processing file /opt/airflow/dags/dag_customer_rfm_dinda_c.py for tasks to queue
[2026-09-17T14:17:27.267+0000] {logging_mixin.py:188} INFO - [2026-09-17T14:17:27.266+0000] {dagbag.py:545} INFO - Filling up the DagBag from /opt/airflow/dags/dag_customer_rfm_dinda_c.py
[2026-09-17T14:17:27.331+0000] {processor.py:840} INFO - DAG(s) 'customer_rfm' retrieved from /opt/airflow/dags/dag_customer_rfm_dinda_c.py
[2026-09-17T14:17:27.395+0000] {logging_mixin.py:188} INFO - [2026-09-17T14:17:27.395+0000] {dag.py:3089} INFO - Sync 1 DAGs
[2026-09-17T14:17:27.442+0000] {logging_mixin.py:188} INFO - [2026-09-17T14:17:27.441+0000] {dag.py:3947} INFO - Setting next_dagrun for customer_rfm to 2026-09-17 00:00:00+00:00, run_after=2026-09-18 00:00:00+00:00
[2026-09-17T14:17:27.490+0000] {processor.py:183} INFO - Processing /opt/airflow/dags/dag_customer_rfm_dinda_c.py took 0.241 seconds
[2026-09-17T14:17:58.345+0000] {processor.py:161} INFO - Started process (PID=936) to work on /opt/airflow/dags/dag_customer_rfm_dinda_c.py
[2026-09-17T14:17:58.348+0000] {processor.py:830} INFO - Processing file /opt/airflow/dags/dag_customer_rfm_dinda_c.py for tasks to queue
[2026-09-17T14:17:58.352+0000] {logging_mixin.py:188} INFO - [2026-09-17T14:17:58.351+0000] {dagbag.py:545} INFO - Filling up the DagBag from /opt/airflow/dags/dag_customer_rfm_dinda_c.py
[2026-09-17T14:17:58.423+0000] {processor.py:840} INFO - DAG(s) 'customer_rfm' retrieved from /opt/airflow/dags/dag_customer_rfm_dinda_c.py
[2026-09-17T14:17:58.480+0000] {logging_mixin.py:188} INFO - [2026-09-17T14:17:58.479+0000] {dag.py:3089} INFO - Sync 1 DAGs
[2026-09-17T14:17:58.515+0000] {logging_mixin.py:188} INFO - [2026-09-17T14:17:58.515+0000] {dag.py:3947} INFO - Setting next_dagrun for customer_rfm to 2026-09-17 00:00:00+00:00, run_after=2026-09-18 00:00:00+00:00
[2026-09-17T14:17:58.548+0000] {processor.py:183} INFO - Processing /opt/airflow/dags/dag_customer_rfm_dinda_c.py took 0.214 seconds
[2026-09-17T14:18:29.323+0000] {processor.py:161} INFO - Started process (PID=941) to work on /opt/airflow/dags/dag_customer_rfm_dinda_c.py
[2026-09-17T14:18:29.325+0000] {processor.py:830} INFO - Processing file /opt/airflow/dags/dag_customer_rfm_dinda_c.py for tasks to queue
[2026-09-17T14:18:29.328+0000] {logging_mixin.py:188} INFO - [2026-09-17T14:18:29.327+0000] {dagbag.py:545} INFO - Filling up the DagBag from /opt/airflow/dags/dag_customer_rfm_dinda_c.py
[2026-09-17T14:18:29.384+0000] {processor.py:840} INFO - DAG(s) 'customer_rfm' retrieved from /opt/airflow/dags/dag_customer_rfm_dinda_c.py
[2026-09-17T14:18:29.448+0000] {logging_mixin.py:188} INFO - [2026-09-17T14:18:29.447+0000] {dag.py:3089} INFO - Sync 1 DAGs
[2026-09-17T14:18:29.787+0000] {logging_mixin.py:188} INFO - [2026-09-17T14:18:29.787+0000] {dag.py:3947} INFO - Setting next_dagrun for customer_rfm to 2026-09-17 00:00:00+00:00, run_after=2026-09-18 00:00:00+00:00
[2026-09-17T14:18:29.828+0000] {processor.py:183} INFO - Processing /opt/airflow/dags/dag_customer_rfm_dinda_c.py took 0.513 seconds
[2026-09-17T14:19:00.290+0000] {processor.py:161} INFO - Started process (PID=946) to work on /opt/airflow/dags/dag_customer_rfm_dinda_c.py
[2026-09-17T14:19:00.293+0000] {processor.py:830} INFO - Processing file /opt/airflow/dags/dag_customer_rfm_dinda_c.py for tasks to queue
[2026-09-17T14:19:00.298+0000] {logging_mixin.py:188} INFO - [2026-09-17T14:19:00.297+0000] {dagbag.py:545} INFO - Filling up the DagBag from /opt/airflow/dags/dag_customer_rfm_dinda_c.py
[2026-09-17T14:19:00.366+0000] {processor.py:840} INFO - DAG(s) 'customer_rfm' retrieved from /opt/airflow/dags/dag_customer_rfm_dinda_c.py
[2026-09-17T14:19:00.428+0000] {logging_mixin.py:188} INFO - [2026-09-17T14:19:00.427+0000] {dag.py:3089} INFO - Sync 1 DAGs
[2026-09-17T14:19:00.467+0000] {logging_mixin.py:188} INFO - [2026-09-17T14:19:00.467+0000] {dag.py:3947} INFO - Setting next_dagrun for customer_rfm to 2026-09-17 00:00:00+00:00, run_after=2026-09-18 00:00:00+00:00
[2026-09-17T14:19:00.503+0000] {processor.py:183} INFO - Processing /opt/airflow/dags/dag_customer_rfm_dinda_c.py took 0.221 seconds
[2026-09-17T14:19:31.134+0000] {processor.py:161} INFO - Started process (PID=951) to work on /opt/airflow/dags/dag_customer_rfm_dinda_c.py
[2026-09-17T14:19:31.136+0000] {processor.py:830} INFO - Processing file /opt/airflow/dags/dag_customer_rfm_dinda_c.py for tasks to queue
[2026-09-17T14:19:31.141+0000] {logging_mixin.py:188} INFO - [2026-09-17T14:19:31.140+0000] {dagbag.py:545} INFO - Filling up the DagBag from /opt/airflow/dags/dag_customer_rfm_dinda_c.py
[2026-09-17T14:19:31.194+0000] {processor.py:840} INFO - DAG(s) 'customer_rfm' retrieved from /opt/airflow/dags/dag_customer_rfm_dinda_c.py
[2026-09-17T14:19:31.262+0000] {logging_mixin.py:188} INFO - [2026-09-17T14:19:31.262+0000] {dag.py:3089} INFO - Sync 1 DAGs
[2026-09-17T14:19:31.302+0000] {logging_mixin.py:188} INFO - [2026-09-17T14:19:31.302+0000] {dag.py:3947} INFO - Setting next_dagrun for customer_rfm to 2026-09-17 00:00:00+00:00, run_after=2026-09-18 00:00:00+00:00
[2026-09-17T14:19:31.343+0000] {processor.py:183} INFO - Processing /opt/airflow/dags/dag_customer_rfm_dinda_c.py took 0.221 seconds
[2026-09-17T14:20:02.323+0000] {processor.py:161} INFO - Started process (PID=956) to work on /opt/airflow/dags/dag_customer_rfm_dinda_c.py
[2026-09-17T14:20:02.325+0000] {processor.py:830} INFO - Processing file /opt/airflow/dags/dag_customer_rfm_dinda_c.py for tasks to queue
[2026-09-17T14:20:02.329+0000] {logging_mixin.py:188} INFO - [2026-09-17T14:20:02.328+0000] {dagbag.py:545} INFO - Filling up the DagBag from /opt/airflow/dags/dag_customer_rfm_dinda_c.py
[2026-09-17T14:20:02.370+0000] {processor.py:840} INFO - DAG(s) 'customer_rfm' retrieved from /opt/airflow/dags/dag_customer_rfm_dinda_c.py
[2026-09-17T14:20:02.445+0000] {logging_mixin.py:188} INFO - [2026-09-17T14:20:02.443+0000] {dag.py:3089} INFO - Sync 1 DAGs
[2026-09-17T14:20:02.510+0000] {logging_mixin.py:188} INFO - [2026-09-17T14:20:02.510+0000] {dag.py:3947} INFO - Setting next_dagrun for customer_rfm to 2026-09-17 00:00:00+00:00, run_after=2026-09-18 00:00:00+00:00
[2026-09-17T14:20:02.551+0000] {processor.py:183} INFO - Processing /opt/airflow/dags/dag_customer_rfm_dinda_c.py took 0.241 seconds
[2026-09-17T14:20:33.291+0000] {processor.py:161} INFO - Started process (PID=961) to work on /opt/airflow/dags/dag_customer_rfm_dinda_c.py
[2026-09-17T14:20:33.295+0000] {processor.py:830} INFO - Processing file /opt/airflow/dags/dag_customer_rfm_dinda_c.py for tasks to queue
[2026-09-17T14:20:33.299+0000] {logging_mixin.py:188} INFO - [2026-09-17T14:20:33.299+0000] {dagbag.py:545} INFO - Filling up the DagBag from /opt/airflow/dags/dag_customer_rfm_dinda_c.py
[2026-09-17T14:20:33.371+0000] {processor.py:840} INFO - DAG(s) 'customer_rfm' retrieved from /opt/airflow/dags/dag_customer_rfm_dinda_c.py
[2026-09-17T14:20:33.429+0000] {logging_mixin.py:188} INFO - [2026-09-17T14:20:33.428+0000] {dag.py:3089} INFO - Sync 1 DAGs
[2026-09-17T14:20:33.473+0000] {logging_mixin.py:188} INFO - [2026-09-17T14:20:33.473+0000] {dag.py:3947} INFO - Setting next_dagrun for customer_rfm to 2026-09-17 00:00:00+00:00, run_after=2026-09-18 00:00:00+00:00
[2026-09-17T14:20:33.516+0000] {processor.py:183} INFO - Processing /opt/airflow/dags/dag_customer_rfm_dinda_c.py took 0.240 seconds
[2026-09-17T14:21:04.324+0000] {processor.py:161} INFO - Started process (PID=966) to work on /opt/airflow/dags/dag_customer_rfm_dinda_c.py
[2026-09-17T14:21:04.326+0000] {processor.py:830} INFO - Processing file /opt/airflow/dags/dag_customer_rfm_dinda_c.py for tasks to queue
[2026-09-17T14:21:04.330+0000] {logging_mixin.py:188} INFO - [2026-09-17T14:21:04.330+0000] {dagbag.py:545} INFO - Filling up the DagBag from /opt/airflow/dags/dag_customer_rfm_dinda_c.py
[2026-09-17T14:21:04.412+0000] {processor.py:840} INFO - DAG(s) 'customer_rfm' retrieved from /opt/airflow/dags/dag_customer_rfm_dinda_c.py
[2026-09-17T14:21:04.482+0000] {logging_mixin.py:188} INFO - [2026-09-17T14:21:04.481+0000] {dag.py:3089} INFO - Sync 1 DAGs
[2026-09-17T14:21:04.530+0000] {logging_mixin.py:188} INFO - [2026-09-17T14:21:04.529+0000] {dag.py:3947} INFO - Setting next_dagrun for customer_rfm to 2026-09-17 00:00:00+00:00, run_after=2026-09-18 00:00:00+00:00
[2026-09-17T14:21:04.895+0000] {processor.py:183} INFO - Processing /opt/airflow/dags/dag_customer_rfm_dinda_c.py took 0.582 seconds
[2026-09-17T14:21:35.195+0000] {processor.py:161} INFO - Started process (PID=971) to work on /opt/airflow/dags/dag_customer_rfm_dinda_c.py
[2026-09-17T14:21:35.197+0000] {processor.py:830} INFO - Processing file /opt/airflow/dags/dag_customer_rfm_dinda_c.py for tasks to queue
[2026-09-17T14:21:35.201+0000] {logging_mixin.py:188} INFO - [2026-09-17T14:21:35.201+0000] {dagbag.py:545} INFO - Filling up the DagBag from /opt/airflow/dags/dag_customer_rfm_dinda_c.py
[2026-09-17T14:21:35.268+0000] {processor.py:840} INFO - DAG(s) 'customer_rfm' retrieved from /opt/airflow/dags/dag_customer_rfm_dinda_c.py
[2026-09-17T14:21:35.322+0000] {logging_mixin.py:188} INFO - [2026-09-17T14:21:35.321+0000] {dag.py:3089} INFO - Sync 1 DAGs
[2026-09-17T14:21:35.607+0000] {logging_mixin.py:188} INFO - [2026-09-17T14:21:35.607+0000] {dag.py:3947} INFO - Setting next_dagrun for customer_rfm to 2026-09-17 00:00:00+00:00, run_after=2026-09-18 00:00:00+00:00
[2026-09-17T14:21:35.648+0000] {processor.py:183} INFO - Processing /opt/airflow/dags/dag_customer_rfm_dinda_c.py took 0.466 seconds
[2026-09-17T14:22:05.818+0000] {processor.py:161} INFO - Started process (PID=976) to work on /opt/airflow/dags/dag_customer_rfm_dinda_c.py
[2026-09-17T14:22:05.821+0000] {processor.py:830} INFO - Processing file /opt/airflow/dags/dag_customer_rfm_dinda_c.py for tasks to queue
[2026-09-17T14:22:05.826+0000] {logging_mixin.py:188} INFO - [2026-09-17T14:22:05.825+0000] {dagbag.py:545} INFO - Filling up the DagBag from /opt/airflow/dags/dag_customer_rfm_dinda_c.py
[2026-09-17T14:22:05.899+0000] {processor.py:840} INFO - DAG(s) 'customer_rfm' retrieved from /opt/airflow/dags/dag_customer_rfm_dinda_c.py
[2026-09-17T14:22:05.957+0000] {logging_mixin.py:188} INFO - [2026-09-17T14:22:05.956+0000] {dag.py:3089} INFO - Sync 1 DAGs
[2026-09-17T14:22:06.000+0000] {logging_mixin.py:188} INFO - [2026-09-17T14:22:06.000+0000] {dag.py:3947} INFO - Setting next_dagrun for customer_rfm to 2026-09-17 00:00:00+00:00, run_after=2026-09-18 00:00:00+00:00
[2026-09-17T14:22:06.037+0000] {processor.py:183} INFO - Processing /opt/airflow/dags/dag_customer_rfm_dinda_c.py took 0.229 seconds
[2026-09-17T14:22:36.882+0000] {processor.py:161} INFO - Started process (PID=981) to work on /opt/airflow/dags/dag_customer_rfm_dinda_c.py
[2026-09-17T14:22:36.887+0000] {processor.py:830} INFO - Processing file /opt/airflow/dags/dag_customer_rfm_dinda_c.py for tasks to queue
[2026-09-17T14:22:36.891+0000] {logging_mixin.py:188} INFO - [2026-09-17T14:22:36.891+0000] {dagbag.py:545} INFO - Filling up the DagBag from /opt/airflow/dags/dag_customer_rfm_dinda_c.py
[2026-09-17T14:22:36.966+0000] {processor.py:840} INFO - DAG(s) 'customer_rfm' retrieved from /opt/airflow/dags/dag_customer_rfm_dinda_c.py
[2026-09-17T14:22:37.029+0000] {logging_mixin.py:188} INFO - [2026-09-17T14:22:37.029+0000] {dag.py:3089} INFO - Sync 1 DAGs
[2026-09-17T14:22:37.089+0000] {logging_mixin.py:188} INFO - [2026-09-17T14:22:37.089+0000] {dag.py:3947} INFO - Setting next_dagrun for customer_rfm to 2026-09-17 00:00:00+00:00, run_after=2026-09-18 00:00:00+00:00
[2026-09-17T14:22:37.136+0000] {processor.py:183} INFO - Processing /opt/airflow/dags/dag_customer_rfm_dinda_c.py took 0.269 seconds
[2026-09-17T14:23:08.092+0000] {processor.py:161} INFO - Started process (PID=986) to work on /opt/airflow/dags/dag_customer_rfm_dinda_c.py
[2026-09-17T14:23:08.094+0000] {processor.py:830} INFO - Processing file /opt/airflow/dags/dag_customer_rfm_dinda_c.py for tasks to queue
[2026-09-17T14:23:08.097+0000] {logging_mixin.py:188} INFO - [2026-09-17T14:23:08.097+0000] {dagbag.py:545} INFO - Filling up the DagBag from /opt/airflow/dags/dag_customer_rfm_dinda_c.py
[2026-09-17T14:23:08.143+0000] {processor.py:840} INFO - DAG(s) 'customer_rfm' retrieved from /opt/airflow/dags/dag_customer_rfm_dinda_c.py
[2026-09-17T14:23:08.204+0000] {logging_mixin.py:188} INFO - [2026-09-17T14:23:08.203+0000] {dag.py:3089} INFO - Sync 1 DAGs
[2026-09-17T14:23:08.244+0000] {logging_mixin.py:188} INFO - [2026-09-17T14:23:08.243+0000] {dag.py:3947} INFO - Setting next_dagrun for customer_rfm to 2026-09-17 00:00:00+00:00, run_after=2026-09-18 00:00:00+00:00
[2026-09-17T14:23:08.277+0000] {processor.py:183} INFO - Processing /opt/airflow/dags/dag_customer_rfm_dinda_c.py took 0.194 seconds
[2026-09-17T14:23:38.703+0000] {processor.py:161} INFO - Started process (PID=991) to work on /opt/airflow/dags/dag_customer_rfm_dinda_c.py
[2026-09-17T14:23:38.711+0000] {processor.py:830} INFO - Processing file /opt/airflow/dags/dag_customer_rfm_dinda_c.py for tasks to queue
[2026-09-17T14:23:38.714+0000] {logging_mixin.py:188} INFO - [2026-09-17T14:23:38.713+0000] {dagbag.py:545} INFO - Filling up the DagBag from /opt/airflow/dags/dag_customer_rfm_dinda_c.py
[2026-09-17T14:23:38.764+0000] {processor.py:840} INFO - DAG(s) 'customer_rfm' retrieved from /opt/airflow/dags/dag_customer_rfm_dinda_c.py
[2026-09-17T14:23:38.833+0000] {logging_mixin.py:188} INFO - [2026-09-17T14:23:38.833+0000] {dag.py:3089} INFO - Sync 1 DAGs
[2026-09-17T14:23:38.872+0000] {logging_mixin.py:188} INFO - [2026-09-17T14:23:38.872+0000] {dag.py:3947} INFO - Setting next_dagrun for customer_rfm to 2026-09-17 00:00:00+00:00, run_after=2026-09-18 00:00:00+00:00
[2026-09-17T14:23:38.906+0000] {processor.py:183} INFO - Processing /opt/airflow/dags/dag_customer_rfm_dinda_c.py took 0.212 seconds
[2026-09-17T14:24:09.538+0000] {processor.py:161} INFO - Started process (PID=996) to work on /opt/airflow/dags/dag_customer_rfm_dinda_c.py
[2026-09-17T14:24:09.540+0000] {processor.py:830} INFO - Processing file /opt/airflow/dags/dag_customer_rfm_dinda_c.py for tasks to queue
[2026-09-17T14:24:09.544+0000] {logging_mixin.py:188} INFO - [2026-09-17T14:24:09.544+0000] {dagbag.py:545} INFO - Filling up the DagBag from /opt/airflow/dags/dag_customer_rfm_dinda_c.py
[2026-09-17T14:24:09.608+0000] {processor.py:840} INFO - DAG(s) 'customer_rfm' retrieved from /opt/airflow/dags/dag_customer_rfm_dinda_c.py
[2026-09-17T14:24:09.664+0000] {logging_mixin.py:188} INFO - [2026-09-17T14:24:09.663+0000] {dag.py:3089} INFO - Sync 1 DAGs
[2026-09-17T14:24:09.962+0000] {logging_mixin.py:188} INFO - [2026-09-17T14:24:09.961+0000] {dag.py:3947} INFO - Setting next_dagrun for customer_rfm to 2026-09-17 00:00:00+00:00, run_after=2026-09-18 00:00:00+00:00
[2026-09-17T14:24:09.999+0000] {processor.py:183} INFO - Processing /opt/airflow/dags/dag_customer_rfm_dinda_c.py took 0.477 seconds
[2026-09-17T14:24:40.448+0000] {processor.py:161} INFO - Started process (PID=1001) to work on /opt/airflow/dags/dag_customer_rfm_dinda_c.py
[2026-09-17T14:24:40.450+0000] {processor.py:830} INFO - Processing file /opt/airflow/dags/dag_customer_rfm_dinda_c.py for tasks to queue
[2026-09-17T14:24:40.453+0000] {logging_mixin.py:188} INFO - [2026-09-17T14:24:40.452+0000] {dagbag.py:545} INFO - Filling up the DagBag from /opt/airflow/dags/dag_customer_rfm_dinda_c.py
[2026-09-17T14:24:40.506+0000] {processor.py:840} INFO - DAG(s) 'customer_rfm' retrieved from /opt/airflow/dags/dag_customer_rfm_dinda_c.py
[2026-09-17T14:24:40.558+0000] {logging_mixin.py:188} INFO - [2026-09-17T14:24:40.558+0000] {dag.py:3089} INFO - Sync 1 DAGs
[2026-09-17T14:24:40.899+0000] {logging_mixin.py:188} INFO - [2026-09-17T14:24:40.898+0000] {dag.py:3947} INFO - Setting next_dagrun for customer_rfm to 2026-09-17 00:00:00+00:00, run_after=2026-09-18 00:00:00+00:00
[2026-09-17T14:24:40.938+0000] {processor.py:183} INFO - Processing /opt/airflow/dags/dag_customer_rfm_dinda_c.py took 0.498 seconds
[2026-09-17T14:25:11.396+0000] {processor.py:161} INFO - Started process (PID=1006) to work on /opt/airflow/dags/dag_customer_rfm_dinda_c.py
[2026-09-17T14:25:11.400+0000] {processor.py:830} INFO - Processing file /opt/airflow/dags/dag_customer_rfm_dinda_c.py for tasks to queue
[2026-09-17T14:25:11.405+0000] {logging_mixin.py:188} INFO - [2026-09-17T14:25:11.405+0000] {dagbag.py:545} INFO - Filling up the DagBag from /opt/airflow/dags/dag_customer_rfm_dinda_c.py
[2026-09-17T14:25:11.482+0000] {processor.py:840} INFO - DAG(s) 'customer_rfm' retrieved from /opt/airflow/dags/dag_customer_rfm_dinda_c.py
[2026-09-17T14:25:11.796+0000] {logging_mixin.py:188} INFO - [2026-09-17T14:25:11.796+0000] {dag.py:3089} INFO - Sync 1 DAGs
[2026-09-17T14:25:11.827+0000] {logging_mixin.py:188} INFO - [2026-09-17T14:25:11.827+0000] {dag.py:3947} INFO - Setting next_dagrun for customer_rfm to 2026-09-17 00:00:00+00:00, run_after=2026-09-18 00:00:00+00:00
[2026-09-17T14:25:11.862+0000] {processor.py:183} INFO - Processing /opt/airflow/dags/dag_customer_rfm_dinda_c.py took 0.481 seconds
[2026-09-17T14:25:43.500+0000] {processor.py:161} INFO - Started process (PID=1011) to work on /opt/airflow/dags/dag_customer_rfm_dinda_c.py
[2026-09-17T14:25:43.502+0000] {processor.py:830} INFO - Processing file /opt/airflow/dags/dag_customer_rfm_dinda_c.py for tasks to queue
[2026-09-17T14:25:43.506+0000] {logging_mixin.py:188} INFO - [2026-09-17T14:25:43.505+0000] {dagbag.py:545} INFO - Filling up the DagBag from /opt/airflow/dags/dag_customer_rfm_dinda_c.py
[2026-09-17T14:25:43.558+0000] {processor.py:840} INFO - DAG(s) 'customer_rfm' retrieved from /opt/airflow/dags/dag_customer_rfm_dinda_c.py
[2026-09-17T14:25:43.609+0000] {logging_mixin.py:188} INFO - [2026-09-17T14:25:43.609+0000] {dag.py:3089} INFO - Sync 1 DAGs
[2026-09-17T14:25:43.647+0000] {logging_mixin.py:188} INFO - [2026-09-17T14:25:43.647+0000] {dag.py:3947} INFO - Setting next_dagrun for customer_rfm to 2026-09-17 00:00:00+00:00, run_after=2026-09-18 00:00:00+00:00
[2026-09-17T14:25:43.683+0000] {processor.py:183} INFO - Processing /opt/airflow/dags/dag_customer_rfm_dinda_c.py took 0.194 seconds
[2026-09-17T14:26:16.553+0000] {processor.py:161} INFO - Started process (PID=1016) to work on /opt/airflow/dags/dag_customer_rfm_dinda_c.py
[2026-09-17T14:26:16.555+0000] {processor.py:830} INFO - Processing file /opt/airflow/dags/dag_customer_rfm_dinda_c.py for tasks to queue
[2026-09-17T14:26:16.560+0000] {logging_mixin.py:188} INFO - [2026-09-17T14:26:16.560+0000] {dagbag.py:545} INFO - Filling up the DagBag from /opt/airflow/dags/dag_customer_rfm_dinda_c.py
[2026-09-17T14:26:16.637+0000] {processor.py:840} INFO - DAG(s) 'customer_rfm' retrieved from /opt/airflow/dags/dag_customer_rfm_dinda_c.py
[2026-09-17T14:26:16.701+0000] {logging_mixin.py:188} INFO - [2026-09-17T14:26:16.701+0000] {dag.py:3089} INFO - Sync 1 DAGs
[2026-09-17T14:26:16.743+0000] {logging_mixin.py:188} INFO - [2026-09-17T14:26:16.743+0000] {dag.py:3947} INFO - Setting next_dagrun for customer_rfm to 2026-09-17 00:00:00+00:00, run_after=2026-09-18 00:00:00+00:00
[2026-09-17T14:26:17.042+0000] {processor.py:183} INFO - Processing /opt/airflow/dags/dag_customer_rfm_dinda_c.py took 0.505 seconds
[2026-09-17T14:26:48.008+0000] {processor.py:161} INFO - Started process (PID=1021) to work on /opt/airflow/dags/dag_customer_rfm_dinda_c.py
[2026-09-17T14:26:48.010+0000] {processor.py:830} INFO - Processing file /opt/airflow/dags/dag_customer_rfm_dinda_c.py for tasks to queue
[2026-09-17T14:26:48.014+0000] {logging_mixin.py:188} INFO - [2026-09-17T14:26:48.013+0000] {dagbag.py:545} INFO - Filling up the DagBag from /opt/airflow/dags/dag_customer_rfm_dinda_c.py
[2026-09-17T14:26:48.098+0000] {processor.py:840} INFO - DAG(s) 'customer_rfm' retrieved from /opt/airflow/dags/dag_customer_rfm_dinda_c.py
[2026-09-17T14:26:48.158+0000] {logging_mixin.py:188} INFO - [2026-09-17T14:26:48.157+0000] {dag.py:3089} INFO - Sync 1 DAGs
[2026-09-17T14:26:48.485+0000] {logging_mixin.py:188} INFO - [2026-09-17T14:26:48.485+0000] {dag.py:3947} INFO - Setting next_dagrun for customer_rfm to 2026-09-17 00:00:00+00:00, run_after=2026-09-18 00:00:00+00:00
[2026-09-17T14:26:48.523+0000] {processor.py:183} INFO - Processing /opt/airflow/dags/dag_customer_rfm_dinda_c.py took 0.531 seconds
[2026-09-17T14:27:20.486+0000] {processor.py:161} INFO - Started process (PID=1026) to work on /opt/airflow/dags/dag_customer_rfm_dinda_c.py
[2026-09-17T14:27:20.488+0000] {processor.py:830} INFO - Processing file /opt/airflow/dags/dag_customer_rfm_dinda_c.py for tasks to queue
[2026-09-17T14:27:20.492+0000] {logging_mixin.py:188} INFO - [2026-09-17T14:27:20.491+0000] {dagbag.py:545} INFO - Filling up the DagBag from /opt/airflow/dags/dag_customer_rfm_dinda_c.py
[2026-09-17T14:27:20.532+0000] {processor.py:840} INFO - DAG(s) 'customer_rfm' retrieved from /opt/airflow/dags/dag_customer_rfm_dinda_c.py
[2026-09-17T14:27:20.597+0000] {logging_mixin.py:188} INFO - [2026-09-17T14:27:20.597+0000] {dag.py:3089} INFO - Sync 1 DAGs
[2026-09-17T14:27:20.918+0000] {logging_mixin.py:188} INFO - [2026-09-17T14:27:20.918+0000] {dag.py:3947} INFO - Setting next_dagrun for customer_rfm to 2026-09-17 00:00:00+00:00, run_after=2026-09-18 00:00:00+00:00
[2026-09-17T14:27:20.967+0000] {processor.py:183} INFO - Processing /opt/airflow/dags/dag_customer_rfm_dinda_c.py took 0.490 seconds
[2026-09-17T14:27:53.112+0000] {processor.py:161} INFO - Started process (PID=1031) to work on /opt/airflow/dags/dag_customer_rfm_dinda_c.py
[2026-09-17T14:27:53.115+0000] {processor.py:830} INFO - Processing file /opt/airflow/dags/dag_customer_rfm_dinda_c.py for tasks to queue
[2026-09-17T14:27:53.121+0000] {logging_mixin.py:188} INFO - [2026-09-17T14:27:53.119+0000] {dagbag.py:545} INFO - Filling up the DagBag from /opt/airflow/dags/dag_customer_rfm_dinda_c.py
[2026-09-17T14:27:53.448+0000] {processor.py:840} INFO - DAG(s) 'customer_rfm' retrieved from /opt/airflow/dags/dag_customer_rfm_dinda_c.py
[2026-09-17T14:27:53.499+0000] {logging_mixin.py:188} INFO - [2026-09-17T14:27:53.499+0000] {dag.py:3089} INFO - Sync 1 DAGs
[2026-09-17T14:27:53.530+0000] {logging_mixin.py:188} INFO - [2026-09-17T14:27:53.530+0000] {dag.py:3947} INFO - Setting next_dagrun for customer_rfm to 2026-09-17 00:00:00+00:00, run_after=2026-09-18 00:00:00+00:00
[2026-09-17T14:27:53.559+0000] {processor.py:183} INFO - Processing /opt/airflow/dags/dag_customer_rfm_dinda_c.py took 0.460 seconds
[2026-09-17T14:28:25.236+0000] {processor.py:161} INFO - Started process (PID=1036) to work on /opt/airflow/dags/dag_customer_rfm_dinda_c.py
[2026-09-17T14:28:25.238+0000] {processor.py:830} INFO - Processing file /opt/airflow/dags/dag_customer_rfm_dinda_c.py for tasks to queue
[2026-09-17T14:28:25.242+0000] {logging_mixin.py:188} INFO - [2026-09-17T14:28:25.242+0000] {dagbag.py:545} INFO - Filling up the DagBag from /opt/airflow/dags/dag_customer_rfm_dinda_c.py
[2026-09-17T14:28:25.311+0000] {processor.py:840} INFO - DAG(s) 'customer_rfm' retrieved from /opt/airflow/dags/dag_customer_rfm_dinda_c.py
[2026-09-17T14:28:25.372+0000] {logging_mixin.py:188} INFO - [2026-09-17T14:28:25.372+0000] {dag.py:3089} INFO - Sync 1 DAGs
[2026-09-17T14:28:25.407+0000] {logging_mixin.py:188} INFO - [2026-09-17T14:28:25.406+0000] {dag.py:3947} INFO - Setting next_dagrun for customer_rfm to 2026-09-17 00:00:00+00:00, run_after=2026-09-18 00:00:00+00:00
[2026-09-17T14:28:25.444+0000] {processor.py:183} INFO - Processing /opt/airflow/dags/dag_customer_rfm_dinda_c.py took 0.223 seconds
[2026-09-17T14:28:58.298+0000] {processor.py:161} INFO - Started process (PID=1041) to work on /opt/airflow/dags/dag_customer_rfm_dinda_c.py
[2026-09-17T14:28:58.301+0000] {processor.py:830} INFO - Processing file /opt/airflow/dags/dag_customer_rfm_dinda_c.py for tasks to queue
[2026-09-17T14:28:58.306+0000] {logging_mixin.py:188} INFO - [2026-09-17T14:28:58.305+0000] {dagbag.py:545} INFO - Filling up the DagBag from /opt/airflow/dags/dag_customer_rfm_dinda_c.py
[2026-09-17T14:28:58.368+0000] {processor.py:840} INFO - DAG(s) 'customer_rfm' retrieved from /opt/airflow/dags/dag_customer_rfm_dinda_c.py
[2026-09-17T14:28:58.423+0000] {logging_mixin.py:188} INFO - [2026-09-17T14:28:58.423+0000] {dag.py:3089} INFO - Sync 1 DAGs
[2026-09-17T14:28:58.468+0000] {logging_mixin.py:188} INFO - [2026-09-17T14:28:58.467+0000] {dag.py:3947} INFO - Setting next_dagrun for customer_rfm to 2026-09-17 00:00:00+00:00, run_after=2026-09-18 00:00:00+00:00
[2026-09-17T14:28:58.513+0000] {processor.py:183} INFO - Processing /opt/airflow/dags/dag_customer_rfm_dinda_c.py took 0.229 seconds
[2026-09-17T14:29:29.999+0000] {processor.py:161} INFO - Started process (PID=1046) to work on /opt/airflow/dags/dag_customer_rfm_dinda_c.py
[2026-09-17T14:29:30.002+0000] {processor.py:830} INFO - Processing file /opt/airflow/dags/dag_customer_rfm_dinda_c.py for tasks to queue
[2026-09-17T14:29:30.007+0000] {logging_mixin.py:188} INFO - [2026-09-17T14:29:30.006+0000] {dagbag.py:545} INFO - Filling up the DagBag from /opt/airflow/dags/dag_customer_rfm_dinda_c.py
[2026-09-17T14:29:30.063+0000] {processor.py:840} INFO - DAG(s) 'customer_rfm' retrieved from /opt/airflow/dags/dag_customer_rfm_dinda_c.py
[2026-09-17T14:29:30.139+0000] {logging_mixin.py:188} INFO - [2026-09-17T14:29:30.138+0000] {dag.py:3089} INFO - Sync 1 DAGs
[2026-09-17T14:29:30.184+0000] {logging_mixin.py:188} INFO - [2026-09-17T14:29:30.183+0000] {dag.py:3947} INFO - Setting next_dagrun for customer_rfm to 2026-09-17 00:00:00+00:00, run_after=2026-09-18 00:00:00+00:00
[2026-09-17T14:29:30.231+0000] {processor.py:183} INFO - Processing /opt/airflow/dags/dag_customer_rfm_dinda_c.py took 0.245 seconds
[2026-09-17T14:30:02.421+0000] {processor.py:161} INFO - Started process (PID=1051) to work on /opt/airflow/dags/dag_customer_rfm_dinda_c.py
[2026-09-17T14:30:02.424+0000] {processor.py:830} INFO - Processing file /opt/airflow/dags/dag_customer_rfm_dinda_c.py for tasks to queue
[2026-09-17T14:30:02.429+0000] {logging_mixin.py:188} INFO - [2026-09-17T14:30:02.428+0000] {dagbag.py:545} INFO - Filling up the DagBag from /opt/airflow/dags/dag_customer_rfm_dinda_c.py
[2026-09-17T14:30:02.491+0000] {processor.py:840} INFO - DAG(s) 'customer_rfm' retrieved from /opt/airflow/dags/dag_customer_rfm_dinda_c.py
[2026-09-17T14:30:02.552+0000] {logging_mixin.py:188} INFO - [2026-09-17T14:30:02.551+0000] {dag.py:3089} INFO - Sync 1 DAGs
[2026-09-17T14:30:02.600+0000] {logging_mixin.py:188} INFO - [2026-09-17T14:30:02.599+0000] {dag.py:3947} INFO - Setting next_dagrun for customer_rfm to 2026-09-17 00:00:00+00:00, run_after=2026-09-18 00:00:00+00:00
[2026-09-17T14:30:02.636+0000] {processor.py:183} INFO - Processing /opt/airflow/dags/dag_customer_rfm_dinda_c.py took 0.235 seconds
[2026-09-17T14:30:35.291+0000] {processor.py:161} INFO - Started process (PID=1056) to work on /opt/airflow/dags/dag_customer_rfm_dinda_c.py
[2026-09-17T14:30:35.293+0000] {processor.py:830} INFO - Processing file /opt/airflow/dags/dag_customer_rfm_dinda_c.py for tasks to queue
[2026-09-17T14:30:35.299+0000] {logging_mixin.py:188} INFO - [2026-09-17T14:30:35.297+0000] {dagbag.py:545} INFO - Filling up the DagBag from /opt/airflow/dags/dag_customer_rfm_dinda_c.py
[2026-09-17T14:30:35.351+0000] {processor.py:840} INFO - DAG(s) 'customer_rfm' retrieved from /opt/airflow/dags/dag_customer_rfm_dinda_c.py
[2026-09-17T14:30:35.403+0000] {logging_mixin.py:188} INFO - [2026-09-17T14:30:35.403+0000] {dag.py:3089} INFO - Sync 1 DAGs
[2026-09-17T14:30:35.442+0000] {logging_mixin.py:188} INFO - [2026-09-17T14:30:35.442+0000] {dag.py:3947} INFO - Setting next_dagrun for customer_rfm to 2026-09-17 00:00:00+00:00, run_after=2026-09-18 00:00:00+00:00
[2026-09-17T14:30:35.485+0000] {processor.py:183} INFO - Processing /opt/airflow/dags/dag_customer_rfm_dinda_c.py took 0.204 seconds
[2026-09-17T14:31:07.284+0000] {processor.py:161} INFO - Started process (PID=1061) to work on /opt/airflow/dags/dag_customer_rfm_dinda_c.py
[2026-09-17T14:31:07.286+0000] {processor.py:830} INFO - Processing file /opt/airflow/dags/dag_customer_rfm_dinda_c.py for tasks to queue
[2026-09-17T14:31:07.290+0000] {logging_mixin.py:188} INFO - [2026-09-17T14:31:07.290+0000] {dagbag.py:545} INFO - Filling up the DagBag from /opt/airflow/dags/dag_customer_rfm_dinda_c.py
[2026-09-17T14:31:07.358+0000] {processor.py:840} INFO - DAG(s) 'customer_rfm' retrieved from /opt/airflow/dags/dag_customer_rfm_dinda_c.py
[2026-09-17T14:31:07.425+0000] {logging_mixin.py:188} INFO - [2026-09-17T14:31:07.425+0000] {dag.py:3089} INFO - Sync 1 DAGs
[2026-09-17T14:31:07.461+0000] {logging_mixin.py:188} INFO - [2026-09-17T14:31:07.460+0000] {dag.py:3947} INFO - Setting next_dagrun for customer_rfm to 2026-09-17 00:00:00+00:00, run_after=2026-09-18 00:00:00+00:00
[2026-09-17T14:31:07.494+0000] {processor.py:183} INFO - Processing /opt/airflow/dags/dag_customer_rfm_dinda_c.py took 0.223 seconds
[2026-09-17T14:31:38.285+0000] {processor.py:161} INFO - Started process (PID=1066) to work on /opt/airflow/dags/dag_customer_rfm_dinda_c.py
[2026-09-17T14:31:38.291+0000] {processor.py:830} INFO - Processing file /opt/airflow/dags/dag_customer_rfm_dinda_c.py for tasks to queue
[2026-09-17T14:31:38.303+0000] {logging_mixin.py:188} INFO - [2026-09-17T14:31:38.301+0000] {dagbag.py:545} INFO - Filling up the DagBag from /opt/airflow/dags/dag_customer_rfm_dinda_c.py
[2026-09-17T14:31:38.413+0000] {processor.py:840} INFO - DAG(s) 'customer_rfm' retrieved from /opt/airflow/dags/dag_customer_rfm_dinda_c.py
[2026-09-17T14:31:38.552+0000] {logging_mixin.py:188} INFO - [2026-09-17T14:31:38.551+0000] {dag.py:3089} INFO - Sync 1 DAGs
[2026-09-17T14:31:38.675+0000] {logging_mixin.py:188} INFO - [2026-09-17T14:31:38.674+0000] {dag.py:3947} INFO - Setting next_dagrun for customer_rfm to 2026-09-17 00:00:00+00:00, run_after=2026-09-18 00:00:00+00:00
[2026-09-17T14:31:38.748+0000] {processor.py:183} INFO - Processing /opt/airflow/dags/dag_customer_rfm_dinda_c.py took 0.506 seconds
[2026-09-17T14:32:12.620+0000] {processor.py:161} INFO - Started process (PID=1071) to work on /opt/airflow/dags/dag_customer_rfm_dinda_c.py
[2026-09-17T14:32:12.621+0000] {processor.py:830} INFO - Processing file /opt/airflow/dags/dag_customer_rfm_dinda_c.py for tasks to queue
[2026-09-17T14:32:12.622+0000] {logging_mixin.py:188} INFO - [2026-09-17T14:32:12.622+0000] {dagbag.py:545} INFO - Filling up the DagBag from /opt/airflow/dags/dag_customer_rfm_dinda_c.py
[2026-09-17T14:32:12.649+0000] {processor.py:840} INFO - DAG(s) 'customer_rfm' retrieved from /opt/airflow/dags/dag_customer_rfm_dinda_c.py
[2026-09-17T14:32:12.685+0000] {logging_mixin.py:188} INFO - [2026-09-17T14:32:12.685+0000] {dag.py:3089} INFO - Sync 1 DAGs
[2026-09-17T14:32:12.715+0000] {logging_mixin.py:188} INFO - [2026-09-17T14:32:12.715+0000] {dag.py:3947} INFO - Setting next_dagrun for customer_rfm to 2026-09-17 00:00:00+00:00, run_after=2026-09-18 00:00:00+00:00
[2026-09-17T14:32:12.734+0000] {processor.py:183} INFO - Processing /opt/airflow/dags/dag_customer_rfm_dinda_c.py took 0.119 seconds
[2026-09-17T14:32:42.793+0000] {processor.py:161} INFO - Started process (PID=1076) to work on /opt/airflow/dags/dag_customer_rfm_dinda_c.py
[2026-09-17T14:32:42.794+0000] {processor.py:830} INFO - Processing file /opt/airflow/dags/dag_customer_rfm_dinda_c.py for tasks to queue
[2026-09-17T14:32:42.796+0000] {logging_mixin.py:188} INFO - [2026-09-17T14:32:42.796+0000] {dagbag.py:545} INFO - Filling up the DagBag from /opt/airflow/dags/dag_customer_rfm_dinda_c.py
[2026-09-17T14:32:42.814+0000] {processor.py:840} INFO - DAG(s) 'customer_rfm' retrieved from /opt/airflow/dags/dag_customer_rfm_dinda_c.py
[2026-09-17T14:32:42.843+0000] {logging_mixin.py:188} INFO - [2026-09-17T14:32:42.843+0000] {dag.py:3089} INFO - Sync 1 DAGs
[2026-09-17T14:32:42.865+0000] {logging_mixin.py:188} INFO - [2026-09-17T14:32:42.864+0000] {dag.py:3947} INFO - Setting next_dagrun for customer_rfm to 2026-09-17 00:00:00+00:00, run_after=2026-09-18 00:00:00+00:00
[2026-09-17T14:32:42.881+0000] {processor.py:183} INFO - Processing /opt/airflow/dags/dag_customer_rfm_dinda_c.py took 0.093 seconds
[2026-09-17T14:33:13.283+0000] {processor.py:161} INFO - Started process (PID=1081) to work on /opt/airflow/dags/dag_customer_rfm_dinda_c.py
[2026-09-17T14:33:13.285+0000] {processor.py:830} INFO - Processing file /opt/airflow/dags/dag_customer_rfm_dinda_c.py for tasks to queue
[2026-09-17T14:33:13.288+0000] {logging_mixin.py:188} INFO - [2026-09-17T14:33:13.287+0000] {dagbag.py:545} INFO - Filling up the DagBag from /opt/airflow/dags/dag_customer_rfm_dinda_c.py
[2026-09-17T14:33:13.310+0000] {processor.py:840} INFO - DAG(s) 'customer_rfm' retrieved from /opt/airflow/dags/dag_customer_rfm_dinda_c.py
[2026-09-17T14:33:13.339+0000] {logging_mixin.py:188} INFO - [2026-09-17T14:33:13.339+0000] {dag.py:3089} INFO - Sync 1 DAGs
[2026-09-17T14:33:13.365+0000] {logging_mixin.py:188} INFO - [2026-09-17T14:33:13.365+0000] {dag.py:3947} INFO - Setting next_dagrun for customer_rfm to 2026-09-17 00:00:00+00:00, run_after=2026-09-18 00:00:00+00:00
[2026-09-17T14:33:13.387+0000] {processor.py:183} INFO - Processing /opt/airflow/dags/dag_customer_rfm_dinda_c.py took 0.110 seconds
[2026-09-17T14:33:43.688+0000] {processor.py:161} INFO - Started process (PID=1086) to work on /opt/airflow/dags/dag_customer_rfm_dinda_c.py
[2026-09-17T14:33:43.690+0000] {processor.py:830} INFO - Processing file /opt/airflow/dags/dag_customer_rfm_dinda_c.py for tasks to queue
[2026-09-17T14:33:43.692+0000] {logging_mixin.py:188} INFO - [2026-09-17T14:33:43.691+0000] {dagbag.py:545} INFO - Filling up the DagBag from /opt/airflow/dags/dag_customer_rfm_dinda_c.py
[2026-09-17T14:33:43.712+0000] {processor.py:840} INFO - DAG(s) 'customer_rfm' retrieved from /opt/airflow/dags/dag_customer_rfm_dinda_c.py
[2026-09-17T14:33:43.742+0000] {logging_mixin.py:188} INFO - [2026-09-17T14:33:43.742+0000] {dag.py:3089} INFO - Sync 1 DAGs
[2026-09-17T14:33:43.764+0000] {logging_mixin.py:188} INFO - [2026-09-17T14:33:43.764+0000] {dag.py:3947} INFO - Setting next_dagrun for customer_rfm to 2026-09-17 00:00:00+00:00, run_after=2026-09-18 00:00:00+00:00
[2026-09-17T14:33:43.785+0000] {processor.py:183} INFO - Processing /opt/airflow/dags/dag_customer_rfm_dinda_c.py took 0.103 seconds
[2026-09-17T14:34:14.187+0000] {processor.py:161} INFO - Started process (PID=1091) to work on /opt/airflow/dags/dag_customer_rfm_dinda_c.py
[2026-09-17T14:34:14.188+0000] {processor.py:830} INFO - Processing file /opt/airflow/dags/dag_customer_rfm_dinda_c.py for tasks to queue
[2026-09-17T14:34:14.191+0000] {logging_mixin.py:188} INFO - [2026-09-17T14:34:14.190+0000] {dagbag.py:545} INFO - Filling up the DagBag from /opt/airflow/dags/dag_customer_rfm_dinda_c.py
[2026-09-17T14:34:14.213+0000] {processor.py:840} INFO - DAG(s) 'customer_rfm' retrieved from /opt/airflow/dags/dag_customer_rfm_dinda_c.py
[2026-09-17T14:34:14.242+0000] {logging_mixin.py:188} INFO - [2026-09-17T14:34:14.242+0000] {dag.py:3089} INFO - Sync 1 DAGs
[2026-09-17T14:34:14.266+0000] {logging_mixin.py:188} INFO - [2026-09-17T14:34:14.265+0000] {dag.py:3947} INFO - Setting next_dagrun for customer_rfm to 2026-09-17 00:00:00+00:00, run_after=2026-09-18 00:00:00+00:00
[2026-09-17T14:34:14.284+0000] {processor.py:183} INFO - Processing /opt/airflow/dags/dag_customer_rfm_dinda_c.py took 0.103 seconds
[2026-09-17T14:34:44.798+0000] {processor.py:161} INFO - Started process (PID=1096) to work on /opt/airflow/dags/dag_customer_rfm_dinda_c.py
[2026-09-17T14:34:44.800+0000] {processor.py:830} INFO - Processing file /opt/airflow/dags/dag_customer_rfm_dinda_c.py for tasks to queue
[2026-09-17T14:34:44.802+0000] {logging_mixin.py:188} INFO - [2026-09-17T14:34:44.801+0000] {dagbag.py:545} INFO - Filling up the DagBag from /opt/airflow/dags/dag_customer_rfm_dinda_c.py
[2026-09-17T14:34:44.823+0000] {processor.py:840} INFO - DAG(s) 'customer_rfm' retrieved from /opt/airflow/dags/dag_customer_rfm_dinda_c.py
[2026-09-17T14:34:44.854+0000] {logging_mixin.py:188} INFO - [2026-09-17T14:34:44.854+0000] {dag.py:3089} INFO - Sync 1 DAGs
[2026-09-17T14:34:44.877+0000] {logging_mixin.py:188} INFO - [2026-09-17T14:34:44.877+0000] {dag.py:3947} INFO - Setting next_dagrun for customer_rfm to 2026-09-17 00:00:00+00:00, run_after=2026-09-18 00:00:00+00:00
[2026-09-17T14:34:44.898+0000] {processor.py:183} INFO - Processing /opt/airflow/dags/dag_customer_rfm_dinda_c.py took 0.106 seconds
[2026-09-17T14:35:15.200+0000] {processor.py:161} INFO - Started process (PID=1101) to work on /opt/airflow/dags/dag_customer_rfm_dinda_c.py
[2026-09-17T14:35:15.201+0000] {processor.py:830} INFO - Processing file /opt/airflow/dags/dag_customer_rfm_dinda_c.py for tasks to queue
[2026-09-17T14:35:15.205+0000] {logging_mixin.py:188} INFO - [2026-09-17T14:35:15.204+0000] {dagbag.py:545} INFO - Filling up the DagBag from /opt/airflow/dags/dag_customer_rfm_dinda_c.py
[2026-09-17T14:35:15.229+0000] {processor.py:840} INFO - DAG(s) 'customer_rfm' retrieved from /opt/airflow/dags/dag_customer_rfm_dinda_c.py
[2026-09-17T14:35:15.259+0000] {logging_mixin.py:188} INFO - [2026-09-17T14:35:15.259+0000] {dag.py:3089} INFO - Sync 1 DAGs
[2026-09-17T14:35:15.281+0000] {logging_mixin.py:188} INFO - [2026-09-17T14:35:15.281+0000] {dag.py:3947} INFO - Setting next_dagrun for customer_rfm to 2026-09-17 00:00:00+00:00, run_after=2026-09-18 00:00:00+00:00
[2026-09-17T14:35:15.301+0000] {processor.py:183} INFO - Processing /opt/airflow/dags/dag_customer_rfm_dinda_c.py took 0.108 seconds
[2026-09-17T14:35:46.043+0000] {processor.py:161} INFO - Started process (PID=1106) to work on /opt/airflow/dags/dag_customer_rfm_dinda_c.py
[2026-09-17T14:35:46.043+0000] {processor.py:830} INFO - Processing file /opt/airflow/dags/dag_customer_rfm_dinda_c.py for tasks to queue
[2026-09-17T14:35:46.045+0000] {logging_mixin.py:188} INFO - [2026-09-17T14:35:46.045+0000] {dagbag.py:545} INFO - Filling up the DagBag from /opt/airflow/dags/dag_customer_rfm_dinda_c.py
[2026-09-17T14:35:46.058+0000] {processor.py:840} INFO - DAG(s) 'customer_rfm' retrieved from /opt/airflow/dags/dag_customer_rfm_dinda_c.py
[2026-09-17T14:35:46.078+0000] {logging_mixin.py:188} INFO - [2026-09-17T14:35:46.077+0000] {dag.py:3089} INFO - Sync 1 DAGs
[2026-09-17T14:35:46.092+0000] {logging_mixin.py:188} INFO - [2026-09-17T14:35:46.091+0000] {dag.py:3947} INFO - Setting next_dagrun for customer_rfm to 2026-09-17 00:00:00+00:00, run_after=2026-09-18 00:00:00+00:00
[2026-09-17T14:35:46.111+0000] {processor.py:183} INFO - Processing /opt/airflow/dags/dag_customer_rfm_dinda_c.py took 0.073 seconds
[2026-09-17T14:36:18.722+0000] {processor.py:161} INFO - Started process (PID=1111) to work on /opt/airflow/dags/dag_customer_rfm_dinda_c.py
[2026-09-17T14:36:18.723+0000] {processor.py:830} INFO - Processing file /opt/airflow/dags/dag_customer_rfm_dinda_c.py for tasks to queue
[2026-09-17T14:36:18.725+0000] {logging_mixin.py:188} INFO - [2026-09-17T14:36:18.725+0000] {dagbag.py:545} INFO - Filling up the DagBag from /opt/airflow/dags/dag_customer_rfm_dinda_c.py
[2026-09-17T14:36:18.742+0000] {processor.py:840} INFO - DAG(s) 'customer_rfm' retrieved from /opt/airflow/dags/dag_customer_rfm_dinda_c.py
[2026-09-17T14:36:18.773+0000] {logging_mixin.py:188} INFO - [2026-09-17T14:36:18.773+0000] {dag.py:3089} INFO - Sync 1 DAGs
[2026-09-17T14:36:18.794+0000] {logging_mixin.py:188} INFO - [2026-09-17T14:36:18.794+0000] {dag.py:3947} INFO - Setting next_dagrun for customer_rfm to 2026-09-17 00:00:00+00:00, run_after=2026-09-18 00:00:00+00:00
[2026-09-17T14:36:18.815+0000] {processor.py:183} INFO - Processing /opt/airflow/dags/dag_customer_rfm_dinda_c.py took 0.098 seconds
[2026-09-17T14:36:50.360+0000] {processor.py:161} INFO - Started process (PID=1116) to work on /opt/airflow/dags/dag_customer_rfm_dinda_c.py
[2026-09-17T14:36:50.362+0000] {processor.py:830} INFO - Processing file /opt/airflow/dags/dag_customer_rfm_dinda_c.py for tasks to queue
[2026-09-17T14:36:50.363+0000] {logging_mixin.py:188} INFO - [2026-09-17T14:36:50.363+0000] {dagbag.py:545} INFO - Filling up the DagBag from /opt/airflow/dags/dag_customer_rfm_dinda_c.py
[2026-09-17T14:36:50.379+0000] {processor.py:840} INFO - DAG(s) 'customer_rfm' retrieved from /opt/airflow/dags/dag_customer_rfm_dinda_c.py
[2026-09-17T14:36:50.408+0000] {logging_mixin.py:188} INFO - [2026-09-17T14:36:50.407+0000] {dag.py:3089} INFO - Sync 1 DAGs
[2026-09-17T14:36:50.429+0000] {logging_mixin.py:188} INFO - [2026-09-17T14:36:50.429+0000] {dag.py:3947} INFO - Setting next_dagrun for customer_rfm to 2026-09-17 00:00:00+00:00, run_after=2026-09-18 00:00:00+00:00
[2026-09-17T14:36:50.449+0000] {processor.py:183} INFO - Processing /opt/airflow/dags/dag_customer_rfm_dinda_c.py took 0.095 seconds
[2026-09-17T14:37:22.958+0000] {processor.py:161} INFO - Started process (PID=1121) to work on /opt/airflow/dags/dag_customer_rfm_dinda_c.py
[2026-09-17T14:37:22.960+0000] {processor.py:830} INFO - Processing file /opt/airflow/dags/dag_customer_rfm_dinda_c.py for tasks to queue
[2026-09-17T14:37:22.964+0000] {logging_mixin.py:188} INFO - [2026-09-17T14:37:22.963+0000] {dagbag.py:545} INFO - Filling up the DagBag from /opt/airflow/dags/dag_customer_rfm_dinda_c.py
[2026-09-17T14:37:23.000+0000] {processor.py:840} INFO - DAG(s) 'customer_rfm' retrieved from /opt/airflow/dags/dag_customer_rfm_dinda_c.py
[2026-09-17T14:37:23.050+0000] {logging_mixin.py:188} INFO - [2026-09-17T14:37:23.050+0000] {dag.py:3089} INFO - Sync 1 DAGs
[2026-09-17T14:37:23.084+0000] {logging_mixin.py:188} INFO - [2026-09-17T14:37:23.083+0000] {dag.py:3947} INFO - Setting next_dagrun for customer_rfm to 2026-09-17 00:00:00+00:00, run_after=2026-09-18 00:00:00+00:00
[2026-09-17T14:37:23.106+0000] {processor.py:183} INFO - Processing /opt/airflow/dags/dag_customer_rfm_dinda_c.py took 0.158 seconds
[2026-09-17T14:37:55.807+0000] {processor.py:161} INFO - Started process (PID=1126) to work on /opt/airflow/dags/dag_customer_rfm_dinda_c.py
[2026-09-17T14:37:55.809+0000] {processor.py:830} INFO - Processing file /opt/airflow/dags/dag_customer_rfm_dinda_c.py for tasks to queue
[2026-09-17T14:37:55.812+0000] {logging_mixin.py:188} INFO - [2026-09-17T14:37:55.811+0000] {dagbag.py:545} INFO - Filling up the DagBag from /opt/airflow/dags/dag_customer_rfm_dinda_c.py
[2026-09-17T14:37:55.835+0000] {processor.py:840} INFO - DAG(s) 'customer_rfm' retrieved from /opt/airflow/dags/dag_customer_rfm_dinda_c.py
[2026-09-17T14:37:55.876+0000] {logging_mixin.py:188} INFO - [2026-09-17T14:37:55.876+0000] {dag.py:3089} INFO - Sync 1 DAGs
[2026-09-17T14:37:55.902+0000] {logging_mixin.py:188} INFO - [2026-09-17T14:37:55.902+0000] {dag.py:3947} INFO - Setting next_dagrun for customer_rfm to 2026-09-17 00:00:00+00:00, run_after=2026-09-18 00:00:00+00:00
[2026-09-17T14:37:55.928+0000] {processor.py:183} INFO - Processing /opt/airflow/dags/dag_customer_rfm_dinda_c.py took 0.128 seconds
[2026-09-17T14:38:28.424+0000] {processor.py:161} INFO - Started process (PID=1131) to work on /opt/airflow/dags/dag_customer_rfm_dinda_c.py
[2026-09-17T14:38:28.426+0000] {processor.py:830} INFO - Processing file /opt/airflow/dags/dag_customer_rfm_dinda_c.py for tasks to queue
[2026-09-17T14:38:28.427+0000] {logging_mixin.py:188} INFO - [2026-09-17T14:38:28.427+0000] {dagbag.py:545} INFO - Filling up the DagBag from /opt/airflow/dags/dag_customer_rfm_dinda_c.py
[2026-09-17T14:38:28.445+0000] {processor.py:840} INFO - DAG(s) 'customer_rfm' retrieved from /opt/airflow/dags/dag_customer_rfm_dinda_c.py
[2026-09-17T14:38:28.479+0000] {logging_mixin.py:188} INFO - [2026-09-17T14:38:28.478+0000] {dag.py:3089} INFO - Sync 1 DAGs
[2026-09-17T14:38:28.506+0000] {logging_mixin.py:188} INFO - [2026-09-17T14:38:28.506+0000] {dag.py:3947} INFO - Setting next_dagrun for customer_rfm to 2026-09-17 00:00:00+00:00, run_after=2026-09-18 00:00:00+00:00
[2026-09-17T14:38:28.527+0000] {processor.py:183} INFO - Processing /opt/airflow/dags/dag_customer_rfm_dinda_c.py took 0.110 seconds
[2026-09-17T14:39:00.051+0000] {processor.py:161} INFO - Started process (PID=1136) to work on /opt/airflow/dags/dag_customer_rfm_dinda_c.py
[2026-09-17T14:39:00.052+0000] {processor.py:830} INFO - Processing file /opt/airflow/dags/dag_customer_rfm_dinda_c.py for tasks to queue
[2026-09-17T14:39:00.055+0000] {logging_mixin.py:188} INFO - [2026-09-17T14:39:00.054+0000] {dagbag.py:545} INFO - Filling up the DagBag from /opt/airflow/dags/dag_customer_rfm_dinda_c.py
[2026-09-17T14:39:00.078+0000] {processor.py:840} INFO - DAG(s) 'customer_rfm' retrieved from /opt/airflow/dags/dag_customer_rfm_dinda_c.py
[2026-09-17T14:39:00.114+0000] {logging_mixin.py:188} INFO - [2026-09-17T14:39:00.114+0000] {dag.py:3089} INFO - Sync 1 DAGs
[2026-09-17T14:39:00.138+0000] {logging_mixin.py:188} INFO - [2026-09-17T14:39:00.138+0000] {dag.py:3947} INFO - Setting next_dagrun for customer_rfm to 2026-09-17 00:00:00+00:00, run_after=2026-09-18 00:00:00+00:00
[2026-09-17T14:39:00.160+0000] {processor.py:183} INFO - Processing /opt/airflow/dags/dag_customer_rfm_dinda_c.py took 0.115 seconds
[2026-09-17T14:39:32.584+0000] {processor.py:161} INFO - Started process (PID=1141) to work on /opt/airflow/dags/dag_customer_rfm_dinda_c.py
[2026-09-17T14:39:32.585+0000] {processor.py:830} INFO - Processing file /opt/airflow/dags/dag_customer_rfm_dinda_c.py for tasks to queue
[2026-09-17T14:39:32.587+0000] {logging_mixin.py:188} INFO - [2026-09-17T14:39:32.587+0000] {dagbag.py:545} INFO - Filling up the DagBag from /opt/airflow/dags/dag_customer_rfm_dinda_c.py
[2026-09-17T14:39:32.609+0000] {processor.py:840} INFO - DAG(s) 'customer_rfm' retrieved from /opt/airflow/dags/dag_customer_rfm_dinda_c.py
[2026-09-17T14:39:32.641+0000] {logging_mixin.py:188} INFO - [2026-09-17T14:39:32.641+0000] {dag.py:3089} INFO - Sync 1 DAGs
[2026-09-17T14:39:32.666+0000] {logging_mixin.py:188} INFO - [2026-09-17T14:39:32.666+0000] {dag.py:3947} INFO - Setting next_dagrun for customer_rfm to 2026-09-17 00:00:00+00:00, run_after=2026-09-18 00:00:00+00:00
[2026-09-17T14:39:32.688+0000] {processor.py:183} INFO - Processing /opt/airflow/dags/dag_customer_rfm_dinda_c.py took 0.111 seconds
[2026-09-17T14:40:05.300+0000] {processor.py:161} INFO - Started process (PID=1146) to work on /opt/airflow/dags/dag_customer_rfm_dinda_c.py
[2026-09-17T14:40:05.302+0000] {processor.py:830} INFO - Processing file /opt/airflow/dags/dag_customer_rfm_dinda_c.py for tasks to queue
[2026-09-17T14:40:05.305+0000] {logging_mixin.py:188} INFO - [2026-09-17T14:40:05.304+0000] {dagbag.py:545} INFO - Filling up the DagBag from /opt/airflow/dags/dag_customer_rfm_dinda_c.py
[2026-09-17T14:40:05.333+0000] {processor.py:840} INFO - DAG(s) 'customer_rfm' retrieved from /opt/airflow/dags/dag_customer_rfm_dinda_c.py
[2026-09-17T14:40:05.373+0000] {logging_mixin.py:188} INFO - [2026-09-17T14:40:05.372+0000] {dag.py:3089} INFO - Sync 1 DAGs
[2026-09-17T14:40:05.401+0000] {logging_mixin.py:188} INFO - [2026-09-17T14:40:05.401+0000] {dag.py:3947} INFO - Setting next_dagrun for customer_rfm to 2026-09-17 00:00:00+00:00, run_after=2026-09-18 00:00:00+00:00
[2026-09-17T14:40:05.421+0000] {processor.py:183} INFO - Processing /opt/airflow/dags/dag_customer_rfm_dinda_c.py took 0.130 seconds
[2026-09-17T14:40:37.878+0000] {processor.py:161} INFO - Started process (PID=1151) to work on /opt/airflow/dags/dag_customer_rfm_dinda_c.py
[2026-09-17T14:40:37.879+0000] {processor.py:830} INFO - Processing file /opt/airflow/dags/dag_customer_rfm_dinda_c.py for tasks to queue
[2026-09-17T14:40:37.881+0000] {logging_mixin.py:188} INFO - [2026-09-17T14:40:37.881+0000] {dagbag.py:545} INFO - Filling up the DagBag from /opt/airflow/dags/dag_customer_rfm_dinda_c.py
[2026-09-17T14:40:37.901+0000] {processor.py:840} INFO - DAG(s) 'customer_rfm' retrieved from /opt/airflow/dags/dag_customer_rfm_dinda_c.py
[2026-09-17T14:40:37.933+0000] {logging_mixin.py:188} INFO - [2026-09-17T14:40:37.933+0000] {dag.py:3089} INFO - Sync 1 DAGs
[2026-09-17T14:40:37.958+0000] {logging_mixin.py:188} INFO - [2026-09-17T14:40:37.957+0000] {dag.py:3947} INFO - Setting next_dagrun for customer_rfm to 2026-09-17 00:00:00+00:00, run_after=2026-09-18 00:00:00+00:00
[2026-09-17T14:40:37.981+0000] {processor.py:183} INFO - Processing /opt/airflow/dags/dag_customer_rfm_dinda_c.py took 0.111 seconds
[2026-09-17T14:41:08.350+0000] {processor.py:161} INFO - Started process (PID=1156) to work on /opt/airflow/dags/dag_customer_rfm_dinda_c.py
[2026-09-17T14:41:08.350+0000] {processor.py:830} INFO - Processing file /opt/airflow/dags/dag_customer_rfm_dinda_c.py for tasks to queue
[2026-09-17T14:41:08.352+0000] {logging_mixin.py:188} INFO - [2026-09-17T14:41:08.351+0000] {dagbag.py:545} INFO - Filling up the DagBag from /opt/airflow/dags/dag_customer_rfm_dinda_c.py
[2026-09-17T14:41:08.363+0000] {processor.py:840} INFO - DAG(s) 'customer_rfm' retrieved from /opt/airflow/dags/dag_customer_rfm_dinda_c.py
[2026-09-17T14:41:08.385+0000] {logging_mixin.py:188} INFO - [2026-09-17T14:41:08.384+0000] {dag.py:3089} INFO - Sync 1 DAGs
[2026-09-17T14:41:08.400+0000] {logging_mixin.py:188} INFO - [2026-09-17T14:41:08.399+0000] {dag.py:3947} INFO - Setting next_dagrun for customer_rfm to 2026-09-17 00:00:00+00:00, run_after=2026-09-18 00:00:00+00:00
[2026-09-17T14:41:08.413+0000] {processor.py:183} INFO - Processing /opt/airflow/dags/dag_customer_rfm_dinda_c.py took 0.066 seconds
[2026-09-17T14:41:39.012+0000] {processor.py:161} INFO - Started process (PID=1161) to work on /opt/airflow/dags/dag_customer_rfm_dinda_c.py
[2026-09-17T14:41:39.013+0000] {processor.py:830} INFO - Processing file /opt/airflow/dags/dag_customer_rfm_dinda_c.py for tasks to queue
[2026-09-17T14:41:39.014+0000] {logging_mixin.py:188} INFO - [2026-09-17T14:41:39.014+0000] {dagbag.py:545} INFO - Filling up the DagBag from /opt/airflow/dags/dag_customer_rfm_dinda_c.py
[2026-09-17T14:41:39.029+0000] {processor.py:840} INFO - DAG(s) 'customer_rfm' retrieved from /opt/airflow/dags/dag_customer_rfm_dinda_c.py
[2026-09-17T14:41:39.053+0000] {logging_mixin.py:188} INFO - [2026-09-17T14:41:39.053+0000] {dag.py:3089} INFO - Sync 1 DAGs
[2026-09-17T14:41:39.076+0000] {logging_mixin.py:188} INFO - [2026-09-17T14:41:39.076+0000] {dag.py:3947} INFO - Setting next_dagrun for customer_rfm to 2026-09-17 00:00:00+00:00, run_after=2026-09-18 00:00:00+00:00
[2026-09-17T14:41:39.094+0000] {processor.py:183} INFO - Processing /opt/airflow/dags/dag_customer_rfm_dinda_c.py took 0.086 seconds
[2026-09-17T14:42:09.349+0000] {processor.py:161} INFO - Started process (PID=1166) to work on /opt/airflow/dags/dag_customer_rfm_dinda_c.py
[2026-09-17T14:42:09.350+0000] {processor.py:830} INFO - Processing file /opt/airflow/dags/dag_customer_rfm_dinda_c.py for tasks to queue
[2026-09-17T14:42:09.351+0000] {logging_mixin.py:188} INFO - [2026-09-17T14:42:09.351+0000] {dagbag.py:545} INFO - Filling up the DagBag from /opt/airflow/dags/dag_customer_rfm_dinda_c.py
[2026-09-17T14:42:09.363+0000] {processor.py:840} INFO - DAG(s) 'customer_rfm' retrieved from /opt/airflow/dags/dag_customer_rfm_dinda_c.py
[2026-09-17T14:42:09.385+0000] {logging_mixin.py:188} INFO - [2026-09-17T14:42:09.385+0000] {dag.py:3089} INFO - Sync 1 DAGs
[2026-09-17T14:42:09.401+0000] {logging_mixin.py:188} INFO - [2026-09-17T14:42:09.401+0000] {dag.py:3947} INFO - Setting next_dagrun for customer_rfm to 2026-09-17 00:00:00+00:00, run_after=2026-09-18 00:00:00+00:00
[2026-09-17T14:42:09.416+0000] {processor.py:183} INFO - Processing /opt/airflow/dags/dag_customer_rfm_dinda_c.py took 0.071 seconds
[2026-09-17T14:42:40.069+0000] {processor.py:161} INFO - Started process (PID=1171) to work on /opt/airflow/dags/dag_customer_rfm_dinda_c.py
[2026-09-17T14:42:40.070+0000] {processor.py:830} INFO - Processing file /opt/airflow/dags/dag_customer_rfm_dinda_c.py for tasks to queue
[2026-09-17T14:42:40.071+0000] {logging_mixin.py:188} INFO - [2026-09-17T14:42:40.071+0000] {dagbag.py:545} INFO - Filling up the DagBag from /opt/airflow/dags/dag_customer_rfm_dinda_c.py
[2026-09-17T14:42:40.083+0000] {processor.py:840} INFO - DAG(s) 'customer_rfm' retrieved from /opt/airflow/dags/dag_customer_rfm_dinda_c.py
[2026-09-17T14:42:40.103+0000] {logging_mixin.py:188} INFO - [2026-09-17T14:42:40.103+0000] {dag.py:3089} INFO - Sync 1 DAGs
[2026-09-17T14:42:40.118+0000] {logging_mixin.py:188} INFO - [2026-09-17T14:42:40.118+0000] {dag.py:3947} INFO - Setting next_dagrun for customer_rfm to 2026-09-17 00:00:00+00:00, run_after=2026-09-18 00:00:00+00:00
[2026-09-17T14:42:40.131+0000] {processor.py:183} INFO - Processing /opt/airflow/dags/dag_customer_rfm_dinda_c.py took 0.066 seconds
[2026-09-17T14:43:10.543+0000] {processor.py:161} INFO - Started process (PID=1176) to work on /opt/airflow/dags/dag_customer_rfm_dinda_c.py
[2026-09-17T14:43:10.543+0000] {processor.py:830} INFO - Processing file /opt/airflow/dags/dag_customer_rfm_dinda_c.py for tasks to queue
[2026-09-17T14:43:10.545+0000] {logging_mixin.py:188} INFO - [2026-09-17T14:43:10.544+0000] {dagbag.py:545} INFO - Filling up the DagBag from /opt/airflow/dags/dag_customer_rfm_dinda_c.py
[2026-09-17T14:43:10.556+0000] {processor.py:840} INFO - DAG(s) 'customer_rfm' retrieved from /opt/airflow/dags/dag_customer_rfm_dinda_c.py
[2026-09-17T14:43:10.578+0000] {logging_mixin.py:188} INFO - [2026-09-17T14:43:10.577+0000] {dag.py:3089} INFO - Sync 1 DAGs
[2026-09-17T14:43:10.593+0000] {logging_mixin.py:188} INFO - [2026-09-17T14:43:10.593+0000] {dag.py:3947} INFO - Setting next_dagrun for customer_rfm to 2026-09-17 00:00:00+00:00, run_after=2026-09-18 00:00:00+00:00
[2026-09-17T14:43:10.607+0000] {processor.py:183} INFO - Processing /opt/airflow/dags/dag_customer_rfm_dinda_c.py took 0.069 seconds
[2026-09-17T14:43:41.189+0000] {processor.py:161} INFO - Started process (PID=1181) to work on /opt/airflow/dags/dag_customer_rfm_dinda_c.py
[2026-09-17T14:43:41.190+0000] {processor.py:830} INFO - Processing file /opt/airflow/dags/dag_customer_rfm_dinda_c.py for tasks to queue
[2026-09-17T14:43:41.191+0000] {logging_mixin.py:188} INFO - [2026-09-17T14:43:41.191+0000] {dagbag.py:545} INFO - Filling up the DagBag from /opt/airflow/dags/dag_customer_rfm_dinda_c.py
[2026-09-17T14:43:41.204+0000] {processor.py:840} INFO - DAG(s) 'customer_rfm' retrieved from /opt/airflow/dags/dag_customer_rfm_dinda_c.py
[2026-09-17T14:43:41.225+0000] {logging_mixin.py:188} INFO - [2026-09-17T14:43:41.224+0000] {dag.py:3089} INFO - Sync 1 DAGs
[2026-09-17T14:43:41.240+0000] {logging_mixin.py:188} INFO - [2026-09-17T14:43:41.239+0000] {dag.py:3947} INFO - Setting next_dagrun for customer_rfm to 2026-09-17 00:00:00+00:00, run_after=2026-09-18 00:00:00+00:00
[2026-09-17T14:43:41.253+0000] {processor.py:183} INFO - Processing /opt/airflow/dags/dag_customer_rfm_dinda_c.py took 0.068 seconds
[2026-09-17T14:44:11.679+0000] {processor.py:161} INFO - Started process (PID=1186) to work on /opt/airflow/dags/dag_customer_rfm_dinda_c.py
[2026-09-17T14:44:11.679+0000] {processor.py:830} INFO - Processing file /opt/airflow/dags/dag_customer_rfm_dinda_c.py for tasks to queue
[2026-09-17T14:44:11.681+0000] {logging_mixin.py:188} INFO - [2026-09-17T14:44:11.681+0000] {dagbag.py:545} INFO - Filling up the DagBag from /opt/airflow/dags/dag_customer_rfm_dinda_c.py
[2026-09-17T14:44:11.694+0000] {processor.py:840} INFO - DAG(s) 'customer_rfm' retrieved from /opt/airflow/dags/dag_customer_rfm_dinda_c.py
[2026-09-17T14:44:11.715+0000] {logging_mixin.py:188} INFO - [2026-09-17T14:44:11.715+0000] {dag.py:3089} INFO - Sync 1 DAGs
[2026-09-17T14:44:11.732+0000] {logging_mixin.py:188} INFO - [2026-09-17T14:44:11.731+0000] {dag.py:3947} INFO - Setting next_dagrun for customer_rfm to 2026-09-17 00:00:00+00:00, run_after=2026-09-18 00:00:00+00:00
[2026-09-17T14:44:11.746+0000] {processor.py:183} INFO - Processing /opt/airflow/dags/dag_customer_rfm_dinda_c.py took 0.071 seconds
[2026-09-17T14:44:42.179+0000] {processor.py:161} INFO - Started process (PID=1191) to work on /opt/airflow/dags/dag_customer_rfm_dinda_c.py
[2026-09-17T14:44:42.180+0000] {processor.py:830} INFO - Processing file /opt/airflow/dags/dag_customer_rfm_dinda_c.py for tasks to queue
[2026-09-17T14:44:42.181+0000] {logging_mixin.py:188} INFO - [2026-09-17T14:44:42.181+0000] {dagbag.py:545} INFO - Filling up the DagBag from /opt/airflow/dags/dag_customer_rfm_dinda_c.py
[2026-09-17T14:44:42.193+0000] {processor.py:840} INFO - DAG(s) 'customer_rfm' retrieved from /opt/airflow/dags/dag_customer_rfm_dinda_c.py
[2026-09-17T14:44:42.212+0000] {logging_mixin.py:188} INFO - [2026-09-17T14:44:42.212+0000] {dag.py:3089} INFO - Sync 1 DAGs
[2026-09-17T14:44:42.227+0000] {logging_mixin.py:188} INFO - [2026-09-17T14:44:42.227+0000] {dag.py:3947} INFO - Setting next_dagrun for customer_rfm to 2026-09-17 00:00:00+00:00, run_after=2026-09-18 00:00:00+00:00
[2026-09-17T14:44:42.242+0000] {processor.py:183} INFO - Processing /opt/airflow/dags/dag_customer_rfm_dinda_c.py took 0.066 seconds
[2026-09-17T14:45:13.974+0000] {processor.py:161} INFO - Started process (PID=1196) to work on /opt/airflow/dags/dag_customer_rfm_dinda_c.py
[2026-09-17T14:45:13.975+0000] {processor.py:830} INFO - Processing file /opt/airflow/dags/dag_customer_rfm_dinda_c.py for tasks to queue
[2026-09-17T14:45:13.976+0000] {logging_mixin.py:188} INFO - [2026-09-17T14:45:13.976+0000] {dagbag.py:545} INFO - Filling up the DagBag from /opt/airflow/dags/dag_customer_rfm_dinda_c.py
[2026-09-17T14:45:13.989+0000] {processor.py:840} INFO - DAG(s) 'customer_rfm' retrieved from /opt/airflow/dags/dag_customer_rfm_dinda_c.py
[2026-09-17T14:45:14.011+0000] {logging_mixin.py:188} INFO - [2026-09-17T14:45:14.011+0000] {dag.py:3089} INFO - Sync 1 DAGs
[2026-09-17T14:45:14.026+0000] {logging_mixin.py:188} INFO - [2026-09-17T14:45:14.026+0000] {dag.py:3947} INFO - Setting next_dagrun for customer_rfm to 2026-09-17 00:00:00+00:00, run_after=2026-09-18 00:00:00+00:00
[2026-09-17T14:45:14.040+0000] {processor.py:183} INFO - Processing /opt/airflow/dags/dag_customer_rfm_dinda_c.py took 0.070 seconds
[2026-09-17T14:45:46.424+0000] {processor.py:161} INFO - Started process (PID=1201) to work on /opt/airflow/dags/dag_customer_rfm_dinda_c.py
[2026-09-17T14:45:46.425+0000] {processor.py:830} INFO - Processing file /opt/airflow/dags/dag_customer_rfm_dinda_c.py for tasks to queue
[2026-09-17T14:45:46.426+0000] {logging_mixin.py:188} INFO - [2026-09-17T14:45:46.426+0000] {dagbag.py:545} INFO - Filling up the DagBag from /opt/airflow/dags/dag_customer_rfm_dinda_c.py
[2026-09-17T14:45:46.438+0000] {processor.py:840} INFO - DAG(s) 'customer_rfm' retrieved from /opt/airflow/dags/dag_customer_rfm_dinda_c.py
[2026-09-17T14:45:46.461+0000] {logging_mixin.py:188} INFO - [2026-09-17T14:45:46.461+0000] {dag.py:3089} INFO - Sync 1 DAGs
[2026-09-17T14:45:46.476+0000] {logging_mixin.py:188} INFO - [2026-09-17T14:45:46.476+0000] {dag.py:3947} INFO - Setting next_dagrun for customer_rfm to 2026-09-17 00:00:00+00:00, run_after=2026-09-18 00:00:00+00:00
[2026-09-17T14:45:46.488+0000] {processor.py:183} INFO - Processing /opt/airflow/dags/dag_customer_rfm_dinda_c.py took 0.068 seconds
[2026-09-17T14:46:16.824+0000] {processor.py:161} INFO - Started process (PID=1206) to work on /opt/airflow/dags/dag_customer_rfm_dinda_c.py
[2026-09-17T14:46:16.824+0000] {processor.py:830} INFO - Processing file /opt/airflow/dags/dag_customer_rfm_dinda_c.py for tasks to queue
[2026-09-17T14:46:16.826+0000] {logging_mixin.py:188} INFO - [2026-09-17T14:46:16.826+0000] {dagbag.py:545} INFO - Filling up the DagBag from /opt/airflow/dags/dag_customer_rfm_dinda_c.py
[2026-09-17T14:46:16.837+0000] {processor.py:840} INFO - DAG(s) 'customer_rfm' retrieved from /opt/airflow/dags/dag_customer_rfm_dinda_c.py
[2026-09-17T14:46:16.860+0000] {logging_mixin.py:188} INFO - [2026-09-17T14:46:16.860+0000] {dag.py:3089} INFO - Sync 1 DAGs
[2026-09-17T14:46:16.877+0000] {logging_mixin.py:188} INFO - [2026-09-17T14:46:16.877+0000] {dag.py:3947} INFO - Setting next_dagrun for customer_rfm to 2026-09-17 00:00:00+00:00, run_after=2026-09-18 00:00:00+00:00
[2026-09-17T14:46:16.892+0000] {processor.py:183} INFO - Processing /opt/airflow/dags/dag_customer_rfm_dinda_c.py took 0.073 seconds
[2026-09-17T14:46:47.143+0000] {processor.py:161} INFO - Started process (PID=1211) to work on /opt/airflow/dags/dag_customer_rfm_dinda_c.py
[2026-09-17T14:46:47.143+0000] {processor.py:830} INFO - Processing file /opt/airflow/dags/dag_customer_rfm_dinda_c.py for tasks to queue
[2026-09-17T14:46:47.145+0000] {logging_mixin.py:188} INFO - [2026-09-17T14:46:47.145+0000] {dagbag.py:545} INFO - Filling up the DagBag from /opt/airflow/dags/dag_customer_rfm_dinda_c.py
[2026-09-17T14:46:47.160+0000] {processor.py:840} INFO - DAG(s) 'customer_rfm' retrieved from /opt/airflow/dags/dag_customer_rfm_dinda_c.py
[2026-09-17T14:46:47.182+0000] {logging_mixin.py:188} INFO - [2026-09-17T14:46:47.182+0000] {dag.py:3089} INFO - Sync 1 DAGs
[2026-09-17T14:46:47.198+0000] {logging_mixin.py:188} INFO - [2026-09-17T14:46:47.198+0000] {dag.py:3947} INFO - Setting next_dagrun for customer_rfm to 2026-09-17 00:00:00+00:00, run_after=2026-09-18 00:00:00+00:00
[2026-09-17T14:46:47.211+0000] {processor.py:183} INFO - Processing /opt/airflow/dags/dag_customer_rfm_dinda_c.py took 0.072 seconds
[2026-09-17T14:47:17.421+0000] {processor.py:161} INFO - Started process (PID=1216) to work on /opt/airflow/dags/dag_customer_rfm_dinda_c.py
[2026-09-17T14:47:17.422+0000] {processor.py:830} INFO - Processing file /opt/airflow/dags/dag_customer_rfm_dinda_c.py for tasks to queue
[2026-09-17T14:47:17.423+0000] {logging_mixin.py:188} INFO - [2026-09-17T14:47:17.423+0000] {dagbag.py:545} INFO - Filling up the DagBag from /opt/airflow/dags/dag_customer_rfm_dinda_c.py
[2026-09-17T14:47:17.437+0000] {processor.py:840} INFO - DAG(s) 'customer_rfm' retrieved from /opt/airflow/dags/dag_customer_rfm_dinda_c.py
[2026-09-17T14:47:17.461+0000] {logging_mixin.py:188} INFO - [2026-09-17T14:47:17.461+0000] {dag.py:3089} INFO - Sync 1 DAGs
[2026-09-17T14:47:17.478+0000] {logging_mixin.py:188} INFO - [2026-09-17T14:47:17.478+0000] {dag.py:3947} INFO - Setting next_dagrun for customer_rfm to 2026-09-17 00:00:00+00:00, run_after=2026-09-18 00:00:00+00:00
[2026-09-17T14:47:17.492+0000] {processor.py:183} INFO - Processing /opt/airflow/dags/dag_customer_rfm_dinda_c.py took 0.075 seconds
[2026-09-17T14:47:48.200+0000] {processor.py:161} INFO - Started process (PID=1221) to work on /opt/airflow/dags/dag_customer_rfm_dinda_c.py
[2026-09-17T14:47:48.200+0000] {processor.py:830} INFO - Processing file /opt/airflow/dags/dag_customer_rfm_dinda_c.py for tasks to queue
[2026-09-17T14:47:48.202+0000] {logging_mixin.py:188} INFO - [2026-09-17T14:47:48.201+0000] {dagbag.py:545} INFO - Filling up the DagBag from /opt/airflow/dags/dag_customer_rfm_dinda_c.py
[2026-09-17T14:47:48.213+0000] {processor.py:840} INFO - DAG(s) 'customer_rfm' retrieved from /opt/airflow/dags/dag_customer_rfm_dinda_c.py
[2026-09-17T14:47:48.235+0000] {logging_mixin.py:188} INFO - [2026-09-17T14:47:48.234+0000] {dag.py:3089} INFO - Sync 1 DAGs
[2026-09-17T14:47:48.251+0000] {logging_mixin.py:188} INFO - [2026-09-17T14:47:48.251+0000] {dag.py:3947} INFO - Setting next_dagrun for customer_rfm to 2026-09-17 00:00:00+00:00, run_after=2026-09-18 00:00:00+00:00
[2026-09-17T14:47:48.263+0000] {processor.py:183} INFO - Processing /opt/airflow/dags/dag_customer_rfm_dinda_c.py took 0.067 seconds
[2026-09-17T14:48:18.769+0000] {processor.py:161} INFO - Started process (PID=1226) to work on /opt/airflow/dags/dag_customer_rfm_dinda_c.py
[2026-09-17T14:48:18.770+0000] {processor.py:830} INFO - Processing file /opt/airflow/dags/dag_customer_rfm_dinda_c.py for tasks to queue
[2026-09-17T14:48:18.772+0000] {logging_mixin.py:188} INFO - [2026-09-17T14:48:18.771+0000] {dagbag.py:545} INFO - Filling up the DagBag from /opt/airflow/dags/dag_customer_rfm_dinda_c.py
[2026-09-17T14:48:18.786+0000] {processor.py:840} INFO - DAG(s) 'customer_rfm' retrieved from /opt/airflow/dags/dag_customer_rfm_dinda_c.py
[2026-09-17T14:48:18.808+0000] {logging_mixin.py:188} INFO - [2026-09-17T14:48:18.808+0000] {dag.py:3089} INFO - Sync 1 DAGs
[2026-09-17T14:48:18.823+0000] {logging_mixin.py:188} INFO - [2026-09-17T14:48:18.823+0000] {dag.py:3947} INFO - Setting next_dagrun for customer_rfm to 2026-09-17 00:00:00+00:00, run_after=2026-09-18 00:00:00+00:00
[2026-09-17T14:48:18.835+0000] {processor.py:183} INFO - Processing /opt/airflow/dags/dag_customer_rfm_dinda_c.py took 0.070 seconds
[2026-09-17T14:48:49.431+0000] {processor.py:161} INFO - Started process (PID=1231) to work on /opt/airflow/dags/dag_customer_rfm_dinda_c.py
[2026-09-17T14:48:49.432+0000] {processor.py:830} INFO - Processing file /opt/airflow/dags/dag_customer_rfm_dinda_c.py for tasks to queue
[2026-09-17T14:48:49.433+0000] {logging_mixin.py:188} INFO - [2026-09-17T14:48:49.433+0000] {dagbag.py:545} INFO - Filling up the DagBag from /opt/airflow/dags/dag_customer_rfm_dinda_c.py
[2026-09-17T14:48:49.449+0000] {processor.py:840} INFO - DAG(s) 'customer_rfm' retrieved from /opt/airflow/dags/dag_customer_rfm_dinda_c.py
[2026-09-17T14:48:49.474+0000] {logging_mixin.py:188} INFO - [2026-09-17T14:48:49.473+0000] {dag.py:3089} INFO - Sync 1 DAGs
[2026-09-17T14:48:49.490+0000] {logging_mixin.py:188} INFO - [2026-09-17T14:48:49.490+0000] {dag.py:3947} INFO - Setting next_dagrun for customer_rfm to 2026-09-17 00:00:00+00:00, run_after=2026-09-18 00:00:00+00:00
[2026-09-17T14:48:49.506+0000] {processor.py:183} INFO - Processing /opt/airflow/dags/dag_customer_rfm_dinda_c.py took 0.078 seconds
[2026-09-17T14:49:19.917+0000] {processor.py:161} INFO - Started process (PID=1236) to work on /opt/airflow/dags/dag_customer_rfm_dinda_c.py
[2026-09-17T14:49:19.918+0000] {processor.py:830} INFO - Processing file /opt/airflow/dags/dag_customer_rfm_dinda_c.py for tasks to queue
[2026-09-17T14:49:19.919+0000] {logging_mixin.py:188} INFO - [2026-09-17T14:49:19.919+0000] {dagbag.py:545} INFO - Filling up the DagBag from /opt/airflow/dags/dag_customer_rfm_dinda_c.py
[2026-09-17T14:49:19.931+0000] {processor.py:840} INFO - DAG(s) 'customer_rfm' retrieved from /opt/airflow/dags/dag_customer_rfm_dinda_c.py
[2026-09-17T14:49:19.952+0000] {logging_mixin.py:188} INFO - [2026-09-17T14:49:19.952+0000] {dag.py:3089} INFO - Sync 1 DAGs
[2026-09-17T14:49:19.968+0000] {logging_mixin.py:188} INFO - [2026-09-17T14:49:19.968+0000] {dag.py:3947} INFO - Setting next_dagrun for customer_rfm to 2026-09-17 00:00:00+00:00, run_after=2026-09-18 00:00:00+00:00
[2026-09-17T14:49:19.984+0000] {processor.py:183} INFO - Processing /opt/airflow/dags/dag_customer_rfm_dinda_c.py took 0.071 seconds
[2026-09-17T14:49:50.709+0000] {processor.py:161} INFO - Started process (PID=1241) to work on /opt/airflow/dags/dag_customer_rfm_dinda_c.py
[2026-09-17T14:49:50.710+0000] {processor.py:830} INFO - Processing file /opt/airflow/dags/dag_customer_rfm_dinda_c.py for tasks to queue
[2026-09-17T14:49:50.711+0000] {logging_mixin.py:188} INFO - [2026-09-17T14:49:50.711+0000] {dagbag.py:545} INFO - Filling up the DagBag from /opt/airflow/dags/dag_customer_rfm_dinda_c.py
[2026-09-17T14:49:50.725+0000] {processor.py:840} INFO - DAG(s) 'customer_rfm' retrieved from /opt/airflow/dags/dag_customer_rfm_dinda_c.py
[2026-09-17T14:49:50.748+0000] {logging_mixin.py:188} INFO - [2026-09-17T14:49:50.748+0000] {dag.py:3089} INFO - Sync 1 DAGs
[2026-09-17T14:49:50.764+0000] {logging_mixin.py:188} INFO - [2026-09-17T14:49:50.764+0000] {dag.py:3947} INFO - Setting next_dagrun for customer_rfm to 2026-09-17 00:00:00+00:00, run_after=2026-09-18 00:00:00+00:00
[2026-09-17T14:49:50.777+0000] {processor.py:183} INFO - Processing /opt/airflow/dags/dag_customer_rfm_dinda_c.py took 0.072 seconds
[2026-09-17T14:50:21.657+0000] {processor.py:161} INFO - Started process (PID=1246) to work on /opt/airflow/dags/dag_customer_rfm_dinda_c.py
[2026-09-17T14:50:21.658+0000] {processor.py:830} INFO - Processing file /opt/airflow/dags/dag_customer_rfm_dinda_c.py for tasks to queue
[2026-09-17T14:50:21.659+0000] {logging_mixin.py:188} INFO - [2026-09-17T14:50:21.659+0000] {dagbag.py:545} INFO - Filling up the DagBag from /opt/airflow/dags/dag_customer_rfm_dinda_c.py
[2026-09-17T14:50:21.670+0000] {processor.py:840} INFO - DAG(s) 'customer_rfm' retrieved from /opt/airflow/dags/dag_customer_rfm_dinda_c.py
[2026-09-17T14:50:21.691+0000] {logging_mixin.py:188} INFO - [2026-09-17T14:50:21.691+0000] {dag.py:3089} INFO - Sync 1 DAGs
[2026-09-17T14:50:21.709+0000] {logging_mixin.py:188} INFO - [2026-09-17T14:50:21.709+0000] {dag.py:3947} INFO - Setting next_dagrun for customer_rfm to 2026-09-17 00:00:00+00:00, run_after=2026-09-18 00:00:00+00:00
[2026-09-17T14:50:21.725+0000] {processor.py:183} INFO - Processing /opt/airflow/dags/dag_customer_rfm_dinda_c.py took 0.072 seconds
[2026-09-17T14:50:54.566+0000] {processor.py:161} INFO - Started process (PID=1251) to work on /opt/airflow/dags/dag_customer_rfm_dinda_c.py
[2026-09-17T14:50:54.567+0000] {processor.py:830} INFO - Processing file /opt/airflow/dags/dag_customer_rfm_dinda_c.py for tasks to queue
[2026-09-17T14:50:54.569+0000] {logging_mixin.py:188} INFO - [2026-09-17T14:50:54.569+0000] {dagbag.py:545} INFO - Filling up the DagBag from /opt/airflow/dags/dag_customer_rfm_dinda_c.py
[2026-09-17T14:50:54.582+0000] {processor.py:840} INFO - DAG(s) 'customer_rfm' retrieved from /opt/airflow/dags/dag_customer_rfm_dinda_c.py
[2026-09-17T14:50:54.602+0000] {logging_mixin.py:188} INFO - [2026-09-17T14:50:54.602+0000] {dag.py:3089} INFO - Sync 1 DAGs
[2026-09-17T14:50:54.617+0000] {logging_mixin.py:188} INFO - [2026-09-17T14:50:54.617+0000] {dag.py:3947} INFO - Setting next_dagrun for customer_rfm to 2026-09-17 00:00:00+00:00, run_after=2026-09-18 00:00:00+00:00
[2026-09-17T14:50:54.631+0000] {processor.py:183} INFO - Processing /opt/airflow/dags/dag_customer_rfm_dinda_c.py took 0.069 seconds
[2026-09-17T14:51:24.954+0000] {processor.py:161} INFO - Started process (PID=1256) to work on /opt/airflow/dags/dag_customer_rfm_dinda_c.py
[2026-09-17T14:51:24.955+0000] {processor.py:830} INFO - Processing file /opt/airflow/dags/dag_customer_rfm_dinda_c.py for tasks to queue
[2026-09-17T14:51:24.956+0000] {logging_mixin.py:188} INFO - [2026-09-17T14:51:24.956+0000] {dagbag.py:545} INFO - Filling up the DagBag from /opt/airflow/dags/dag_customer_rfm_dinda_c.py
[2026-09-17T14:51:24.969+0000] {processor.py:840} INFO - DAG(s) 'customer_rfm' retrieved from /opt/airflow/dags/dag_customer_rfm_dinda_c.py
[2026-09-17T14:51:24.992+0000] {logging_mixin.py:188} INFO - [2026-09-17T14:51:24.992+0000] {dag.py:3089} INFO - Sync 1 DAGs
[2026-09-17T14:51:25.010+0000] {logging_mixin.py:188} INFO - [2026-09-17T14:51:25.009+0000] {dag.py:3947} INFO - Setting next_dagrun for customer_rfm to 2026-09-17 00:00:00+00:00, run_after=2026-09-18 00:00:00+00:00
[2026-09-17T14:51:25.025+0000] {processor.py:183} INFO - Processing /opt/airflow/dags/dag_customer_rfm_dinda_c.py took 0.075 seconds
[2026-09-17T14:51:55.521+0000] {processor.py:161} INFO - Started process (PID=1261) to work on /opt/airflow/dags/dag_customer_rfm_dinda_c.py
[2026-09-17T14:51:55.522+0000] {processor.py:830} INFO - Processing file /opt/airflow/dags/dag_customer_rfm_dinda_c.py for tasks to queue
[2026-09-17T14:51:55.523+0000] {logging_mixin.py:188} INFO - [2026-09-17T14:51:55.523+0000] {dagbag.py:545} INFO - Filling up the DagBag from /opt/airflow/dags/dag_customer_rfm_dinda_c.py
[2026-09-17T14:51:55.535+0000] {processor.py:840} INFO - DAG(s) 'customer_rfm' retrieved from /opt/airflow/dags/dag_customer_rfm_dinda_c.py
[2026-09-17T14:51:55.556+0000] {logging_mixin.py:188} INFO - [2026-09-17T14:51:55.555+0000] {dag.py:3089} INFO - Sync 1 DAGs
[2026-09-17T14:51:55.572+0000] {logging_mixin.py:188} INFO - [2026-09-17T14:51:55.572+0000] {dag.py:3947} INFO - Setting next_dagrun for customer_rfm to 2026-09-17 00:00:00+00:00, run_after=2026-09-18 00:00:00+00:00
[2026-09-17T14:51:55.587+0000] {processor.py:183} INFO - Processing /opt/airflow/dags/dag_customer_rfm_dinda_c.py took 0.069 seconds
[2026-09-17T14:52:25.887+0000] {processor.py:161} INFO - Started process (PID=1266) to work on /opt/airflow/dags/dag_customer_rfm_dinda_c.py
[2026-09-17T14:52:25.888+0000] {processor.py:830} INFO - Processing file /opt/airflow/dags/dag_customer_rfm_dinda_c.py for tasks to queue
[2026-09-17T14:52:25.889+0000] {logging_mixin.py:188} INFO - [2026-09-17T14:52:25.889+0000] {dagbag.py:545} INFO - Filling up the DagBag from /opt/airflow/dags/dag_customer_rfm_dinda_c.py
[2026-09-17T14:52:25.901+0000] {processor.py:840} INFO - DAG(s) 'customer_rfm' retrieved from /opt/airflow/dags/dag_customer_rfm_dinda_c.py
[2026-09-17T14:52:25.924+0000] {logging_mixin.py:188} INFO - [2026-09-17T14:52:25.924+0000] {dag.py:3089} INFO - Sync 1 DAGs
[2026-09-17T14:52:25.940+0000] {logging_mixin.py:188} INFO - [2026-09-17T14:52:25.940+0000] {dag.py:3947} INFO - Setting next_dagrun for customer_rfm to 2026-09-17 00:00:00+00:00, run_after=2026-09-18 00:00:00+00:00
[2026-09-17T14:52:25.996+0000] {processor.py:183} INFO - Processing /opt/airflow/dags/dag_customer_rfm_dinda_c.py took 0.114 seconds
[2026-09-17T14:52:56.451+0000] {processor.py:161} INFO - Started process (PID=1271) to work on /opt/airflow/dags/dag_customer_rfm_dinda_c.py
[2026-09-17T14:52:56.452+0000] {processor.py:830} INFO - Processing file /opt/airflow/dags/dag_customer_rfm_dinda_c.py for tasks to queue
[2026-09-17T14:52:56.453+0000] {logging_mixin.py:188} INFO - [2026-09-17T14:52:56.453+0000] {dagbag.py:545} INFO - Filling up the DagBag from /opt/airflow/dags/dag_customer_rfm_dinda_c.py
[2026-09-17T14:52:56.466+0000] {processor.py:840} INFO - DAG(s) 'customer_rfm' retrieved from /opt/airflow/dags/dag_customer_rfm_dinda_c.py
[2026-09-17T14:52:56.488+0000] {logging_mixin.py:188} INFO - [2026-09-17T14:52:56.488+0000] {dag.py:3089} INFO - Sync 1 DAGs
[2026-09-17T14:52:56.504+0000] {logging_mixin.py:188} INFO - [2026-09-17T14:52:56.503+0000] {dag.py:3947} INFO - Setting next_dagrun for customer_rfm to 2026-09-17 00:00:00+00:00, run_after=2026-09-18 00:00:00+00:00
[2026-09-17T14:52:56.528+0000] {processor.py:183} INFO - Processing /opt/airflow/dags/dag_customer_rfm_dinda_c.py took 0.080 seconds
[2026-09-17T14:53:27.229+0000] {processor.py:161} INFO - Started process (PID=1276) to work on /opt/airflow/dags/dag_customer_rfm_dinda_c.py
[2026-09-17T14:53:27.230+0000] {processor.py:830} INFO - Processing file /opt/airflow/dags/dag_customer_rfm_dinda_c.py for tasks to queue
[2026-09-17T14:53:27.231+0000] {logging_mixin.py:188} INFO - [2026-09-17T14:53:27.231+0000] {dagbag.py:545} INFO - Filling up the DagBag from /opt/airflow/dags/dag_customer_rfm_dinda_c.py
[2026-09-17T14:53:27.243+0000] {processor.py:840} INFO - DAG(s) 'customer_rfm' retrieved from /opt/airflow/dags/dag_customer_rfm_dinda_c.py
[2026-09-17T14:53:27.265+0000] {logging_mixin.py:188} INFO - [2026-09-17T14:53:27.265+0000] {dag.py:3089} INFO - Sync 1 DAGs
[2026-09-17T14:53:27.281+0000] {logging_mixin.py:188} INFO - [2026-09-17T14:53:27.281+0000] {dag.py:3947} INFO - Setting next_dagrun for customer_rfm to 2026-09-17 00:00:00+00:00, run_after=2026-09-18 00:00:00+00:00
[2026-09-17T14:53:27.295+0000] {processor.py:183} INFO - Processing /opt/airflow/dags/dag_customer_rfm_dinda_c.py took 0.072 seconds
[2026-09-17T14:53:57.327+0000] {processor.py:161} INFO - Started process (PID=1281) to work on /opt/airflow/dags/dag_customer_rfm_dinda_c.py
[2026-09-17T14:53:57.328+0000] {processor.py:830} INFO - Processing file /opt/airflow/dags/dag_customer_rfm_dinda_c.py for tasks to queue
[2026-09-17T14:53:57.329+0000] {logging_mixin.py:188} INFO - [2026-09-17T14:53:57.329+0000] {dagbag.py:545} INFO - Filling up the DagBag from /opt/airflow/dags/dag_customer_rfm_dinda_c.py
[2026-09-17T14:53:57.344+0000] {processor.py:840} INFO - DAG(s) 'customer_rfm' retrieved from /opt/airflow/dags/dag_customer_rfm_dinda_c.py
[2026-09-17T14:53:57.367+0000] {logging_mixin.py:188} INFO - [2026-09-17T14:53:57.366+0000] {dag.py:3089} INFO - Sync 1 DAGs
[2026-09-17T14:53:57.382+0000] {logging_mixin.py:188} INFO - [2026-09-17T14:53:57.382+0000] {dag.py:3947} INFO - Setting next_dagrun for customer_rfm to 2026-09-17 00:00:00+00:00, run_after=2026-09-18 00:00:00+00:00
[2026-09-17T14:53:57.396+0000] {processor.py:183} INFO - Processing /opt/airflow/dags/dag_customer_rfm_dinda_c.py took 0.072 seconds
[2026-09-17T14:54:27.843+0000] {processor.py:161} INFO - Started process (PID=1286) to work on /opt/airflow/dags/dag_customer_rfm_dinda_c.py
[2026-09-17T14:54:27.843+0000] {processor.py:830} INFO - Processing file /opt/airflow/dags/dag_customer_rfm_dinda_c.py for tasks to queue
[2026-09-17T14:54:27.844+0000] {logging_mixin.py:188} INFO - [2026-09-17T14:54:27.844+0000] {dagbag.py:545} INFO - Filling up the DagBag from /opt/airflow/dags/dag_customer_rfm_dinda_c.py
[2026-09-17T14:54:27.857+0000] {processor.py:840} INFO - DAG(s) 'customer_rfm' retrieved from /opt/airflow/dags/dag_customer_rfm_dinda_c.py
[2026-09-17T14:54:27.877+0000] {logging_mixin.py:188} INFO - [2026-09-17T14:54:27.877+0000] {dag.py:3089} INFO - Sync 1 DAGs
[2026-09-17T14:54:27.890+0000] {logging_mixin.py:188} INFO - [2026-09-17T14:54:27.890+0000] {dag.py:3947} INFO - Setting next_dagrun for customer_rfm to 2026-09-17 00:00:00+00:00, run_after=2026-09-18 00:00:00+00:00
[2026-09-17T14:54:27.925+0000] {processor.py:183} INFO - Processing /opt/airflow/dags/dag_customer_rfm_dinda_c.py took 0.086 seconds
[2026-09-17T20:13:31.274+0000] {processor.py:161} INFO - Started process (PID=1291) to work on /opt/airflow/dags/dag_customer_rfm_dinda_c.py
[2026-09-17T20:13:31.275+0000] {processor.py:830} INFO - Processing file /opt/airflow/dags/dag_customer_rfm_dinda_c.py for tasks to queue
[2026-09-17T20:13:31.282+0000] {logging_mixin.py:188} INFO - [2026-09-17T20:13:31.281+0000] {dagbag.py:545} INFO - Filling up the DagBag from /opt/airflow/dags/dag_customer_rfm_dinda_c.py
[2026-09-17T20:13:31.366+0000] {processor.py:840} INFO - DAG(s) 'customer_rfm' retrieved from /opt/airflow/dags/dag_customer_rfm_dinda_c.py
[2026-09-17T20:13:31.521+0000] {logging_mixin.py:188} INFO - [2026-09-17T20:13:31.521+0000] {dag.py:3089} INFO - Sync 1 DAGs
[2026-09-17T20:13:31.676+0000] {logging_mixin.py:188} INFO - [2026-09-17T20:13:31.676+0000] {dag.py:3947} INFO - Setting next_dagrun for customer_rfm to 2026-09-17 00:00:00+00:00, run_after=2026-09-18 00:00:00+00:00
[2026-09-17T20:13:31.742+0000] {processor.py:183} INFO - Processing /opt/airflow/dags/dag_customer_rfm_dinda_c.py took 0.483 seconds
[2026-09-17T20:31:44.438+0000] {processor.py:161} INFO - Started process (PID=1296) to work on /opt/airflow/dags/dag_customer_rfm_dinda_c.py
[2026-09-17T20:31:44.439+0000] {processor.py:830} INFO - Processing file /opt/airflow/dags/dag_customer_rfm_dinda_c.py for tasks to queue
[2026-09-17T20:31:44.440+0000] {logging_mixin.py:188} INFO - [2026-09-17T20:31:44.440+0000] {dagbag.py:545} INFO - Filling up the DagBag from /opt/airflow/dags/dag_customer_rfm_dinda_c.py
[2026-09-17T20:31:44.455+0000] {processor.py:840} INFO - DAG(s) 'customer_rfm' retrieved from /opt/airflow/dags/dag_customer_rfm_dinda_c.py
[2026-09-17T20:31:44.483+0000] {logging_mixin.py:188} INFO - [2026-09-17T20:31:44.482+0000] {dag.py:3089} INFO - Sync 1 DAGs
[2026-09-17T20:31:44.499+0000] {logging_mixin.py:188} INFO - [2026-09-17T20:31:44.499+0000] {dag.py:3947} INFO - Setting next_dagrun for customer_rfm to 2026-09-17 00:00:00+00:00, run_after=2026-09-18 00:00:00+00:00
[2026-09-17T20:31:46.582+0000] {processor.py:183} INFO - Processing /opt/airflow/dags/dag_customer_rfm_dinda_c.py took 0.082 seconds
