[2026-09-17T12:45:06.363+0000] {manager.py:470} INFO - Processing files using up to 2 processes at a time 
[2026-09-17T12:45:06.364+0000] {manager.py:471} INFO - Process each file at most once every 30 seconds
[2026-09-17T12:45:06.365+0000] {manager.py:472} INFO - Checking for new files in /opt/airflow/dags every 300 seconds
[2026-09-17T12:45:06.367+0000] {manager.py:737} INFO - Searching for files in /opt/airflow/dags
[2026-09-17T12:45:06.380+0000] {manager.py:740} INFO - There are 1 files in /opt/airflow/dags
[2026-09-17T12:45:06.564+0000] {manager.py:878} INFO - 
================================================================================
DAG File Processing Stats

File Path                                        PID  Runtime      # DAGs    # Errors  Last Runtime    Last Run
---------------------------------------------  -----  ---------  --------  ----------  --------------  ----------
/opt/airflow/dags/dag_customer_rfm_dinda_c.py    172  0.04s             0           0
================================================================================
[2026-09-17T12:45:39.277+0000] {manager.py:878} INFO - 
================================================================================
DAG File Processing Stats

File Path                                      PID    Runtime      # DAGs    # Errors  Last Runtime    Last Run
---------------------------------------------  -----  ---------  --------  ----------  --------------  -------------------
/opt/airflow/dags/dag_customer_rfm_dinda_c.py                           1           0  0.11s           2026-09-17T12:45:37
================================================================================
[2026-09-17T12:46:12.135+0000] {manager.py:878} INFO - 
================================================================================
DAG File Processing Stats

File Path                                      PID    Runtime      # DAGs    # Errors  Last Runtime    Last Run
---------------------------------------------  -----  ---------  --------  ----------  --------------  -------------------
/opt/airflow/dags/dag_customer_rfm_dinda_c.py                           1           0  0.14s           2026-09-17T12:46:08
================================================================================
[2026-09-17T12:46:44.758+0000] {manager.py:878} INFO - 
================================================================================
DAG File Processing Stats

File Path                                      PID    Runtime      # DAGs    # Errors  Last Runtime    Last Run
---------------------------------------------  -----  ---------  --------  ----------  --------------  -------------------
/opt/airflow/dags/dag_customer_rfm_dinda_c.py                           1           0  0.14s           2026-09-17T12:46:38
================================================================================
[2026-09-17T12:47:17.547+0000] {manager.py:878} INFO - 
================================================================================
DAG File Processing Stats

File Path                                      PID    Runtime      # DAGs    # Errors  Last Runtime    Last Run
---------------------------------------------  -----  ---------  --------  ----------  --------------  -------------------
/opt/airflow/dags/dag_customer_rfm_dinda_c.py                           1           0  0.11s           2026-09-17T12:47:09
================================================================================
[2026-09-17T12:47:50.021+0000] {manager.py:878} INFO - 
================================================================================
DAG File Processing Stats

File Path                                      PID    Runtime      # DAGs    # Errors  Last Runtime    Last Run
---------------------------------------------  -----  ---------  --------  ----------  --------------  -------------------
/opt/airflow/dags/dag_customer_rfm_dinda_c.py                           1           0  0.13s           2026-09-17T12:47:40
================================================================================
[2026-09-17T12:48:23.053+0000] {manager.py:878} INFO - 
================================================================================
DAG File Processing Stats

File Path                                      PID    Runtime      # DAGs    # Errors  Last Runtime    Last Run
---------------------------------------------  -----  ---------  --------  ----------  --------------  -------------------
/opt/airflow/dags/dag_customer_rfm_dinda_c.py                           1           0  0.13s           2026-09-17T12:48:11
================================================================================
[2026-09-17T12:48:55.811+0000] {manager.py:878} INFO - 
================================================================================
DAG File Processing Stats

File Path                                      PID    Runtime      # DAGs    # Errors  Last Runtime    Last Run
---------------------------------------------  -----  ---------  --------  ----------  --------------  -------------------
/opt/airflow/dags/dag_customer_rfm_dinda_c.py                           1           0  0.15s           2026-09-17T12:48:41
================================================================================
[2026-09-17T12:49:29.743+0000] {manager.py:878} INFO - 
================================================================================
DAG File Processing Stats

File Path                                      PID    Runtime      # DAGs    # Errors  Last Runtime    Last Run
---------------------------------------------  -----  ---------  --------  ----------  --------------  -------------------
/opt/airflow/dags/dag_customer_rfm_dinda_c.py                           1           0  0.12s           2026-09-17T12:49:12
================================================================================
[2026-09-17T12:50:01.054+0000] {manager.py:878} INFO - 
================================================================================
DAG File Processing Stats

File Path                                      PID    Runtime      # DAGs    # Errors  Last Runtime    Last Run
---------------------------------------------  -----  ---------  --------  ----------  --------------  -------------------
/opt/airflow/dags/dag_customer_rfm_dinda_c.py                           1           0  0.15s           2026-09-17T12:49:43
================================================================================
[2026-09-17T12:50:06.810+0000] {manager.py:737} INFO - Searching for files in /opt/airflow/dags
[2026-09-17T12:50:06.835+0000] {manager.py:740} INFO - There are 1 files in /opt/airflow/dags
[2026-09-17T12:50:34.072+0000] {manager.py:878} INFO - 
================================================================================
DAG File Processing Stats

File Path                                      PID    Runtime      # DAGs    # Errors  Last Runtime    Last Run
---------------------------------------------  -----  ---------  --------  ----------  --------------  -------------------
/opt/airflow/dags/dag_customer_rfm_dinda_c.py                           1           0  0.11s           2026-09-17T12:50:14
================================================================================
[2026-09-17T12:51:06.748+0000] {manager.py:878} INFO - 
================================================================================
DAG File Processing Stats

File Path                                      PID    Runtime      # DAGs    # Errors  Last Runtime    Last Run
---------------------------------------------  -----  ---------  --------  ----------  --------------  -------------------
/opt/airflow/dags/dag_customer_rfm_dinda_c.py                           1           0  0.14s           2026-09-17T12:50:44
================================================================================
[2026-09-17T12:51:39.439+0000] {manager.py:878} INFO - 
================================================================================
DAG File Processing Stats

File Path                                      PID    Runtime      # DAGs    # Errors  Last Runtime    Last Run
---------------------------------------------  -----  ---------  --------  ----------  --------------  -------------------
/opt/airflow/dags/dag_customer_rfm_dinda_c.py                           1           0  0.11s           2026-09-17T12:51:15
================================================================================
[2026-09-17T12:52:12.301+0000] {manager.py:878} INFO - 
================================================================================
DAG File Processing Stats

File Path                                      PID    Runtime      # DAGs    # Errors  Last Runtime    Last Run
---------------------------------------------  -----  ---------  --------  ----------  --------------  -------------------
/opt/airflow/dags/dag_customer_rfm_dinda_c.py                           1           0  0.14s           2026-09-17T12:51:46
================================================================================
[2026-09-17T12:52:45.055+0000] {manager.py:878} INFO - 
================================================================================
DAG File Processing Stats

File Path                                      PID    Runtime      # DAGs    # Errors  Last Runtime    Last Run
---------------------------------------------  -----  ---------  --------  ----------  --------------  -------------------
/opt/airflow/dags/dag_customer_rfm_dinda_c.py                           1           0  0.12s           2026-09-17T12:52:16
================================================================================
[2026-09-17T12:53:17.824+0000] {manager.py:878} INFO - 
================================================================================
DAG File Processing Stats

File Path                                      PID    Runtime      # DAGs    # Errors  Last Runtime    Last Run
---------------------------------------------  -----  ---------  --------  ----------  --------------  -------------------
/opt/airflow/dags/dag_customer_rfm_dinda_c.py                           1           0  0.12s           2026-09-17T12:52:49
================================================================================
[2026-09-17T12:53:50.341+0000] {manager.py:878} INFO - 
================================================================================
DAG File Processing Stats

File Path                                      PID    Runtime      # DAGs    # Errors  Last Runtime    Last Run
---------------------------------------------  -----  ---------  --------  ----------  --------------  -------------------
/opt/airflow/dags/dag_customer_rfm_dinda_c.py                           1           0  0.11s           2026-09-17T12:53:22
================================================================================
[2026-09-17T12:54:24.888+0000] {manager.py:878} INFO - 
================================================================================
DAG File Processing Stats

File Path                                      PID    Runtime      # DAGs    # Errors  Last Runtime    Last Run
---------------------------------------------  -----  ---------  --------  ----------  --------------  -------------------
/opt/airflow/dags/dag_customer_rfm_dinda_c.py                           1           0  0.15s           2026-09-17T12:54:23
================================================================================
[2026-09-17T12:54:56.027+0000] {manager.py:878} INFO - 
================================================================================
DAG File Processing Stats

File Path                                      PID    Runtime      # DAGs    # Errors  Last Runtime    Last Run
---------------------------------------------  -----  ---------  --------  ----------  --------------  -------------------
/opt/airflow/dags/dag_customer_rfm_dinda_c.py                           1           0  0.13s           2026-09-17T12:54:54
================================================================================
[2026-09-17T12:55:06.878+0000] {manager.py:737} INFO - Searching for files in /opt/airflow/dags
[2026-09-17T12:55:06.897+0000] {manager.py:740} INFO - There are 1 files in /opt/airflow/dags
[2026-09-17T12:55:29.293+0000] {manager.py:878} INFO - 
================================================================================
DAG File Processing Stats

File Path                                      PID    Runtime      # DAGs    # Errors  Last Runtime    Last Run
---------------------------------------------  -----  ---------  --------  ----------  --------------  -------------------
/opt/airflow/dags/dag_customer_rfm_dinda_c.py                           1           0  0.12s           2026-09-17T12:55:24
================================================================================
[2026-09-17T12:56:01.953+0000] {manager.py:878} INFO - 
================================================================================
DAG File Processing Stats

File Path                                      PID    Runtime      # DAGs    # Errors  Last Runtime    Last Run
---------------------------------------------  -----  ---------  --------  ----------  --------------  -------------------
/opt/airflow/dags/dag_customer_rfm_dinda_c.py                           1           0  0.11s           2026-09-17T12:55:55
================================================================================
[2026-09-17T12:56:36.809+0000] {manager.py:878} INFO - 
================================================================================
DAG File Processing Stats

File Path                                      PID    Runtime      # DAGs    # Errors  Last Runtime    Last Run
---------------------------------------------  -----  ---------  --------  ----------  --------------  -------------------
/opt/airflow/dags/dag_customer_rfm_dinda_c.py                           1           0  0.09s           2026-09-17T12:56:26
================================================================================
[2026-09-17T12:57:09.532+0000] {manager.py:878} INFO - 
================================================================================
DAG File Processing Stats

File Path                                      PID    Runtime      # DAGs    # Errors  Last Runtime    Last Run
---------------------------------------------  -----  ---------  --------  ----------  --------------  -------------------
/opt/airflow/dags/dag_customer_rfm_dinda_c.py                           1           0  0.11s           2026-09-17T12:56:57
================================================================================
[2026-09-17T12:57:42.316+0000] {manager.py:878} INFO - 
================================================================================
DAG File Processing Stats

File Path                                      PID    Runtime      # DAGs    # Errors  Last Runtime    Last Run
---------------------------------------------  -----  ---------  --------  ----------  --------------  -------------------
/opt/airflow/dags/dag_customer_rfm_dinda_c.py                           1           0  0.11s           2026-09-17T12:57:27
================================================================================
[2026-09-17T12:58:14.957+0000] {manager.py:878} INFO - 
================================================================================
DAG File Processing Stats

File Path                                      PID    Runtime      # DAGs    # Errors  Last Runtime    Last Run
---------------------------------------------  -----  ---------  --------  ----------  --------------  -------------------
/opt/airflow/dags/dag_customer_rfm_dinda_c.py                           1           0  0.11s           2026-09-17T12:57:58
================================================================================
[2026-09-17T12:58:47.824+0000] {manager.py:878} INFO - 
================================================================================
DAG File Processing Stats

File Path                                      PID    Runtime      # DAGs    # Errors  Last Runtime    Last Run
---------------------------------------------  -----  ---------  --------  ----------  --------------  -------------------
/opt/airflow/dags/dag_customer_rfm_dinda_c.py                           1           0  0.11s           2026-09-17T12:58:29
================================================================================
[2026-09-17T12:59:20.314+0000] {manager.py:878} INFO - 
================================================================================
DAG File Processing Stats

File Path                                      PID    Runtime      # DAGs    # Errors  Last Runtime    Last Run
---------------------------------------------  -----  ---------  --------  ----------  --------------  -------------------
/opt/airflow/dags/dag_customer_rfm_dinda_c.py                           1           0  0.12s           2026-09-17T12:59:00
================================================================================
[2026-09-17T12:59:53.364+0000] {manager.py:878} INFO - 
================================================================================
DAG File Processing Stats

File Path                                      PID    Runtime      # DAGs    # Errors  Last Runtime    Last Run
---------------------------------------------  -----  ---------  --------  ----------  --------------  -------------------
/opt/airflow/dags/dag_customer_rfm_dinda_c.py                           1           0  0.13s           2026-09-17T12:59:30
================================================================================
[2026-09-17T13:00:07.493+0000] {manager.py:737} INFO - Searching for files in /opt/airflow/dags
[2026-09-17T13:00:07.509+0000] {manager.py:740} INFO - There are 1 files in /opt/airflow/dags
[2026-09-17T13:00:26.115+0000] {manager.py:878} INFO - 
================================================================================
DAG File Processing Stats

File Path                                      PID    Runtime      # DAGs    # Errors  Last Runtime    Last Run
---------------------------------------------  -----  ---------  --------  ----------  --------------  -------------------
/opt/airflow/dags/dag_customer_rfm_dinda_c.py                           1           0  0.10s           2026-09-17T13:00:01
================================================================================
[2026-09-17T13:00:58.783+0000] {manager.py:878} INFO - 
================================================================================
DAG File Processing Stats

File Path                                      PID    Runtime      # DAGs    # Errors  Last Runtime    Last Run
---------------------------------------------  -----  ---------  --------  ----------  --------------  -------------------
/opt/airflow/dags/dag_customer_rfm_dinda_c.py                           1           0  0.12s           2026-09-17T13:00:32
================================================================================
[2026-09-17T13:01:31.438+0000] {manager.py:878} INFO - 
================================================================================
DAG File Processing Stats

File Path                                      PID    Runtime      # DAGs    # Errors  Last Runtime    Last Run
---------------------------------------------  -----  ---------  --------  ----------  --------------  -------------------
/opt/airflow/dags/dag_customer_rfm_dinda_c.py                           1           0  0.14s           2026-09-17T13:01:02
================================================================================
[2026-09-17T13:02:04.203+0000] {manager.py:878} INFO - 
================================================================================
DAG File Processing Stats

File Path                                        PID  Runtime      # DAGs    # Errors  Last Runtime    Last Run
---------------------------------------------  -----  ---------  --------  ----------  --------------  -------------------
/opt/airflow/dags/dag_customer_rfm_dinda_c.py    355  0.01s             1           0  0.13s           2026-09-17T13:01:33
================================================================================
[2026-09-17T13:02:36.926+0000] {manager.py:878} INFO - 
================================================================================
DAG File Processing Stats

File Path                                      PID    Runtime      # DAGs    # Errors  Last Runtime    Last Run
---------------------------------------------  -----  ---------  --------  ----------  --------------  -------------------
/opt/airflow/dags/dag_customer_rfm_dinda_c.py                           1           0  0.12s           2026-09-17T13:02:34
================================================================================
[2026-09-17T13:03:09.684+0000] {manager.py:878} INFO - 
================================================================================
DAG File Processing Stats

File Path                                      PID    Runtime      # DAGs    # Errors  Last Runtime    Last Run
---------------------------------------------  -----  ---------  --------  ----------  --------------  -------------------
/opt/airflow/dags/dag_customer_rfm_dinda_c.py                           1           0  0.15s           2026-09-17T13:03:06
================================================================================
[2026-09-17T13:03:42.124+0000] {manager.py:878} INFO - 
================================================================================
DAG File Processing Stats

File Path                                      PID    Runtime      # DAGs    # Errors  Last Runtime    Last Run
---------------------------------------------  -----  ---------  --------  ----------  --------------  -------------------
/opt/airflow/dags/dag_customer_rfm_dinda_c.py                           1           0  0.12s           2026-09-17T13:03:39
================================================================================
[2026-09-17T13:04:14.916+0000] {manager.py:878} INFO - 
================================================================================
DAG File Processing Stats

File Path                                      PID    Runtime      # DAGs    # Errors  Last Runtime    Last Run
---------------------------------------------  -----  ---------  --------  ----------  --------------  -------------------
/opt/airflow/dags/dag_customer_rfm_dinda_c.py                           1           0  0.14s           2026-09-17T13:04:12
================================================================================
[2026-09-17T13:04:47.606+0000] {manager.py:878} INFO - 
================================================================================
DAG File Processing Stats

File Path                                      PID    Runtime      # DAGs    # Errors  Last Runtime    Last Run
---------------------------------------------  -----  ---------  --------  ----------  --------------  -------------------
/opt/airflow/dags/dag_customer_rfm_dinda_c.py                           1           0  0.14s           2026-09-17T13:04:43
================================================================================
[2026-09-17T13:04:53.735+0000] {manager.py:452} INFO - Exiting gracefully upon receiving signal 15
[2026-09-17T13:05:10.843+0000] {manager.py:470} INFO - Processing files using up to 2 processes at a time 
[2026-09-17T13:05:10.844+0000] {manager.py:471} INFO - Process each file at most once every 30 seconds
[2026-09-17T13:05:10.845+0000] {manager.py:472} INFO - Checking for new files in /opt/airflow/dags every 300 seconds
[2026-09-17T13:05:10.846+0000] {manager.py:737} INFO - Searching for files in /opt/airflow/dags
[2026-09-17T13:05:10.863+0000] {manager.py:740} INFO - There are 1 files in /opt/airflow/dags
[2026-09-17T13:05:11.066+0000] {manager.py:878} INFO - 
================================================================================
DAG File Processing Stats

File Path                                        PID  Runtime      # DAGs    # Errors  Last Runtime    Last Run
---------------------------------------------  -----  ---------  --------  ----------  --------------  ----------
/opt/airflow/dags/dag_customer_rfm_dinda_c.py    172  0.06s             0           0
================================================================================
[2026-09-17T13:05:43.816+0000] {manager.py:878} INFO - 
================================================================================
DAG File Processing Stats

File Path                                      PID    Runtime      # DAGs    # Errors  Last Runtime    Last Run
---------------------------------------------  -----  ---------  --------  ----------  --------------  -------------------
/opt/airflow/dags/dag_customer_rfm_dinda_c.py                           1           0  0.26s           2026-09-17T13:05:41
================================================================================
[2026-09-17T13:06:16.108+0000] {manager.py:878} INFO - 
================================================================================
DAG File Processing Stats

File Path                                      PID    Runtime      # DAGs    # Errors  Last Runtime    Last Run
---------------------------------------------  -----  ---------  --------  ----------  --------------  -------------------
/opt/airflow/dags/dag_customer_rfm_dinda_c.py                           1           0  0.14s           2026-09-17T13:06:12
================================================================================
[2026-09-17T13:06:49.001+0000] {manager.py:878} INFO - 
================================================================================
DAG File Processing Stats

File Path                                      PID    Runtime      # DAGs    # Errors  Last Runtime    Last Run
---------------------------------------------  -----  ---------  --------  ----------  --------------  -------------------
/opt/airflow/dags/dag_customer_rfm_dinda_c.py                           1           0  0.12s           2026-09-17T13:06:43
================================================================================
[2026-09-17T13:07:21.608+0000] {manager.py:878} INFO - 
================================================================================
DAG File Processing Stats

File Path                                      PID    Runtime      # DAGs    # Errors  Last Runtime    Last Run
---------------------------------------------  -----  ---------  --------  ----------  --------------  -------------------
/opt/airflow/dags/dag_customer_rfm_dinda_c.py                           1           0  0.13s           2026-09-17T13:07:13
================================================================================
[2026-09-17T13:07:54.633+0000] {manager.py:878} INFO - 
================================================================================
DAG File Processing Stats

File Path                                      PID    Runtime      # DAGs    # Errors  Last Runtime    Last Run
---------------------------------------------  -----  ---------  --------  ----------  --------------  -------------------
/opt/airflow/dags/dag_customer_rfm_dinda_c.py                           1           0  0.13s           2026-09-17T13:07:44
================================================================================
[2026-09-17T13:08:27.294+0000] {manager.py:878} INFO - 
================================================================================
DAG File Processing Stats

File Path                                      PID    Runtime      # DAGs    # Errors  Last Runtime    Last Run
---------------------------------------------  -----  ---------  --------  ----------  --------------  -------------------
/opt/airflow/dags/dag_customer_rfm_dinda_c.py                           1           0  0.13s           2026-09-17T13:08:15
================================================================================
[2026-09-17T13:08:59.712+0000] {manager.py:878} INFO - 
================================================================================
DAG File Processing Stats

File Path                                      PID    Runtime      # DAGs    # Errors  Last Runtime    Last Run
---------------------------------------------  -----  ---------  --------  ----------  --------------  -------------------
/opt/airflow/dags/dag_customer_rfm_dinda_c.py                           1           0  0.12s           2026-09-17T13:08:45
================================================================================
[2026-09-17T13:09:32.323+0000] {manager.py:878} INFO - 
================================================================================
DAG File Processing Stats

File Path                                      PID    Runtime      # DAGs    # Errors  Last Runtime    Last Run
---------------------------------------------  -----  ---------  --------  ----------  --------------  -------------------
/opt/airflow/dags/dag_customer_rfm_dinda_c.py                           1           0  0.13s           2026-09-17T13:09:16
================================================================================
[2026-09-17T13:10:04.934+0000] {manager.py:878} INFO - 
================================================================================
DAG File Processing Stats

File Path                                      PID    Runtime      # DAGs    # Errors  Last Runtime    Last Run
---------------------------------------------  -----  ---------  --------  ----------  --------------  -------------------
/opt/airflow/dags/dag_customer_rfm_dinda_c.py                           1           0  0.13s           2026-09-17T13:09:46
================================================================================
[2026-09-17T13:10:11.111+0000] {manager.py:737} INFO - Searching for files in /opt/airflow/dags
[2026-09-17T13:10:11.125+0000] {manager.py:740} INFO - There are 1 files in /opt/airflow/dags
[2026-09-17T13:10:39.728+0000] {manager.py:878} INFO - 
================================================================================
DAG File Processing Stats

File Path                                      PID    Runtime      # DAGs    # Errors  Last Runtime    Last Run
---------------------------------------------  -----  ---------  --------  ----------  --------------  -------------------
/opt/airflow/dags/dag_customer_rfm_dinda_c.py                           1           0  0.11s           2026-09-17T13:10:17
================================================================================
[2026-09-17T13:11:12.253+0000] {manager.py:878} INFO - 
================================================================================
DAG File Processing Stats

File Path                                      PID    Runtime      # DAGs    # Errors  Last Runtime    Last Run
---------------------------------------------  -----  ---------  --------  ----------  --------------  -------------------
/opt/airflow/dags/dag_customer_rfm_dinda_c.py                           1           0  0.13s           2026-09-17T13:10:47
================================================================================
[2026-09-17T13:11:44.887+0000] {manager.py:878} INFO - 
================================================================================
DAG File Processing Stats

File Path                                      PID    Runtime      # DAGs    # Errors  Last Runtime    Last Run
---------------------------------------------  -----  ---------  --------  ----------  --------------  -------------------
/opt/airflow/dags/dag_customer_rfm_dinda_c.py                           1           0  0.14s           2026-09-17T13:11:18
================================================================================
[2026-09-17T13:12:17.350+0000] {manager.py:878} INFO - 
================================================================================
DAG File Processing Stats

File Path                                      PID    Runtime      # DAGs    # Errors  Last Runtime    Last Run
---------------------------------------------  -----  ---------  --------  ----------  --------------  -------------------
/opt/airflow/dags/dag_customer_rfm_dinda_c.py                           1           0  0.13s           2026-09-17T13:11:49
================================================================================
[2026-09-17T13:12:47.867+0000] {manager.py:878} INFO - 
================================================================================
DAG File Processing Stats

File Path                                      PID    Runtime      # DAGs    # Errors  Last Runtime    Last Run
---------------------------------------------  -----  ---------  --------  ----------  --------------  -------------------
/opt/airflow/dags/dag_customer_rfm_dinda_c.py                           1           0  0.13s           2026-09-17T13:12:19
================================================================================
[2026-09-17T13:13:22.517+0000] {manager.py:878} INFO - 
================================================================================
DAG File Processing Stats

File Path                                      PID    Runtime      # DAGs    # Errors  Last Runtime    Last Run
---------------------------------------------  -----  ---------  --------  ----------  --------------  -------------------
/opt/airflow/dags/dag_customer_rfm_dinda_c.py                           1           0  0.11s           2026-09-17T13:13:21
================================================================================
[2026-09-17T13:13:55.044+0000] {manager.py:878} INFO - 
================================================================================
DAG File Processing Stats

File Path                                      PID    Runtime      # DAGs    # Errors  Last Runtime    Last Run
---------------------------------------------  -----  ---------  --------  ----------  --------------  -------------------
/opt/airflow/dags/dag_customer_rfm_dinda_c.py                           1           0  0.13s           2026-09-17T13:13:54
================================================================================
[2026-09-17T13:14:27.770+0000] {manager.py:878} INFO - 
================================================================================
DAG File Processing Stats

File Path                                      PID    Runtime      # DAGs    # Errors  Last Runtime    Last Run
---------------------------------------------  -----  ---------  --------  ----------  --------------  -------------------
/opt/airflow/dags/dag_customer_rfm_dinda_c.py                           1           0  0.11s           2026-09-17T13:14:25
================================================================================
[2026-09-17T13:14:59.659+0000] {manager.py:878} INFO - 
================================================================================
DAG File Processing Stats

File Path                                      PID    Runtime      # DAGs    # Errors  Last Runtime    Last Run
---------------------------------------------  -----  ---------  --------  ----------  --------------  -------------------
/opt/airflow/dags/dag_customer_rfm_dinda_c.py                           1           0  0.11s           2026-09-17T13:14:57
================================================================================
[2026-09-17T13:15:11.736+0000] {manager.py:737} INFO - Searching for files in /opt/airflow/dags
[2026-09-17T13:15:11.746+0000] {manager.py:740} INFO - There are 1 files in /opt/airflow/dags
[2026-09-17T13:15:32.018+0000] {manager.py:878} INFO - 
================================================================================
DAG File Processing Stats

File Path                                      PID    Runtime      # DAGs    # Errors  Last Runtime    Last Run
---------------------------------------------  -----  ---------  --------  ----------  --------------  -------------------
/opt/airflow/dags/dag_customer_rfm_dinda_c.py                           1           0  0.11s           2026-09-17T13:15:30
================================================================================
[2026-09-17T13:16:04.994+0000] {manager.py:878} INFO - 
================================================================================
DAG File Processing Stats

File Path                                      PID    Runtime      # DAGs    # Errors  Last Runtime    Last Run
---------------------------------------------  -----  ---------  --------  ----------  --------------  -------------------
/opt/airflow/dags/dag_customer_rfm_dinda_c.py                           1           0  0.11s           2026-09-17T13:16:03
================================================================================
[2026-09-17T13:16:37.503+0000] {manager.py:878} INFO - 
================================================================================
DAG File Processing Stats

File Path                                      PID    Runtime      # DAGs    # Errors  Last Runtime    Last Run
---------------------------------------------  -----  ---------  --------  ----------  --------------  -------------------
/opt/airflow/dags/dag_customer_rfm_dinda_c.py                           1           0  0.14s           2026-09-17T13:16:35
================================================================================
[2026-09-17T13:17:10.486+0000] {manager.py:878} INFO - 
================================================================================
DAG File Processing Stats

File Path                                      PID    Runtime      # DAGs    # Errors  Last Runtime    Last Run
---------------------------------------------  -----  ---------  --------  ----------  --------------  -------------------
/opt/airflow/dags/dag_customer_rfm_dinda_c.py                           1           0  0.14s           2026-09-17T13:17:07
================================================================================
[2026-09-17T13:17:43.042+0000] {manager.py:878} INFO - 
================================================================================
DAG File Processing Stats

File Path                                      PID    Runtime      # DAGs    # Errors  Last Runtime    Last Run
---------------------------------------------  -----  ---------  --------  ----------  --------------  -------------------
/opt/airflow/dags/dag_customer_rfm_dinda_c.py                           1           0  0.12s           2026-09-17T13:17:40
================================================================================
[2026-09-17T13:18:15.804+0000] {manager.py:878} INFO - 
================================================================================
DAG File Processing Stats

File Path                                      PID    Runtime      # DAGs    # Errors  Last Runtime    Last Run
---------------------------------------------  -----  ---------  --------  ----------  --------------  -------------------
/opt/airflow/dags/dag_customer_rfm_dinda_c.py                           1           0  0.14s           2026-09-17T13:18:12
================================================================================
[2026-09-17T13:18:48.226+0000] {manager.py:878} INFO - 
================================================================================
DAG File Processing Stats

File Path                                      PID    Runtime      # DAGs    # Errors  Last Runtime    Last Run
---------------------------------------------  -----  ---------  --------  ----------  --------------  -------------------
/opt/airflow/dags/dag_customer_rfm_dinda_c.py                           1           0  0.14s           2026-09-17T13:18:44
================================================================================
[2026-09-17T13:19:21.188+0000] {manager.py:878} INFO - 
================================================================================
DAG File Processing Stats

File Path                                      PID    Runtime      # DAGs    # Errors  Last Runtime    Last Run
---------------------------------------------  -----  ---------  --------  ----------  --------------  -------------------
/opt/airflow/dags/dag_customer_rfm_dinda_c.py                           1           0  0.12s           2026-09-17T13:19:17
================================================================================
[2026-09-17T13:19:54.012+0000] {manager.py:878} INFO - 
================================================================================
DAG File Processing Stats

File Path                                      PID    Runtime      # DAGs    # Errors  Last Runtime    Last Run
---------------------------------------------  -----  ---------  --------  ----------  --------------  -------------------
/opt/airflow/dags/dag_customer_rfm_dinda_c.py                           1           0  0.16s           2026-09-17T13:19:50
================================================================================
[2026-09-17T13:20:12.136+0000] {manager.py:737} INFO - Searching for files in /opt/airflow/dags
[2026-09-17T13:20:12.158+0000] {manager.py:740} INFO - There are 1 files in /opt/airflow/dags
[2026-09-17T13:20:26.705+0000] {manager.py:878} INFO - 
================================================================================
DAG File Processing Stats

File Path                                      PID    Runtime      # DAGs    # Errors  Last Runtime    Last Run
---------------------------------------------  -----  ---------  --------  ----------  --------------  -------------------
/opt/airflow/dags/dag_customer_rfm_dinda_c.py                           1           0  0.14s           2026-09-17T13:20:22
================================================================================
[2026-09-17T13:20:59.350+0000] {manager.py:878} INFO - 
================================================================================
DAG File Processing Stats

File Path                                      PID    Runtime      # DAGs    # Errors  Last Runtime    Last Run
---------------------------------------------  -----  ---------  --------  ----------  --------------  -------------------
/opt/airflow/dags/dag_customer_rfm_dinda_c.py                           1           0  0.15s           2026-09-17T13:20:54
================================================================================
[2026-09-17T13:21:32.193+0000] {manager.py:878} INFO - 
================================================================================
DAG File Processing Stats

File Path                                      PID    Runtime      # DAGs    # Errors  Last Runtime    Last Run
---------------------------------------------  -----  ---------  --------  ----------  --------------  -------------------
/opt/airflow/dags/dag_customer_rfm_dinda_c.py                           1           0  0.12s           2026-09-17T13:21:27
================================================================================
[2026-09-17T13:22:04.909+0000] {manager.py:878} INFO - 
================================================================================
DAG File Processing Stats

File Path                                      PID    Runtime      # DAGs    # Errors  Last Runtime    Last Run
---------------------------------------------  -----  ---------  --------  ----------  --------------  -------------------
/opt/airflow/dags/dag_customer_rfm_dinda_c.py                           1           0  0.11s           2026-09-17T13:21:59
================================================================================
[2026-09-17T13:22:37.668+0000] {manager.py:878} INFO - 
================================================================================
DAG File Processing Stats

File Path                                      PID    Runtime      # DAGs    # Errors  Last Runtime    Last Run
---------------------------------------------  -----  ---------  --------  ----------  --------------  -------------------
/opt/airflow/dags/dag_customer_rfm_dinda_c.py                           1           0  0.14s           2026-09-17T13:22:31
================================================================================
[2026-09-17T13:23:10.523+0000] {manager.py:878} INFO - 
================================================================================
DAG File Processing Stats

File Path                                      PID    Runtime      # DAGs    # Errors  Last Runtime    Last Run
---------------------------------------------  -----  ---------  --------  ----------  --------------  -------------------
/opt/airflow/dags/dag_customer_rfm_dinda_c.py                           1           0  0.15s           2026-09-17T13:23:04
================================================================================
[2026-09-17T13:23:43.195+0000] {manager.py:878} INFO - 
================================================================================
DAG File Processing Stats

File Path                                      PID    Runtime      # DAGs    # Errors  Last Runtime    Last Run
---------------------------------------------  -----  ---------  --------  ----------  --------------  -------------------
/opt/airflow/dags/dag_customer_rfm_dinda_c.py                           1           0  0.11s           2026-09-17T13:23:37
================================================================================
[2026-09-17T13:24:15.994+0000] {manager.py:878} INFO - 
================================================================================
DAG File Processing Stats

File Path                                      PID    Runtime      # DAGs    # Errors  Last Runtime    Last Run
---------------------------------------------  -----  ---------  --------  ----------  --------------  -------------------
/opt/airflow/dags/dag_customer_rfm_dinda_c.py                           1           0  0.11s           2026-09-17T13:24:09
================================================================================
[2026-09-17T13:24:48.592+0000] {manager.py:878} INFO - 
================================================================================
DAG File Processing Stats

File Path                                      PID    Runtime      # DAGs    # Errors  Last Runtime    Last Run
---------------------------------------------  -----  ---------  --------  ----------  --------------  -------------------
/opt/airflow/dags/dag_customer_rfm_dinda_c.py                           1           0  0.10s           2026-09-17T13:24:41
================================================================================
[2026-09-17T13:25:14.516+0000] {manager.py:737} INFO - Searching for files in /opt/airflow/dags
[2026-09-17T13:25:14.537+0000] {manager.py:740} INFO - There are 1 files in /opt/airflow/dags
[2026-09-17T13:25:21.663+0000] {manager.py:878} INFO - 
================================================================================
DAG File Processing Stats

File Path                                      PID    Runtime      # DAGs    # Errors  Last Runtime    Last Run
---------------------------------------------  -----  ---------  --------  ----------  --------------  -------------------
/opt/airflow/dags/dag_customer_rfm_dinda_c.py                           1           0  0.13s           2026-09-17T13:25:14
================================================================================
[2026-09-17T13:25:54.358+0000] {manager.py:878} INFO - 
================================================================================
DAG File Processing Stats

File Path                                      PID    Runtime      # DAGs    # Errors  Last Runtime    Last Run
---------------------------------------------  -----  ---------  --------  ----------  --------------  -------------------
/opt/airflow/dags/dag_customer_rfm_dinda_c.py                           1           0  0.12s           2026-09-17T13:25:47
================================================================================
[2026-09-17T13:26:27.097+0000] {manager.py:878} INFO - 
================================================================================
DAG File Processing Stats

File Path                                      PID    Runtime      # DAGs    # Errors  Last Runtime    Last Run
---------------------------------------------  -----  ---------  --------  ----------  --------------  -------------------
/opt/airflow/dags/dag_customer_rfm_dinda_c.py                           1           0  0.11s           2026-09-17T13:26:20
================================================================================
[2026-09-17T13:26:59.764+0000] {manager.py:878} INFO - 
================================================================================
DAG File Processing Stats

File Path                                      PID    Runtime      # DAGs    # Errors  Last Runtime    Last Run
---------------------------------------------  -----  ---------  --------  ----------  --------------  -------------------
/opt/airflow/dags/dag_customer_rfm_dinda_c.py                           1           0  0.13s           2026-09-17T13:26:51
================================================================================
[2026-09-17T13:27:32.741+0000] {manager.py:878} INFO - 
================================================================================
DAG File Processing Stats

File Path                                      PID    Runtime      # DAGs    # Errors  Last Runtime    Last Run
---------------------------------------------  -----  ---------  --------  ----------  --------------  -------------------
/opt/airflow/dags/dag_customer_rfm_dinda_c.py                           1           0  0.12s           2026-09-17T13:27:24
================================================================================
[2026-09-17T13:28:05.367+0000] {manager.py:878} INFO - 
================================================================================
DAG File Processing Stats

File Path                                      PID    Runtime      # DAGs    # Errors  Last Runtime    Last Run
---------------------------------------------  -----  ---------  --------  ----------  --------------  -------------------
/opt/airflow/dags/dag_customer_rfm_dinda_c.py                           1           0  0.13s           2026-09-17T13:27:57
================================================================================
[2026-09-17T13:28:38.300+0000] {manager.py:878} INFO - 
================================================================================
DAG File Processing Stats

File Path                                      PID    Runtime      # DAGs    # Errors  Last Runtime    Last Run
---------------------------------------------  -----  ---------  --------  ----------  --------------  -------------------
/opt/airflow/dags/dag_customer_rfm_dinda_c.py                           1           0  0.14s           2026-09-17T13:28:30
================================================================================
[2026-09-17T13:29:10.738+0000] {manager.py:878} INFO - 
================================================================================
DAG File Processing Stats

File Path                                      PID    Runtime      # DAGs    # Errors  Last Runtime    Last Run
---------------------------------------------  -----  ---------  --------  ----------  --------------  -------------------
/opt/airflow/dags/dag_customer_rfm_dinda_c.py                           1           0  0.12s           2026-09-17T13:29:01
================================================================================
[2026-09-17T13:29:43.791+0000] {manager.py:878} INFO - 
================================================================================
DAG File Processing Stats

File Path                                      PID    Runtime      # DAGs    # Errors  Last Runtime    Last Run
---------------------------------------------  -----  ---------  --------  ----------  --------------  -------------------
/opt/airflow/dags/dag_customer_rfm_dinda_c.py                           1           0  0.15s           2026-09-17T13:29:34
================================================================================
[2026-09-17T13:30:14.677+0000] {manager.py:737} INFO - Searching for files in /opt/airflow/dags
[2026-09-17T13:30:14.697+0000] {manager.py:740} INFO - There are 1 files in /opt/airflow/dags
[2026-09-17T13:30:16.716+0000] {manager.py:878} INFO - 
================================================================================
DAG File Processing Stats

File Path                                      PID    Runtime      # DAGs    # Errors  Last Runtime    Last Run
---------------------------------------------  -----  ---------  --------  ----------  --------------  -------------------
/opt/airflow/dags/dag_customer_rfm_dinda_c.py                           1           0  0.12s           2026-09-17T13:30:07
================================================================================
[2026-09-17T13:30:49.477+0000] {manager.py:878} INFO - 
================================================================================
DAG File Processing Stats

File Path                                      PID    Runtime      # DAGs    # Errors  Last Runtime    Last Run
---------------------------------------------  -----  ---------  --------  ----------  --------------  -------------------
/opt/airflow/dags/dag_customer_rfm_dinda_c.py                           1           0  0.12s           2026-09-17T13:30:40
================================================================================
[2026-09-17T13:31:22.215+0000] {manager.py:878} INFO - 
================================================================================
DAG File Processing Stats

File Path                                      PID    Runtime      # DAGs    # Errors  Last Runtime    Last Run
---------------------------------------------  -----  ---------  --------  ----------  --------------  -------------------
/opt/airflow/dags/dag_customer_rfm_dinda_c.py                           1           0  0.13s           2026-09-17T13:31:12
================================================================================
[2026-09-17T13:31:55.114+0000] {manager.py:878} INFO - 
================================================================================
DAG File Processing Stats

File Path                                      PID    Runtime      # DAGs    # Errors  Last Runtime    Last Run
---------------------------------------------  -----  ---------  --------  ----------  --------------  -------------------
/opt/airflow/dags/dag_customer_rfm_dinda_c.py                           1           0  0.14s           2026-09-17T13:31:45
================================================================================
[2026-09-17T13:32:27.882+0000] {manager.py:878} INFO - 
================================================================================
DAG File Processing Stats

File Path                                      PID    Runtime      # DAGs    # Errors  Last Runtime    Last Run
---------------------------------------------  -----  ---------  --------  ----------  --------------  -------------------
/opt/airflow/dags/dag_customer_rfm_dinda_c.py                           1           0  0.13s           2026-09-17T13:32:17
================================================================================
[2026-09-17T13:33:00.600+0000] {manager.py:878} INFO - 
================================================================================
DAG File Processing Stats

File Path                                      PID    Runtime      # DAGs    # Errors  Last Runtime    Last Run
---------------------------------------------  -----  ---------  --------  ----------  --------------  -------------------
/opt/airflow/dags/dag_customer_rfm_dinda_c.py                           1           0  0.11s           2026-09-17T13:32:50
================================================================================
[2026-09-17T13:33:33.259+0000] {manager.py:878} INFO - 
================================================================================
DAG File Processing Stats

File Path                                      PID    Runtime      # DAGs    # Errors  Last Runtime    Last Run
---------------------------------------------  -----  ---------  --------  ----------  --------------  -------------------
/opt/airflow/dags/dag_customer_rfm_dinda_c.py                           1           0  0.14s           2026-09-17T13:33:18
================================================================================
[2026-09-17T13:34:06.331+0000] {manager.py:878} INFO - 
================================================================================
DAG File Processing Stats

File Path                                      PID    Runtime      # DAGs    # Errors  Last Runtime    Last Run
---------------------------------------------  -----  ---------  --------  ----------  --------------  -------------------
/opt/airflow/dags/dag_customer_rfm_dinda_c.py                           1           0  0.13s           2026-09-17T13:33:49
================================================================================
[2026-09-17T13:34:39.095+0000] {manager.py:878} INFO - 
================================================================================
DAG File Processing Stats

File Path                                      PID    Runtime      # DAGs    # Errors  Last Runtime    Last Run
---------------------------------------------  -----  ---------  --------  ----------  --------------  -------------------
/opt/airflow/dags/dag_customer_rfm_dinda_c.py                           1           0  0.11s           2026-09-17T13:34:20
================================================================================
[2026-09-17T13:35:11.885+0000] {manager.py:878} INFO - 
================================================================================
DAG File Processing Stats

File Path                                      PID    Runtime      # DAGs    # Errors  Last Runtime    Last Run
---------------------------------------------  -----  ---------  --------  ----------  --------------  -------------------
/opt/airflow/dags/dag_customer_rfm_dinda_c.py                           1           0  0.15s           2026-09-17T13:34:51
================================================================================
[2026-09-17T13:35:14.901+0000] {manager.py:737} INFO - Searching for files in /opt/airflow/dags
[2026-09-17T13:35:14.913+0000] {manager.py:740} INFO - There are 1 files in /opt/airflow/dags
[2026-09-17T13:35:44.763+0000] {manager.py:878} INFO - 
================================================================================
DAG File Processing Stats

File Path                                      PID    Runtime      # DAGs    # Errors  Last Runtime    Last Run
---------------------------------------------  -----  ---------  --------  ----------  --------------  -------------------
/opt/airflow/dags/dag_customer_rfm_dinda_c.py                           1           0  0.15s           2026-09-17T13:35:22
================================================================================
[2026-09-17T13:36:17.591+0000] {manager.py:878} INFO - 
================================================================================
DAG File Processing Stats

File Path                                      PID    Runtime      # DAGs    # Errors  Last Runtime    Last Run
---------------------------------------------  -----  ---------  --------  ----------  --------------  -------------------
/opt/airflow/dags/dag_customer_rfm_dinda_c.py                           1           0  0.13s           2026-09-17T13:35:52
================================================================================
[2026-09-17T13:36:50.325+0000] {manager.py:878} INFO - 
================================================================================
DAG File Processing Stats

File Path                                      PID    Runtime      # DAGs    # Errors  Last Runtime    Last Run
---------------------------------------------  -----  ---------  --------  ----------  --------------  -------------------
/opt/airflow/dags/dag_customer_rfm_dinda_c.py                           1           0  0.12s           2026-09-17T13:36:23
================================================================================
[2026-09-17T13:37:23.138+0000] {manager.py:878} INFO - 
================================================================================
DAG File Processing Stats

File Path                                      PID    Runtime      # DAGs    # Errors  Last Runtime    Last Run
---------------------------------------------  -----  ---------  --------  ----------  --------------  -------------------
/opt/airflow/dags/dag_customer_rfm_dinda_c.py                           1           0  0.14s           2026-09-17T13:36:54
================================================================================
[2026-09-17T13:37:56.193+0000] {manager.py:878} INFO - 
================================================================================
DAG File Processing Stats

File Path                                        PID  Runtime      # DAGs    # Errors  Last Runtime    Last Run
---------------------------------------------  -----  ---------  --------  ----------  --------------  -------------------
/opt/airflow/dags/dag_customer_rfm_dinda_c.py    543  0.00s             1           0  0.15s           2026-09-17T13:37:25
================================================================================
[2026-09-17T13:38:28.847+0000] {manager.py:878} INFO - 
================================================================================
DAG File Processing Stats

File Path                                      PID    Runtime      # DAGs    # Errors  Last Runtime    Last Run
---------------------------------------------  -----  ---------  --------  ----------  --------------  -------------------
/opt/airflow/dags/dag_customer_rfm_dinda_c.py                           1           0  0.11s           2026-09-17T13:38:26
================================================================================
[2026-09-17T13:39:01.603+0000] {manager.py:878} INFO - 
================================================================================
DAG File Processing Stats

File Path                                      PID    Runtime      # DAGs    # Errors  Last Runtime    Last Run
---------------------------------------------  -----  ---------  --------  ----------  --------------  -------------------
/opt/airflow/dags/dag_customer_rfm_dinda_c.py                           1           0  0.13s           2026-09-17T13:38:57
================================================================================
[2026-09-17T13:39:34.327+0000] {manager.py:878} INFO - 
================================================================================
DAG File Processing Stats

File Path                                      PID    Runtime      # DAGs    # Errors  Last Runtime    Last Run
---------------------------------------------  -----  ---------  --------  ----------  --------------  -------------------
/opt/airflow/dags/dag_customer_rfm_dinda_c.py                           1           0  0.15s           2026-09-17T13:39:28
================================================================================
[2026-09-17T13:40:07.221+0000] {manager.py:878} INFO - 
================================================================================
DAG File Processing Stats

File Path                                      PID    Runtime      # DAGs    # Errors  Last Runtime    Last Run
---------------------------------------------  -----  ---------  --------  ----------  --------------  -------------------
/opt/airflow/dags/dag_customer_rfm_dinda_c.py                           1           0  0.13s           2026-09-17T13:39:59
================================================================================
[2026-09-17T13:40:15.287+0000] {manager.py:737} INFO - Searching for files in /opt/airflow/dags
[2026-09-17T13:40:15.325+0000] {manager.py:740} INFO - There are 1 files in /opt/airflow/dags
[2026-09-17T13:40:40.059+0000] {manager.py:878} INFO - 
================================================================================
DAG File Processing Stats

File Path                                      PID    Runtime      # DAGs    # Errors  Last Runtime    Last Run
---------------------------------------------  -----  ---------  --------  ----------  --------------  -------------------
/opt/airflow/dags/dag_customer_rfm_dinda_c.py                           1           0  0.14s           2026-09-17T13:40:30
================================================================================
[2026-09-17T13:41:12.874+0000] {manager.py:878} INFO - 
================================================================================
DAG File Processing Stats

File Path                                      PID    Runtime      # DAGs    # Errors  Last Runtime    Last Run
---------------------------------------------  -----  ---------  --------  ----------  --------------  -------------------
/opt/airflow/dags/dag_customer_rfm_dinda_c.py                           1           0  0.12s           2026-09-17T13:41:00
================================================================================
[2026-09-17T13:41:45.516+0000] {manager.py:878} INFO - 
================================================================================
DAG File Processing Stats

File Path                                      PID    Runtime      # DAGs    # Errors  Last Runtime    Last Run
---------------------------------------------  -----  ---------  --------  ----------  --------------  -------------------
/opt/airflow/dags/dag_customer_rfm_dinda_c.py                           1           0  0.12s           2026-09-17T13:41:31
================================================================================
[2026-09-17T13:42:18.470+0000] {manager.py:878} INFO - 
================================================================================
DAG File Processing Stats

File Path                                      PID    Runtime      # DAGs    # Errors  Last Runtime    Last Run
---------------------------------------------  -----  ---------  --------  ----------  --------------  -------------------
/opt/airflow/dags/dag_customer_rfm_dinda_c.py                           1           0  0.18s           2026-09-17T13:42:03
================================================================================
[2026-09-17T13:42:51.277+0000] {manager.py:878} INFO - 
================================================================================
DAG File Processing Stats

File Path                                      PID    Runtime      # DAGs    # Errors  Last Runtime    Last Run
---------------------------------------------  -----  ---------  --------  ----------  --------------  -------------------
/opt/airflow/dags/dag_customer_rfm_dinda_c.py                           1           0  0.14s           2026-09-17T13:42:35
================================================================================
[2026-09-17T13:43:24.131+0000] {manager.py:878} INFO - 
================================================================================
DAG File Processing Stats

File Path                                      PID    Runtime      # DAGs    # Errors  Last Runtime    Last Run
---------------------------------------------  -----  ---------  --------  ----------  --------------  -------------------
/opt/airflow/dags/dag_customer_rfm_dinda_c.py                           1           0  0.11s           2026-09-17T13:43:08
================================================================================
[2026-09-17T13:43:56.581+0000] {manager.py:878} INFO - 
================================================================================
DAG File Processing Stats

File Path                                      PID    Runtime      # DAGs    # Errors  Last Runtime    Last Run
---------------------------------------------  -----  ---------  --------  ----------  --------------  -------------------
/opt/airflow/dags/dag_customer_rfm_dinda_c.py                           1           0  0.12s           2026-09-17T13:43:40
================================================================================
[2026-09-17T13:44:29.433+0000] {manager.py:878} INFO - 
================================================================================
DAG File Processing Stats

File Path                                      PID    Runtime      # DAGs    # Errors  Last Runtime    Last Run
---------------------------------------------  -----  ---------  --------  ----------  --------------  -------------------
/opt/airflow/dags/dag_customer_rfm_dinda_c.py                           1           0  0.13s           2026-09-17T13:44:13
================================================================================
[2026-09-17T13:45:02.196+0000] {manager.py:878} INFO - 
================================================================================
DAG File Processing Stats

File Path                                      PID    Runtime      # DAGs    # Errors  Last Runtime    Last Run
---------------------------------------------  -----  ---------  --------  ----------  --------------  -------------------
/opt/airflow/dags/dag_customer_rfm_dinda_c.py                           1           0  0.13s           2026-09-17T13:44:45
================================================================================
[2026-09-17T13:45:17.641+0000] {manager.py:737} INFO - Searching for files in /opt/airflow/dags
[2026-09-17T13:45:17.658+0000] {manager.py:740} INFO - There are 1 files in /opt/airflow/dags
[2026-09-17T13:45:34.884+0000] {manager.py:878} INFO - 
================================================================================
DAG File Processing Stats

File Path                                      PID    Runtime      # DAGs    # Errors  Last Runtime    Last Run
---------------------------------------------  -----  ---------  --------  ----------  --------------  -------------------
/opt/airflow/dags/dag_customer_rfm_dinda_c.py                           1           0  0.12s           2026-09-17T13:45:17
================================================================================
[2026-09-17T13:46:07.691+0000] {manager.py:878} INFO - 
================================================================================
DAG File Processing Stats

File Path                                      PID    Runtime      # DAGs    # Errors  Last Runtime    Last Run
---------------------------------------------  -----  ---------  --------  ----------  --------------  -------------------
/opt/airflow/dags/dag_customer_rfm_dinda_c.py                           1           0  0.13s           2026-09-17T13:45:50
================================================================================
[2026-09-17T13:46:40.660+0000] {manager.py:878} INFO - 
================================================================================
DAG File Processing Stats

File Path                                      PID    Runtime      # DAGs    # Errors  Last Runtime    Last Run
---------------------------------------------  -----  ---------  --------  ----------  --------------  -------------------
/opt/airflow/dags/dag_customer_rfm_dinda_c.py                           1           0  0.16s           2026-09-17T13:46:22
================================================================================
[2026-09-17T13:47:13.595+0000] {manager.py:878} INFO - 
================================================================================
DAG File Processing Stats

File Path                                      PID    Runtime      # DAGs    # Errors  Last Runtime    Last Run
---------------------------------------------  -----  ---------  --------  ----------  --------------  -------------------
/opt/airflow/dags/dag_customer_rfm_dinda_c.py                           1           0  0.15s           2026-09-17T13:46:55
================================================================================
[2026-09-17T13:47:46.268+0000] {manager.py:878} INFO - 
================================================================================
DAG File Processing Stats

File Path                                      PID    Runtime      # DAGs    # Errors  Last Runtime    Last Run
---------------------------------------------  -----  ---------  --------  ----------  --------------  -------------------
/opt/airflow/dags/dag_customer_rfm_dinda_c.py                           1           0  0.11s           2026-09-17T13:47:28
================================================================================
[2026-09-17T13:48:19.122+0000] {manager.py:878} INFO - 
================================================================================
DAG File Processing Stats

File Path                                      PID    Runtime      # DAGs    # Errors  Last Runtime    Last Run
---------------------------------------------  -----  ---------  --------  ----------  --------------  -------------------
/opt/airflow/dags/dag_customer_rfm_dinda_c.py                           1           0  0.12s           2026-09-17T13:48:01
================================================================================
[2026-09-17T13:48:51.847+0000] {manager.py:878} INFO - 
================================================================================
DAG File Processing Stats

File Path                                      PID    Runtime      # DAGs    # Errors  Last Runtime    Last Run
---------------------------------------------  -----  ---------  --------  ----------  --------------  -------------------
/opt/airflow/dags/dag_customer_rfm_dinda_c.py                           1           0  0.13s           2026-09-17T13:48:32
================================================================================
[2026-09-17T13:49:24.657+0000] {manager.py:878} INFO - 
================================================================================
DAG File Processing Stats

File Path                                      PID    Runtime      # DAGs    # Errors  Last Runtime    Last Run
---------------------------------------------  -----  ---------  --------  ----------  --------------  -------------------
/opt/airflow/dags/dag_customer_rfm_dinda_c.py                           1           0  0.14s           2026-09-17T13:49:05
================================================================================
[2026-09-17T13:49:58.527+0000] {manager.py:878} INFO - 
================================================================================
DAG File Processing Stats

File Path                                      PID    Runtime      # DAGs    # Errors  Last Runtime    Last Run
---------------------------------------------  -----  ---------  --------  ----------  --------------  -------------------
/opt/airflow/dags/dag_customer_rfm_dinda_c.py                           1           0  0.13s           2026-09-17T13:49:36
================================================================================
[2026-09-17T13:50:17.690+0000] {manager.py:737} INFO - Searching for files in /opt/airflow/dags
[2026-09-17T13:50:17.721+0000] {manager.py:740} INFO - There are 1 files in /opt/airflow/dags
[2026-09-17T13:50:29.824+0000] {manager.py:878} INFO - 
================================================================================
DAG File Processing Stats

File Path                                      PID    Runtime      # DAGs    # Errors  Last Runtime    Last Run
---------------------------------------------  -----  ---------  --------  ----------  --------------  -------------------
/opt/airflow/dags/dag_customer_rfm_dinda_c.py                           1           0  0.13s           2026-09-17T13:50:06
================================================================================
[2026-09-17T13:51:02.728+0000] {manager.py:878} INFO - 
================================================================================
DAG File Processing Stats

File Path                                      PID    Runtime      # DAGs    # Errors  Last Runtime    Last Run
---------------------------------------------  -----  ---------  --------  ----------  --------------  -------------------
/opt/airflow/dags/dag_customer_rfm_dinda_c.py                           1           0  0.12s           2026-09-17T13:50:37
================================================================================
[2026-09-17T13:51:35.534+0000] {manager.py:878} INFO - 
================================================================================
DAG File Processing Stats

File Path                                      PID    Runtime      # DAGs    # Errors  Last Runtime    Last Run
---------------------------------------------  -----  ---------  --------  ----------  --------------  -------------------
/opt/airflow/dags/dag_customer_rfm_dinda_c.py                           1           0  0.14s           2026-09-17T13:51:07
================================================================================
[2026-09-17T13:52:08.254+0000] {manager.py:878} INFO - 
================================================================================
DAG File Processing Stats

File Path                                      PID    Runtime      # DAGs    # Errors  Last Runtime    Last Run
---------------------------------------------  -----  ---------  --------  ----------  --------------  -------------------
/opt/airflow/dags/dag_customer_rfm_dinda_c.py                           1           0  0.14s           2026-09-17T13:51:38
================================================================================
[2026-09-17T13:52:41.186+0000] {manager.py:878} INFO - 
================================================================================
DAG File Processing Stats

File Path                                      PID    Runtime      # DAGs    # Errors  Last Runtime    Last Run
---------------------------------------------  -----  ---------  --------  ----------  --------------  -------------------
/opt/airflow/dags/dag_customer_rfm_dinda_c.py                           1           0  0.12s           2026-09-17T13:52:40
================================================================================
[2026-09-17T13:53:14.004+0000] {manager.py:878} INFO - 
================================================================================
DAG File Processing Stats

File Path                                      PID    Runtime      # DAGs    # Errors  Last Runtime    Last Run
---------------------------------------------  -----  ---------  --------  ----------  --------------  -------------------
/opt/airflow/dags/dag_customer_rfm_dinda_c.py                           1           0  0.13s           2026-09-17T13:53:11
================================================================================
[2026-09-17T13:53:46.779+0000] {manager.py:878} INFO - 
================================================================================
DAG File Processing Stats

File Path                                      PID    Runtime      # DAGs    # Errors  Last Runtime    Last Run
---------------------------------------------  -----  ---------  --------  ----------  --------------  -------------------
/opt/airflow/dags/dag_customer_rfm_dinda_c.py                           1           0  0.13s           2026-09-17T13:53:41
================================================================================
[2026-09-17T13:54:19.496+0000] {manager.py:878} INFO - 
================================================================================
DAG File Processing Stats

File Path                                      PID    Runtime      # DAGs    # Errors  Last Runtime    Last Run
---------------------------------------------  -----  ---------  --------  ----------  --------------  -------------------
/opt/airflow/dags/dag_customer_rfm_dinda_c.py                           1           0  0.13s           2026-09-17T13:54:12
================================================================================
[2026-09-17T13:54:51.931+0000] {manager.py:878} INFO - 
================================================================================
DAG File Processing Stats

File Path                                      PID    Runtime      # DAGs    # Errors  Last Runtime    Last Run
---------------------------------------------  -----  ---------  --------  ----------  --------------  -------------------
/opt/airflow/dags/dag_customer_rfm_dinda_c.py                           1           0  0.13s           2026-09-17T13:54:42
================================================================================
[2026-09-17T13:55:17.856+0000] {manager.py:737} INFO - Searching for files in /opt/airflow/dags
[2026-09-17T13:55:17.875+0000] {manager.py:740} INFO - There are 1 files in /opt/airflow/dags
[2026-09-17T13:55:24.938+0000] {manager.py:878} INFO - 
================================================================================
DAG File Processing Stats

File Path                                      PID    Runtime      # DAGs    # Errors  Last Runtime    Last Run
---------------------------------------------  -----  ---------  --------  ----------  --------------  -------------------
/opt/airflow/dags/dag_customer_rfm_dinda_c.py                           1           0  0.13s           2026-09-17T13:55:13
================================================================================
[2026-09-17T13:55:57.533+0000] {manager.py:878} INFO - 
================================================================================
DAG File Processing Stats

File Path                                      PID    Runtime      # DAGs    # Errors  Last Runtime    Last Run
---------------------------------------------  -----  ---------  --------  ----------  --------------  -------------------
/opt/airflow/dags/dag_customer_rfm_dinda_c.py                           1           0  0.11s           2026-09-17T13:55:44
================================================================================
[2026-09-17T13:56:30.068+0000] {manager.py:878} INFO - 
================================================================================
DAG File Processing Stats

File Path                                      PID    Runtime      # DAGs    # Errors  Last Runtime    Last Run
---------------------------------------------  -----  ---------  --------  ----------  --------------  -------------------
/opt/airflow/dags/dag_customer_rfm_dinda_c.py                           1           0  0.12s           2026-09-17T13:56:15
================================================================================
[2026-09-17T13:57:02.630+0000] {manager.py:878} INFO - 
================================================================================
DAG File Processing Stats

File Path                                      PID    Runtime      # DAGs    # Errors  Last Runtime    Last Run
---------------------------------------------  -----  ---------  --------  ----------  --------------  -------------------
/opt/airflow/dags/dag_customer_rfm_dinda_c.py                           1           0  0.11s           2026-09-17T13:56:45
================================================================================
[2026-09-17T13:57:35.160+0000] {manager.py:878} INFO - 
================================================================================
DAG File Processing Stats

File Path                                      PID    Runtime      # DAGs    # Errors  Last Runtime    Last Run
---------------------------------------------  -----  ---------  --------  ----------  --------------  -------------------
/opt/airflow/dags/dag_customer_rfm_dinda_c.py                           1           0  0.12s           2026-09-17T13:57:16
================================================================================
[2026-09-17T13:58:07.715+0000] {manager.py:878} INFO - 
================================================================================
DAG File Processing Stats

File Path                                      PID    Runtime      # DAGs    # Errors  Last Runtime    Last Run
---------------------------------------------  -----  ---------  --------  ----------  --------------  -------------------
/opt/airflow/dags/dag_customer_rfm_dinda_c.py                           1           0  0.16s           2026-09-17T13:57:46
================================================================================
[2026-09-17T13:58:40.318+0000] {manager.py:878} INFO - 
================================================================================
DAG File Processing Stats

File Path                                      PID    Runtime      # DAGs    # Errors  Last Runtime    Last Run
---------------------------------------------  -----  ---------  --------  ----------  --------------  -------------------
/opt/airflow/dags/dag_customer_rfm_dinda_c.py                           1           0  0.12s           2026-09-17T13:58:17
================================================================================
[2026-09-17T13:59:12.808+0000] {manager.py:878} INFO - 
================================================================================
DAG File Processing Stats

File Path                                      PID    Runtime      # DAGs    # Errors  Last Runtime    Last Run
---------------------------------------------  -----  ---------  --------  ----------  --------------  -------------------
/opt/airflow/dags/dag_customer_rfm_dinda_c.py                           1           0  0.13s           2026-09-17T13:58:48
================================================================================
[2026-09-17T13:59:45.477+0000] {manager.py:878} INFO - 
================================================================================
DAG File Processing Stats

File Path                                      PID    Runtime      # DAGs    # Errors  Last Runtime    Last Run
---------------------------------------------  -----  ---------  --------  ----------  --------------  -------------------
/opt/airflow/dags/dag_customer_rfm_dinda_c.py                           1           0  0.11s           2026-09-17T13:59:21
================================================================================
[2026-09-17T14:00:17.937+0000] {manager.py:737} INFO - Searching for files in /opt/airflow/dags
[2026-09-17T14:00:17.953+0000] {manager.py:740} INFO - There are 1 files in /opt/airflow/dags
[2026-09-17T14:00:17.961+0000] {manager.py:878} INFO - 
================================================================================
DAG File Processing Stats

File Path                                      PID    Runtime      # DAGs    # Errors  Last Runtime    Last Run
---------------------------------------------  -----  ---------  --------  ----------  --------------  -------------------
/opt/airflow/dags/dag_customer_rfm_dinda_c.py                           1           0  0.12s           2026-09-17T13:59:53
================================================================================
[2026-09-17T14:00:50.567+0000] {manager.py:878} INFO - 
================================================================================
DAG File Processing Stats

File Path                                        PID  Runtime      # DAGs    # Errors  Last Runtime    Last Run
---------------------------------------------  -----  ---------  --------  ----------  --------------  -------------------
/opt/airflow/dags/dag_customer_rfm_dinda_c.py    771  0.01s             1           0  0.13s           2026-09-17T14:00:20
================================================================================
[2026-09-17T14:01:23.141+0000] {manager.py:878} INFO - 
================================================================================
DAG File Processing Stats

File Path                                      PID    Runtime      # DAGs    # Errors  Last Runtime    Last Run
---------------------------------------------  -----  ---------  --------  ----------  --------------  -------------------
/opt/airflow/dags/dag_customer_rfm_dinda_c.py                           1           0  0.13s           2026-09-17T14:01:21
================================================================================
[2026-09-17T14:01:55.675+0000] {manager.py:878} INFO - 
================================================================================
DAG File Processing Stats

File Path                                      PID    Runtime      # DAGs    # Errors  Last Runtime    Last Run
---------------------------------------------  -----  ---------  --------  ----------  --------------  -------------------
/opt/airflow/dags/dag_customer_rfm_dinda_c.py                           1           0  0.15s           2026-09-17T14:01:51
================================================================================
[2026-09-17T14:02:28.176+0000] {manager.py:878} INFO - 
================================================================================
DAG File Processing Stats

File Path                                      PID    Runtime      # DAGs    # Errors  Last Runtime    Last Run
---------------------------------------------  -----  ---------  --------  ----------  --------------  -------------------
/opt/airflow/dags/dag_customer_rfm_dinda_c.py                           1           0  0.11s           2026-09-17T14:02:22
================================================================================
[2026-09-17T14:03:00.956+0000] {manager.py:878} INFO - 
================================================================================
DAG File Processing Stats

File Path                                      PID    Runtime      # DAGs    # Errors  Last Runtime    Last Run
---------------------------------------------  -----  ---------  --------  ----------  --------------  -------------------
/opt/airflow/dags/dag_customer_rfm_dinda_c.py                           1           0  0.13s           2026-09-17T14:02:52
================================================================================
[2026-09-17T14:03:33.611+0000] {manager.py:878} INFO - 
================================================================================
DAG File Processing Stats

File Path                                      PID    Runtime      # DAGs    # Errors  Last Runtime    Last Run
---------------------------------------------  -----  ---------  --------  ----------  --------------  -------------------
/opt/airflow/dags/dag_customer_rfm_dinda_c.py                           1           0  0.15s           2026-09-17T14:03:23
================================================================================
[2026-09-17T14:04:06.581+0000] {manager.py:878} INFO - 
================================================================================
DAG File Processing Stats

File Path                                      PID    Runtime      # DAGs    # Errors  Last Runtime    Last Run
---------------------------------------------  -----  ---------  --------  ----------  --------------  -------------------
/opt/airflow/dags/dag_customer_rfm_dinda_c.py                           1           0  0.12s           2026-09-17T14:03:54
================================================================================
[2026-09-17T14:04:38.994+0000] {manager.py:878} INFO - 
================================================================================
DAG File Processing Stats

File Path                                      PID    Runtime      # DAGs    # Errors  Last Runtime    Last Run
---------------------------------------------  -----  ---------  --------  ----------  --------------  -------------------
/opt/airflow/dags/dag_customer_rfm_dinda_c.py                           1           0  0.13s           2026-09-17T14:04:25
================================================================================
[2026-09-17T14:05:11.659+0000] {manager.py:878} INFO - 
================================================================================
DAG File Processing Stats

File Path                                      PID    Runtime      # DAGs    # Errors  Last Runtime    Last Run
---------------------------------------------  -----  ---------  --------  ----------  --------------  -------------------
/opt/airflow/dags/dag_customer_rfm_dinda_c.py                           1           0  0.12s           2026-09-17T14:04:55
================================================================================
[2026-09-17T14:05:18.316+0000] {manager.py:737} INFO - Searching for files in /opt/airflow/dags
[2026-09-17T14:05:18.331+0000] {manager.py:740} INFO - There are 1 files in /opt/airflow/dags
[2026-09-17T14:05:44.563+0000] {manager.py:878} INFO - 
================================================================================
DAG File Processing Stats

File Path                                      PID    Runtime      # DAGs    # Errors  Last Runtime    Last Run
---------------------------------------------  -----  ---------  --------  ----------  --------------  -------------------
/opt/airflow/dags/dag_customer_rfm_dinda_c.py                           1           0  0.14s           2026-09-17T14:05:26
================================================================================
[2026-09-17T14:06:17.267+0000] {manager.py:878} INFO - 
================================================================================
DAG File Processing Stats

File Path                                      PID    Runtime      # DAGs    # Errors  Last Runtime    Last Run
---------------------------------------------  -----  ---------  --------  ----------  --------------  -------------------
/opt/airflow/dags/dag_customer_rfm_dinda_c.py                           1           0  0.16s           2026-09-17T14:05:57
================================================================================
[2026-09-17T14:06:50.051+0000] {manager.py:878} INFO - 
================================================================================
DAG File Processing Stats

File Path                                      PID    Runtime      # DAGs    # Errors  Last Runtime    Last Run
---------------------------------------------  -----  ---------  --------  ----------  --------------  -------------------
/opt/airflow/dags/dag_customer_rfm_dinda_c.py                           1           0  0.13s           2026-09-17T14:06:28
================================================================================
[2026-09-17T14:07:24.090+0000] {manager.py:878} INFO - 
================================================================================
DAG File Processing Stats

File Path                                      PID    Runtime      # DAGs    # Errors  Last Runtime    Last Run
---------------------------------------------  -----  ---------  --------  ----------  --------------  -------------------
/opt/airflow/dags/dag_customer_rfm_dinda_c.py                           1           0  0.15s           2026-09-17T14:06:58
================================================================================
[2026-09-17T14:07:55.244+0000] {manager.py:878} INFO - 
================================================================================
DAG File Processing Stats

File Path                                      PID    Runtime      # DAGs    # Errors  Last Runtime    Last Run
---------------------------------------------  -----  ---------  --------  ----------  --------------  -------------------
/opt/airflow/dags/dag_customer_rfm_dinda_c.py                           1           0  0.12s           2026-09-17T14:07:29
================================================================================
[2026-09-17T14:08:28.252+0000] {manager.py:878} INFO - 
================================================================================
DAG File Processing Stats

File Path                                      PID    Runtime      # DAGs    # Errors  Last Runtime    Last Run
---------------------------------------------  -----  ---------  --------  ----------  --------------  -------------------
/opt/airflow/dags/dag_customer_rfm_dinda_c.py                           1           0  0.12s           2026-09-17T14:08:00
================================================================================
[2026-09-17T14:09:01.485+0000] {manager.py:878} INFO - 
================================================================================
DAG File Processing Stats

File Path                                      PID    Runtime      # DAGs    # Errors  Last Runtime    Last Run
---------------------------------------------  -----  ---------  --------  ----------  --------------  -------------------
/opt/airflow/dags/dag_customer_rfm_dinda_c.py                           1           0  0.12s           2026-09-17T14:08:32
================================================================================
[2026-09-17T14:09:36.707+0000] {manager.py:878} INFO - 
================================================================================
DAG File Processing Stats

File Path                                        PID  Runtime      # DAGs    # Errors  Last Runtime    Last Run
---------------------------------------------  -----  ---------  --------  ----------  --------------  -------------------
/opt/airflow/dags/dag_customer_rfm_dinda_c.py    856  0.00s             1           0  0.11s           2026-09-17T14:09:04
================================================================================
[2026-09-17T14:10:09.397+0000] {manager.py:878} INFO - 
================================================================================
DAG File Processing Stats

File Path                                        PID  Runtime      # DAGs    # Errors  Last Runtime    Last Run
---------------------------------------------  -----  ---------  --------  ----------  --------------  -------------------
/opt/airflow/dags/dag_customer_rfm_dinda_c.py    861  0.00s             1           0  0.11s           2026-09-17T14:09:36
================================================================================
[2026-09-17T14:10:18.538+0000] {manager.py:737} INFO - Searching for files in /opt/airflow/dags
[2026-09-17T14:10:18.560+0000] {manager.py:740} INFO - There are 1 files in /opt/airflow/dags
[2026-09-17T14:10:42.362+0000] {manager.py:878} INFO - 
================================================================================
DAG File Processing Stats

File Path                                        PID  Runtime      # DAGs    # Errors  Last Runtime    Last Run
---------------------------------------------  -----  ---------  --------  ----------  --------------  -------------------
/opt/airflow/dags/dag_customer_rfm_dinda_c.py    866  0.02s             1           0  0.12s           2026-09-17T14:10:09
================================================================================
[2026-09-17T14:11:15.416+0000] {manager.py:878} INFO - 
================================================================================
DAG File Processing Stats

File Path                                      PID    Runtime      # DAGs    # Errors  Last Runtime    Last Run
---------------------------------------------  -----  ---------  --------  ----------  --------------  -------------------
/opt/airflow/dags/dag_customer_rfm_dinda_c.py                           1           0  0.29s           2026-09-17T14:11:14
================================================================================
[2026-09-17T14:11:48.504+0000] {manager.py:878} INFO - 
================================================================================
DAG File Processing Stats

File Path                                      PID    Runtime      # DAGs    # Errors  Last Runtime    Last Run
---------------------------------------------  -----  ---------  --------  ----------  --------------  -------------------
/opt/airflow/dags/dag_customer_rfm_dinda_c.py                           1           0  0.33s           2026-09-17T14:11:47
================================================================================
[2026-09-17T14:12:19.317+0000] {manager.py:878} INFO - 
================================================================================
DAG File Processing Stats

File Path                                        PID  Runtime      # DAGs    # Errors  Last Runtime    Last Run
---------------------------------------------  -----  ---------  --------  ----------  --------------  -------------------
/opt/airflow/dags/dag_customer_rfm_dinda_c.py    881  1.02s             1           0  0.33s           2026-09-17T14:11:47
================================================================================
[2026-09-17T14:12:52.297+0000] {manager.py:878} INFO - 
================================================================================
DAG File Processing Stats

File Path                                      PID    Runtime      # DAGs    # Errors  Last Runtime    Last Run
---------------------------------------------  -----  ---------  --------  ----------  --------------  -------------------
/opt/airflow/dags/dag_customer_rfm_dinda_c.py                           1           0  -0.48s          2026-09-17T14:12:49
================================================================================
[2026-09-17T14:13:27.514+0000] {manager.py:878} INFO - 
================================================================================
DAG File Processing Stats

File Path                                      PID    Runtime      # DAGs    # Errors  Last Runtime    Last Run
---------------------------------------------  -----  ---------  --------  ----------  --------------  -------------------
/opt/airflow/dags/dag_customer_rfm_dinda_c.py                           1           0  0.30s           2026-09-17T14:13:20
================================================================================
[2026-09-17T14:14:00.944+0000] {manager.py:878} INFO - 
================================================================================
DAG File Processing Stats

File Path                                      PID    Runtime      # DAGs    # Errors  Last Runtime    Last Run
---------------------------------------------  -----  ---------  --------  ----------  --------------  -------------------
/opt/airflow/dags/dag_customer_rfm_dinda_c.py                           1           0  0.32s           2026-09-17T14:13:51
================================================================================
[2026-09-17T14:14:33.959+0000] {manager.py:878} INFO - 
================================================================================
DAG File Processing Stats

File Path                                      PID    Runtime      # DAGs    # Errors  Last Runtime    Last Run
---------------------------------------------  -----  ---------  --------  ----------  --------------  -------------------
/opt/airflow/dags/dag_customer_rfm_dinda_c.py                           1           0  0.35s           2026-09-17T14:14:21
================================================================================
[2026-09-17T14:15:07.083+0000] {manager.py:878} INFO - 
================================================================================
DAG File Processing Stats

File Path                                      PID    Runtime      # DAGs    # Errors  Last Runtime    Last Run
---------------------------------------------  -----  ---------  --------  ----------  --------------  -------------------
/opt/airflow/dags/dag_customer_rfm_dinda_c.py                           1           0  0.29s           2026-09-17T14:14:52
================================================================================
[2026-09-17T14:15:18.551+0000] {manager.py:737} INFO - Searching for files in /opt/airflow/dags
[2026-09-17T14:15:18.694+0000] {manager.py:740} INFO - There are 1 files in /opt/airflow/dags
[2026-09-17T14:15:40.031+0000] {manager.py:878} INFO - 
================================================================================
DAG File Processing Stats

File Path                                      PID    Runtime      # DAGs    # Errors  Last Runtime    Last Run
---------------------------------------------  -----  ---------  --------  ----------  --------------  -------------------
/opt/airflow/dags/dag_customer_rfm_dinda_c.py                           1           0  0.61s           2026-09-17T14:15:23
================================================================================
[2026-09-17T14:16:12.915+0000] {manager.py:878} INFO - 
================================================================================
DAG File Processing Stats

File Path                                      PID    Runtime      # DAGs    # Errors  Last Runtime    Last Run
---------------------------------------------  -----  ---------  --------  ----------  --------------  -------------------
/opt/airflow/dags/dag_customer_rfm_dinda_c.py                           1           0  0.28s           2026-09-17T14:15:54
================================================================================
[2026-09-17T14:16:45.937+0000] {manager.py:878} INFO - 
================================================================================
DAG File Processing Stats

File Path                                      PID    Runtime      # DAGs    # Errors  Last Runtime    Last Run
---------------------------------------------  -----  ---------  --------  ----------  --------------  -------------------
/opt/airflow/dags/dag_customer_rfm_dinda_c.py                           1           0  0.30s           2026-09-17T14:16:25
================================================================================
[2026-09-17T14:17:19.070+0000] {manager.py:878} INFO - 
================================================================================
DAG File Processing Stats

File Path                                      PID    Runtime      # DAGs    # Errors  Last Runtime    Last Run
---------------------------------------------  -----  ---------  --------  ----------  --------------  -------------------
/opt/airflow/dags/dag_customer_rfm_dinda_c.py                           1           0  0.32s           2026-09-17T14:16:56
================================================================================
[2026-09-17T14:17:52.162+0000] {manager.py:878} INFO - 
================================================================================
DAG File Processing Stats

File Path                                      PID    Runtime      # DAGs    # Errors  Last Runtime    Last Run
---------------------------------------------  -----  ---------  --------  ----------  --------------  -------------------
/opt/airflow/dags/dag_customer_rfm_dinda_c.py                           1           0  0.33s           2026-09-17T14:17:27
================================================================================
[2026-09-17T14:18:25.168+0000] {manager.py:878} INFO - 
================================================================================
DAG File Processing Stats

File Path                                      PID    Runtime      # DAGs    # Errors  Last Runtime    Last Run
---------------------------------------------  -----  ---------  --------  ----------  --------------  -------------------
/opt/airflow/dags/dag_customer_rfm_dinda_c.py                           1           0  0.28s           2026-09-17T14:17:58
================================================================================
[2026-09-17T14:18:57.626+0000] {manager.py:878} INFO - 
================================================================================
DAG File Processing Stats

File Path                                      PID    Runtime      # DAGs    # Errors  Last Runtime    Last Run
---------------------------------------------  -----  ---------  --------  ----------  --------------  -------------------
/opt/airflow/dags/dag_customer_rfm_dinda_c.py                           1           0  0.60s           2026-09-17T14:18:29
================================================================================
[2026-09-17T14:19:30.308+0000] {manager.py:878} INFO - 
================================================================================
DAG File Processing Stats

File Path                                      PID    Runtime      # DAGs    # Errors  Last Runtime    Last Run
---------------------------------------------  -----  ---------  --------  ----------  --------------  -------------------
/opt/airflow/dags/dag_customer_rfm_dinda_c.py                           1           0  0.31s           2026-09-17T14:19:00
================================================================================
[2026-09-17T14:20:03.306+0000] {manager.py:878} INFO - 
================================================================================
DAG File Processing Stats

File Path                                      PID    Runtime      # DAGs    # Errors  Last Runtime    Last Run
---------------------------------------------  -----  ---------  --------  ----------  --------------  -------------------
/opt/airflow/dags/dag_customer_rfm_dinda_c.py                           1           0  0.30s           2026-09-17T14:20:02
================================================================================
[2026-09-17T14:20:18.734+0000] {manager.py:737} INFO - Searching for files in /opt/airflow/dags
[2026-09-17T14:20:18.835+0000] {manager.py:740} INFO - There are 1 files in /opt/airflow/dags
[2026-09-17T14:20:36.572+0000] {manager.py:878} INFO - 
================================================================================
DAG File Processing Stats

File Path                                      PID    Runtime      # DAGs    # Errors  Last Runtime    Last Run
---------------------------------------------  -----  ---------  --------  ----------  --------------  -------------------
/opt/airflow/dags/dag_customer_rfm_dinda_c.py                           1           0  0.37s           2026-09-17T14:20:33
================================================================================
[2026-09-17T14:21:08.988+0000] {manager.py:878} INFO - 
================================================================================
DAG File Processing Stats

File Path                                      PID    Runtime      # DAGs    # Errors  Last Runtime    Last Run
---------------------------------------------  -----  ---------  --------  ----------  --------------  -------------------
/opt/airflow/dags/dag_customer_rfm_dinda_c.py                           1           0  0.66s           2026-09-17T14:21:04
================================================================================
[2026-09-17T14:21:41.748+0000] {manager.py:878} INFO - 
================================================================================
DAG File Processing Stats

File Path                                      PID    Runtime      # DAGs    # Errors  Last Runtime    Last Run
---------------------------------------------  -----  ---------  --------  ----------  --------------  -------------------
/opt/airflow/dags/dag_customer_rfm_dinda_c.py                           1           0  0.56s           2026-09-17T14:21:35
================================================================================
[2026-09-17T14:22:12.174+0000] {manager.py:878} INFO - 
================================================================================
DAG File Processing Stats

File Path                                      PID    Runtime      # DAGs    # Errors  Last Runtime    Last Run
---------------------------------------------  -----  ---------  --------  ----------  --------------  -------------------
/opt/airflow/dags/dag_customer_rfm_dinda_c.py                           1           0  0.30s           2026-09-17T14:22:06
================================================================================
[2026-09-17T14:22:45.162+0000] {manager.py:878} INFO - 
================================================================================
DAG File Processing Stats

File Path                                      PID    Runtime      # DAGs    # Errors  Last Runtime    Last Run
---------------------------------------------  -----  ---------  --------  ----------  --------------  -------------------
/opt/airflow/dags/dag_customer_rfm_dinda_c.py                           1           0  0.35s           2026-09-17T14:22:37
================================================================================
[2026-09-17T14:23:16.162+0000] {manager.py:878} INFO - 
================================================================================
DAG File Processing Stats

File Path                                      PID    Runtime      # DAGs    # Errors  Last Runtime    Last Run
---------------------------------------------  -----  ---------  --------  ----------  --------------  -------------------
/opt/airflow/dags/dag_customer_rfm_dinda_c.py                           1           0  0.26s           2026-09-17T14:23:08
================================================================================
[2026-09-17T14:23:47.992+0000] {manager.py:878} INFO - 
================================================================================
DAG File Processing Stats

File Path                                      PID    Runtime      # DAGs    # Errors  Last Runtime    Last Run
---------------------------------------------  -----  ---------  --------  ----------  --------------  -------------------
/opt/airflow/dags/dag_customer_rfm_dinda_c.py                           1           0  0.27s           2026-09-17T14:23:38
================================================================================
[2026-09-17T14:24:18.601+0000] {manager.py:878} INFO - 
================================================================================
DAG File Processing Stats

File Path                                      PID    Runtime      # DAGs    # Errors  Last Runtime    Last Run
---------------------------------------------  -----  ---------  --------  ----------  --------------  -------------------
/opt/airflow/dags/dag_customer_rfm_dinda_c.py                           1           0  0.56s           2026-09-17T14:24:10
================================================================================
[2026-09-17T14:24:52.088+0000] {manager.py:878} INFO - 
================================================================================
DAG File Processing Stats

File Path                                      PID    Runtime      # DAGs    # Errors  Last Runtime    Last Run
---------------------------------------------  -----  ---------  --------  ----------  --------------  -------------------
/opt/airflow/dags/dag_customer_rfm_dinda_c.py                           1           0  0.58s           2026-09-17T14:24:40
================================================================================
[2026-09-17T14:25:18.968+0000] {manager.py:737} INFO - Searching for files in /opt/airflow/dags
[2026-09-17T14:25:19.050+0000] {manager.py:740} INFO - There are 1 files in /opt/airflow/dags
[2026-09-17T14:25:24.143+0000] {manager.py:878} INFO - 
================================================================================
DAG File Processing Stats

File Path                                      PID    Runtime      # DAGs    # Errors  Last Runtime    Last Run
---------------------------------------------  -----  ---------  --------  ----------  --------------  -------------------
/opt/airflow/dags/dag_customer_rfm_dinda_c.py                           1           0  0.56s           2026-09-17T14:25:11
================================================================================
[2026-09-17T14:25:56.662+0000] {manager.py:878} INFO - 
================================================================================
DAG File Processing Stats

File Path                                      PID    Runtime      # DAGs    # Errors  Last Runtime    Last Run
---------------------------------------------  -----  ---------  --------  ----------  --------------  -------------------
/opt/airflow/dags/dag_customer_rfm_dinda_c.py                           1           0  0.26s           2026-09-17T14:25:43
================================================================================
[2026-09-17T14:26:29.320+0000] {manager.py:878} INFO - 
================================================================================
DAG File Processing Stats

File Path                                      PID    Runtime      # DAGs    # Errors  Last Runtime    Last Run
---------------------------------------------  -----  ---------  --------  ----------  --------------  -------------------
/opt/airflow/dags/dag_customer_rfm_dinda_c.py                           1           0  0.67s           2026-09-17T14:26:17
================================================================================
[2026-09-17T14:27:01.717+0000] {manager.py:878} INFO - 
================================================================================
DAG File Processing Stats

File Path                                      PID    Runtime      # DAGs    # Errors  Last Runtime    Last Run
---------------------------------------------  -----  ---------  --------  ----------  --------------  -------------------
/opt/airflow/dags/dag_customer_rfm_dinda_c.py                           1           0  0.62s           2026-09-17T14:26:48
================================================================================
[2026-09-17T14:27:34.168+0000] {manager.py:878} INFO - 
================================================================================
DAG File Processing Stats

File Path                                      PID    Runtime      # DAGs    # Errors  Last Runtime    Last Run
---------------------------------------------  -----  ---------  --------  ----------  --------------  -------------------
/opt/airflow/dags/dag_customer_rfm_dinda_c.py                           1           0  0.55s           2026-09-17T14:27:20
================================================================================
[2026-09-17T14:28:06.736+0000] {manager.py:878} INFO - 
================================================================================
DAG File Processing Stats

File Path                                      PID    Runtime      # DAGs    # Errors  Last Runtime    Last Run
---------------------------------------------  -----  ---------  --------  ----------  --------------  -------------------
/opt/airflow/dags/dag_customer_rfm_dinda_c.py                           1           0  0.56s           2026-09-17T14:27:53
================================================================================
[2026-09-17T14:28:39.340+0000] {manager.py:878} INFO - 
================================================================================
DAG File Processing Stats

File Path                                      PID    Runtime      # DAGs    # Errors  Last Runtime    Last Run
---------------------------------------------  -----  ---------  --------  ----------  --------------  -------------------
/opt/airflow/dags/dag_customer_rfm_dinda_c.py                           1           0  0.31s           2026-09-17T14:28:25
================================================================================
[2026-09-17T14:29:12.438+0000] {manager.py:878} INFO - 
================================================================================
DAG File Processing Stats

File Path                                      PID    Runtime      # DAGs    # Errors  Last Runtime    Last Run
---------------------------------------------  -----  ---------  --------  ----------  --------------  -------------------
/opt/airflow/dags/dag_customer_rfm_dinda_c.py                           1           0  0.30s           2026-09-17T14:28:58
================================================================================
[2026-09-17T14:29:45.494+0000] {manager.py:878} INFO - 
================================================================================
DAG File Processing Stats

File Path                                      PID    Runtime      # DAGs    # Errors  Last Runtime    Last Run
---------------------------------------------  -----  ---------  --------  ----------  --------------  -------------------
/opt/airflow/dags/dag_customer_rfm_dinda_c.py                           1           0  0.32s           2026-09-17T14:29:30
================================================================================
[2026-09-17T14:30:18.597+0000] {manager.py:878} INFO - 
================================================================================
DAG File Processing Stats

File Path                                      PID    Runtime      # DAGs    # Errors  Last Runtime    Last Run
---------------------------------------------  -----  ---------  --------  ----------  --------------  -------------------
/opt/airflow/dags/dag_customer_rfm_dinda_c.py                           1           0  0.33s           2026-09-17T14:30:02
================================================================================
[2026-09-17T14:30:19.611+0000] {manager.py:737} INFO - Searching for files in /opt/airflow/dags
[2026-09-17T14:30:19.716+0000] {manager.py:740} INFO - There are 1 files in /opt/airflow/dags
[2026-09-17T14:30:51.584+0000] {manager.py:878} INFO - 
================================================================================
DAG File Processing Stats

File Path                                      PID    Runtime      # DAGs    # Errors  Last Runtime    Last Run
---------------------------------------------  -----  ---------  --------  ----------  --------------  -------------------
/opt/airflow/dags/dag_customer_rfm_dinda_c.py                           1           0  0.26s           2026-09-17T14:30:35
================================================================================
[2026-09-17T14:31:24.452+0000] {manager.py:878} INFO - 
================================================================================
DAG File Processing Stats

File Path                                      PID    Runtime      # DAGs    # Errors  Last Runtime    Last Run
---------------------------------------------  -----  ---------  --------  ----------  --------------  -------------------
/opt/airflow/dags/dag_customer_rfm_dinda_c.py                           1           0  0.33s           2026-09-17T14:31:07
================================================================================
[2026-09-17T14:32:20.650+0000] {manager.py:878} INFO - 
================================================================================
DAG File Processing Stats

File Path                                      PID    Runtime      # DAGs    # Errors  Last Runtime    Last Run
---------------------------------------------  -----  ---------  --------  ----------  --------------  -------------------
/opt/airflow/dags/dag_customer_rfm_dinda_c.py                           1           0  0.14s           2026-09-17T14:32:12
================================================================================
[2026-09-17T14:32:50.811+0000] {manager.py:878} INFO - 
================================================================================
DAG File Processing Stats

File Path                                      PID    Runtime      # DAGs    # Errors  Last Runtime    Last Run
---------------------------------------------  -----  ---------  --------  ----------  --------------  -------------------
/opt/airflow/dags/dag_customer_rfm_dinda_c.py                           1           0  0.11s           2026-09-17T14:32:42
================================================================================
[2026-09-17T14:33:22.416+0000] {manager.py:878} INFO - 
================================================================================
DAG File Processing Stats

File Path                                      PID    Runtime      # DAGs    # Errors  Last Runtime    Last Run
---------------------------------------------  -----  ---------  --------  ----------  --------------  -------------------
/opt/airflow/dags/dag_customer_rfm_dinda_c.py                           1           0  0.14s           2026-09-17T14:33:13
================================================================================
[2026-09-17T14:33:54.755+0000] {manager.py:878} INFO - 
================================================================================
DAG File Processing Stats

File Path                                      PID    Runtime      # DAGs    # Errors  Last Runtime    Last Run
---------------------------------------------  -----  ---------  --------  ----------  --------------  -------------------
/opt/airflow/dags/dag_customer_rfm_dinda_c.py                           1           0  0.13s           2026-09-17T14:33:43
================================================================================
[2026-09-17T14:34:27.287+0000] {manager.py:878} INFO - 
================================================================================
DAG File Processing Stats

File Path                                      PID    Runtime      # DAGs    # Errors  Last Runtime    Last Run
---------------------------------------------  -----  ---------  --------  ----------  --------------  -------------------
/opt/airflow/dags/dag_customer_rfm_dinda_c.py                           1           0  0.12s           2026-09-17T14:34:14
================================================================================
[2026-09-17T14:34:59.884+0000] {manager.py:878} INFO - 
================================================================================
DAG File Processing Stats

File Path                                      PID    Runtime      # DAGs    # Errors  Last Runtime    Last Run
---------------------------------------------  -----  ---------  --------  ----------  --------------  -------------------
/opt/airflow/dags/dag_customer_rfm_dinda_c.py                           1           0  0.13s           2026-09-17T14:34:44
================================================================================
[2026-09-17T14:35:20.248+0000] {manager.py:737} INFO - Searching for files in /opt/airflow/dags
[2026-09-17T14:35:20.268+0000] {manager.py:740} INFO - There are 1 files in /opt/airflow/dags
[2026-09-17T14:35:32.346+0000] {manager.py:878} INFO - 
================================================================================
DAG File Processing Stats

File Path                                      PID    Runtime      # DAGs    # Errors  Last Runtime    Last Run
---------------------------------------------  -----  ---------  --------  ----------  --------------  -------------------
/opt/airflow/dags/dag_customer_rfm_dinda_c.py                           1           0  0.13s           2026-09-17T14:35:15
================================================================================
[2026-09-17T14:36:05.148+0000] {manager.py:878} INFO - 
================================================================================
DAG File Processing Stats

File Path                                      PID    Runtime      # DAGs    # Errors  Last Runtime    Last Run
---------------------------------------------  -----  ---------  --------  ----------  --------------  -------------------
/opt/airflow/dags/dag_customer_rfm_dinda_c.py                           1           0  0.09s           2026-09-17T14:35:46
================================================================================
[2026-09-17T14:36:37.839+0000] {manager.py:878} INFO - 
================================================================================
DAG File Processing Stats

File Path                                      PID    Runtime      # DAGs    # Errors  Last Runtime    Last Run
---------------------------------------------  -----  ---------  --------  ----------  --------------  -------------------
/opt/airflow/dags/dag_customer_rfm_dinda_c.py                           1           0  0.12s           2026-09-17T14:36:18
================================================================================
[2026-09-17T14:37:10.443+0000] {manager.py:878} INFO - 
================================================================================
DAG File Processing Stats

File Path                                      PID    Runtime      # DAGs    # Errors  Last Runtime    Last Run
---------------------------------------------  -----  ---------  --------  ----------  --------------  -------------------
/opt/airflow/dags/dag_customer_rfm_dinda_c.py                           1           0  0.12s           2026-09-17T14:36:50
================================================================================
[2026-09-17T14:37:43.112+0000] {manager.py:878} INFO - 
================================================================================
DAG File Processing Stats

File Path                                      PID    Runtime      # DAGs    # Errors  Last Runtime    Last Run
---------------------------------------------  -----  ---------  --------  ----------  --------------  -------------------
/opt/airflow/dags/dag_customer_rfm_dinda_c.py                           1           0  0.19s           2026-09-17T14:37:23
================================================================================
[2026-09-17T14:38:15.967+0000] {manager.py:878} INFO - 
================================================================================
DAG File Processing Stats

File Path                                      PID    Runtime      # DAGs    # Errors  Last Runtime    Last Run
---------------------------------------------  -----  ---------  --------  ----------  --------------  -------------------
/opt/airflow/dags/dag_customer_rfm_dinda_c.py                           1           0  0.16s           2026-09-17T14:37:55
================================================================================
[2026-09-17T14:38:48.569+0000] {manager.py:878} INFO - 
================================================================================
DAG File Processing Stats

File Path                                      PID    Runtime      # DAGs    # Errors  Last Runtime    Last Run
---------------------------------------------  -----  ---------  --------  ----------  --------------  -------------------
/opt/airflow/dags/dag_customer_rfm_dinda_c.py                           1           0  0.14s           2026-09-17T14:38:28
================================================================================
[2026-09-17T14:39:21.134+0000] {manager.py:878} INFO - 
================================================================================
DAG File Processing Stats

File Path                                      PID    Runtime      # DAGs    # Errors  Last Runtime    Last Run
---------------------------------------------  -----  ---------  --------  ----------  --------------  -------------------
/opt/airflow/dags/dag_customer_rfm_dinda_c.py                           1           0  0.14s           2026-09-17T14:39:00
================================================================================
[2026-09-17T14:39:53.773+0000] {manager.py:878} INFO - 
================================================================================
DAG File Processing Stats

File Path                                      PID    Runtime      # DAGs    # Errors  Last Runtime    Last Run
---------------------------------------------  -----  ---------  --------  ----------  --------------  -------------------
/opt/airflow/dags/dag_customer_rfm_dinda_c.py                           1           0  0.14s           2026-09-17T14:39:32
================================================================================
[2026-09-17T14:40:20.354+0000] {manager.py:737} INFO - Searching for files in /opt/airflow/dags
[2026-09-17T14:40:20.363+0000] {manager.py:740} INFO - There are 1 files in /opt/airflow/dags
[2026-09-17T14:40:26.394+0000] {manager.py:878} INFO - 
================================================================================
DAG File Processing Stats

File Path                                      PID    Runtime      # DAGs    # Errors  Last Runtime    Last Run
---------------------------------------------  -----  ---------  --------  ----------  --------------  -------------------
/opt/airflow/dags/dag_customer_rfm_dinda_c.py                           1           0  0.16s           2026-09-17T14:40:05
================================================================================
[2026-09-17T14:40:59.051+0000] {manager.py:878} INFO - 
================================================================================
DAG File Processing Stats

File Path                                      PID    Runtime      # DAGs    # Errors  Last Runtime    Last Run
---------------------------------------------  -----  ---------  --------  ----------  --------------  -------------------
/opt/airflow/dags/dag_customer_rfm_dinda_c.py                           1           0  0.14s           2026-09-17T14:40:37
================================================================================
[2026-09-17T14:41:32.963+0000] {manager.py:878} INFO - 
================================================================================
DAG File Processing Stats

File Path                                      PID    Runtime      # DAGs    # Errors  Last Runtime    Last Run
---------------------------------------------  -----  ---------  --------  ----------  --------------  -------------------
/opt/airflow/dags/dag_customer_rfm_dinda_c.py                           1           0  0.08s           2026-09-17T14:41:08
================================================================================
[2026-09-17T14:42:04.310+0000] {manager.py:878} INFO - 
================================================================================
DAG File Processing Stats

File Path                                      PID    Runtime      # DAGs    # Errors  Last Runtime    Last Run
---------------------------------------------  -----  ---------  --------  ----------  --------------  -------------------
/opt/airflow/dags/dag_customer_rfm_dinda_c.py                           1           0  0.11s           2026-09-17T14:41:39
================================================================================
[2026-09-17T14:42:37.036+0000] {manager.py:878} INFO - 
================================================================================
DAG File Processing Stats

File Path                                      PID    Runtime      # DAGs    # Errors  Last Runtime    Last Run
---------------------------------------------  -----  ---------  --------  ----------  --------------  -------------------
/opt/airflow/dags/dag_customer_rfm_dinda_c.py                           1           0  0.09s           2026-09-17T14:42:09
================================================================================
[2026-09-17T14:43:09.521+0000] {manager.py:878} INFO - 
================================================================================
DAG File Processing Stats

File Path                                      PID    Runtime      # DAGs    # Errors  Last Runtime    Last Run
---------------------------------------------  -----  ---------  --------  ----------  --------------  -------------------
/opt/airflow/dags/dag_customer_rfm_dinda_c.py                           1           0  0.08s           2026-09-17T14:42:40
================================================================================
[2026-09-17T14:43:42.200+0000] {manager.py:878} INFO - 
================================================================================
DAG File Processing Stats

File Path                                      PID    Runtime      # DAGs    # Errors  Last Runtime    Last Run
---------------------------------------------  -----  ---------  --------  ----------  --------------  -------------------
/opt/airflow/dags/dag_customer_rfm_dinda_c.py                           1           0  0.09s           2026-09-17T14:43:41
================================================================================
[2026-09-17T14:44:15.717+0000] {manager.py:878} INFO - 
================================================================================
DAG File Processing Stats

File Path                                      PID    Runtime      # DAGs    # Errors  Last Runtime    Last Run
---------------------------------------------  -----  ---------  --------  ----------  --------------  -------------------
/opt/airflow/dags/dag_customer_rfm_dinda_c.py                           1           0  0.09s           2026-09-17T14:44:11
================================================================================
[2026-09-17T14:44:47.193+0000] {manager.py:878} INFO - 
================================================================================
DAG File Processing Stats

File Path                                      PID    Runtime      # DAGs    # Errors  Last Runtime    Last Run
---------------------------------------------  -----  ---------  --------  ----------  --------------  -------------------
/opt/airflow/dags/dag_customer_rfm_dinda_c.py                           1           0  0.08s           2026-09-17T14:44:42
================================================================================
[2026-09-17T14:45:21.046+0000] {manager.py:737} INFO - Searching for files in /opt/airflow/dags
[2026-09-17T14:45:21.055+0000] {manager.py:740} INFO - There are 1 files in /opt/airflow/dags
[2026-09-17T14:45:21.060+0000] {manager.py:878} INFO - 
================================================================================
DAG File Processing Stats

File Path                                      PID    Runtime      # DAGs    # Errors  Last Runtime    Last Run
---------------------------------------------  -----  ---------  --------  ----------  --------------  -------------------
/opt/airflow/dags/dag_customer_rfm_dinda_c.py                           1           0  0.09s           2026-09-17T14:45:14
================================================================================
[2026-09-17T14:45:53.444+0000] {manager.py:878} INFO - 
================================================================================
DAG File Processing Stats

File Path                                      PID    Runtime      # DAGs    # Errors  Last Runtime    Last Run
---------------------------------------------  -----  ---------  --------  ----------  --------------  -------------------
/opt/airflow/dags/dag_customer_rfm_dinda_c.py                           1           0  0.08s           2026-09-17T14:45:46
================================================================================
[2026-09-17T14:46:24.890+0000] {manager.py:878} INFO - 
================================================================================
DAG File Processing Stats

File Path                                      PID    Runtime      # DAGs    # Errors  Last Runtime    Last Run
---------------------------------------------  -----  ---------  --------  ----------  --------------  -------------------
/opt/airflow/dags/dag_customer_rfm_dinda_c.py                           1           0  0.09s           2026-09-17T14:46:16
================================================================================
[2026-09-17T14:46:57.187+0000] {manager.py:878} INFO - 
================================================================================
DAG File Processing Stats

File Path                                      PID    Runtime      # DAGs    # Errors  Last Runtime    Last Run
---------------------------------------------  -----  ---------  --------  ----------  --------------  -------------------
/opt/airflow/dags/dag_customer_rfm_dinda_c.py                           1           0  0.09s           2026-09-17T14:46:47
================================================================================
[2026-09-17T14:47:29.520+0000] {manager.py:878} INFO - 
================================================================================
DAG File Processing Stats

File Path                                      PID    Runtime      # DAGs    # Errors  Last Runtime    Last Run
---------------------------------------------  -----  ---------  --------  ----------  --------------  -------------------
/opt/airflow/dags/dag_customer_rfm_dinda_c.py                           1           0  0.09s           2026-09-17T14:47:17
================================================================================
[2026-09-17T14:48:02.245+0000] {manager.py:878} INFO - 
================================================================================
DAG File Processing Stats

File Path                                      PID    Runtime      # DAGs    # Errors  Last Runtime    Last Run
---------------------------------------------  -----  ---------  --------  ----------  --------------  -------------------
/opt/airflow/dags/dag_customer_rfm_dinda_c.py                           1           0  0.08s           2026-09-17T14:47:48
================================================================================
[2026-09-17T14:48:34.882+0000] {manager.py:878} INFO - 
================================================================================
DAG File Processing Stats

File Path                                      PID    Runtime      # DAGs    # Errors  Last Runtime    Last Run
---------------------------------------------  -----  ---------  --------  ----------  --------------  -------------------
/opt/airflow/dags/dag_customer_rfm_dinda_c.py                           1           0  0.09s           2026-09-17T14:48:18
================================================================================
[2026-09-17T14:49:07.487+0000] {manager.py:878} INFO - 
================================================================================
DAG File Processing Stats

File Path                                      PID    Runtime      # DAGs    # Errors  Last Runtime    Last Run
---------------------------------------------  -----  ---------  --------  ----------  --------------  -------------------
/opt/airflow/dags/dag_customer_rfm_dinda_c.py                           1           0  0.10s           2026-09-17T14:48:49
================================================================================
[2026-09-17T14:49:40.057+0000] {manager.py:878} INFO - 
================================================================================
DAG File Processing Stats

File Path                                      PID    Runtime      # DAGs    # Errors  Last Runtime    Last Run
---------------------------------------------  -----  ---------  --------  ----------  --------------  -------------------
/opt/airflow/dags/dag_customer_rfm_dinda_c.py                           1           0  0.09s           2026-09-17T14:49:19
================================================================================
[2026-09-17T14:50:12.785+0000] {manager.py:878} INFO - 
================================================================================
DAG File Processing Stats

File Path                                      PID    Runtime      # DAGs    # Errors  Last Runtime    Last Run
---------------------------------------------  -----  ---------  --------  ----------  --------------  -------------------
/opt/airflow/dags/dag_customer_rfm_dinda_c.py                           1           0  0.09s           2026-09-17T14:49:50
================================================================================
[2026-09-17T14:50:21.627+0000] {manager.py:737} INFO - Searching for files in /opt/airflow/dags
[2026-09-17T14:50:21.635+0000] {manager.py:740} INFO - There are 1 files in /opt/airflow/dags
[2026-09-17T14:50:45.793+0000] {manager.py:878} INFO - 
================================================================================
DAG File Processing Stats

File Path                                      PID    Runtime      # DAGs    # Errors  Last Runtime    Last Run
---------------------------------------------  -----  ---------  --------  ----------  --------------  -------------------
/opt/airflow/dags/dag_customer_rfm_dinda_c.py                           1           0  0.09s           2026-09-17T14:50:21
================================================================================
[2026-09-17T14:51:18.639+0000] {manager.py:878} INFO - 
================================================================================
DAG File Processing Stats

File Path                                      PID    Runtime      # DAGs    # Errors  Last Runtime    Last Run
---------------------------------------------  -----  ---------  --------  ----------  --------------  -------------------
/opt/airflow/dags/dag_customer_rfm_dinda_c.py                           1           0  0.09s           2026-09-17T14:50:54
================================================================================
[2026-09-17T14:51:52.490+0000] {manager.py:878} INFO - 
================================================================================
DAG File Processing Stats

File Path                                      PID    Runtime      # DAGs    # Errors  Last Runtime    Last Run
---------------------------------------------  -----  ---------  --------  ----------  --------------  -------------------
/opt/airflow/dags/dag_customer_rfm_dinda_c.py                           1           0  0.09s           2026-09-17T14:51:25
================================================================================
[2026-09-17T14:52:23.858+0000] {manager.py:878} INFO - 
================================================================================
DAG File Processing Stats

File Path                                      PID    Runtime      # DAGs    # Errors  Last Runtime    Last Run
---------------------------------------------  -----  ---------  --------  ----------  --------------  -------------------
/opt/airflow/dags/dag_customer_rfm_dinda_c.py                           1           0  0.09s           2026-09-17T14:51:55
================================================================================
[2026-09-17T14:52:56.439+0000] {manager.py:878} INFO - 
================================================================================
DAG File Processing Stats

File Path                                        PID  Runtime      # DAGs    # Errors  Last Runtime    Last Run
---------------------------------------------  -----  ---------  --------  ----------  --------------  -------------------
/opt/airflow/dags/dag_customer_rfm_dinda_c.py   1271  0.00s             1           0  0.13s           2026-09-17T14:52:26
================================================================================
[2026-09-17T14:53:29.229+0000] {manager.py:878} INFO - 
================================================================================
DAG File Processing Stats

File Path                                      PID    Runtime      # DAGs    # Errors  Last Runtime    Last Run
---------------------------------------------  -----  ---------  --------  ----------  --------------  -------------------
/opt/airflow/dags/dag_customer_rfm_dinda_c.py                           1           0  0.09s           2026-09-17T14:53:27
================================================================================
[2026-09-17T14:54:07.436+0000] {manager.py:878} INFO - 
================================================================================
DAG File Processing Stats

File Path                                      PID    Runtime      # DAGs    # Errors  Last Runtime    Last Run
---------------------------------------------  -----  ---------  --------  ----------  --------------  -------------------
/opt/airflow/dags/dag_customer_rfm_dinda_c.py                           1           0  0.09s           2026-09-17T14:53:57
================================================================================
[2026-09-17T14:54:38.883+0000] {manager.py:878} INFO - 
================================================================================
DAG File Processing Stats

File Path                                      PID    Runtime      # DAGs    # Errors  Last Runtime    Last Run
---------------------------------------------  -----  ---------  --------  ----------  --------------  -------------------
/opt/airflow/dags/dag_customer_rfm_dinda_c.py                           1           0  0.10s           2026-09-17T14:54:27
================================================================================
[2026-09-17T20:13:31.040+0000] {manager.py:737} INFO - Searching for files in /opt/airflow/dags
[2026-09-17T20:13:31.165+0000] {manager.py:740} INFO - There are 1 files in /opt/airflow/dags
[2026-09-17T20:31:44.401+0000] {manager.py:737} INFO - Searching for files in /opt/airflow/dags
[2026-09-17T20:31:44.413+0000] {manager.py:740} INFO - There are 1 files in /opt/airflow/dags
[2026-09-18T13:02:08.439+0000] {manager.py:470} INFO - Processing files using up to 2 processes at a time 
[2026-09-18T13:02:08.441+0000] {manager.py:471} INFO - Process each file at most once every 30 seconds
[2026-09-18T13:02:08.441+0000] {manager.py:472} INFO - Checking for new files in /opt/airflow/dags every 300 seconds
[2026-09-18T13:02:08.442+0000] {manager.py:737} INFO - Searching for files in /opt/airflow/dags
[2026-09-18T13:02:08.483+0000] {manager.py:740} INFO - There are 1 files in /opt/airflow/dags
[2026-09-18T13:02:08.621+0000] {manager.py:878} INFO - 
================================================================================
DAG File Processing Stats

File Path                                        PID  Runtime      # DAGs    # Errors  Last Runtime    Last Run
---------------------------------------------  -----  ---------  --------  ----------  --------------  ----------
/opt/airflow/dags/dag_customer_rfm_dinda_c.py    195  0.07s             0           0
================================================================================
[2026-09-18T13:02:38.813+0000] {manager.py:878} INFO - 
================================================================================
DAG File Processing Stats

File Path                                        PID  Runtime      # DAGs    # Errors  Last Runtime    Last Run
---------------------------------------------  -----  ---------  --------  ----------  --------------  -------------------
/opt/airflow/dags/dag_customer_rfm_dinda_c.py    209  0.00s             1           0  0.18s           2026-09-18T13:02:08
================================================================================
[2026-09-18T13:03:09.037+0000] {manager.py:878} INFO - 
================================================================================
DAG File Processing Stats

File Path                                        PID  Runtime      # DAGs    # Errors  Last Runtime    Last Run
---------------------------------------------  -----  ---------  --------  ----------  --------------  -------------------
/opt/airflow/dags/dag_customer_rfm_dinda_c.py    214  0.00s             1           0  0.11s           2026-09-18T13:02:38
================================================================================
[2026-09-18T13:03:39.195+0000] {manager.py:878} INFO - 
================================================================================
DAG File Processing Stats

File Path                                        PID  Runtime      # DAGs    # Errors  Last Runtime    Last Run
---------------------------------------------  -----  ---------  --------  ----------  --------------  -------------------
/opt/airflow/dags/dag_customer_rfm_dinda_c.py    219  0.00s             1           0  0.10s           2026-09-18T13:03:09
================================================================================
[2026-09-18T13:04:09.401+0000] {manager.py:878} INFO - 
================================================================================
DAG File Processing Stats

File Path                                        PID  Runtime      # DAGs    # Errors  Last Runtime    Last Run
---------------------------------------------  -----  ---------  --------  ----------  --------------  -------------------
/opt/airflow/dags/dag_customer_rfm_dinda_c.py    224  0.00s             1           0  0.10s           2026-09-18T13:03:39
================================================================================
[2026-09-18T13:04:39.572+0000] {manager.py:878} INFO - 
================================================================================
DAG File Processing Stats

File Path                                        PID  Runtime      # DAGs    # Errors  Last Runtime    Last Run
---------------------------------------------  -----  ---------  --------  ----------  --------------  -------------------
/opt/airflow/dags/dag_customer_rfm_dinda_c.py    229  0.00s             1           0  0.09s           2026-09-18T13:04:09
================================================================================
[2026-09-18T13:05:09.791+0000] {manager.py:878} INFO - 
================================================================================
DAG File Processing Stats

File Path                                        PID  Runtime      # DAGs    # Errors  Last Runtime    Last Run
---------------------------------------------  -----  ---------  --------  ----------  --------------  -------------------
/opt/airflow/dags/dag_customer_rfm_dinda_c.py    234  0.00s             1           0  0.10s           2026-09-18T13:04:39
================================================================================
[2026-09-18T13:05:39.954+0000] {manager.py:878} INFO - 
================================================================================
DAG File Processing Stats

File Path                                        PID  Runtime      # DAGs    # Errors  Last Runtime    Last Run
---------------------------------------------  -----  ---------  --------  ----------  --------------  -------------------
/opt/airflow/dags/dag_customer_rfm_dinda_c.py    239  0.00s             1           0  0.09s           2026-09-18T13:05:09
================================================================================
[2026-09-18T13:06:10.146+0000] {manager.py:878} INFO - 
================================================================================
DAG File Processing Stats

File Path                                        PID  Runtime      # DAGs    # Errors  Last Runtime    Last Run
---------------------------------------------  -----  ---------  --------  ----------  --------------  -------------------
/opt/airflow/dags/dag_customer_rfm_dinda_c.py    244  0.00s             1           0  0.09s           2026-09-18T13:05:40
================================================================================
[2026-09-18T13:06:40.329+0000] {manager.py:878} INFO - 
================================================================================
DAG File Processing Stats

File Path                                        PID  Runtime      # DAGs    # Errors  Last Runtime    Last Run
---------------------------------------------  -----  ---------  --------  ----------  --------------  -------------------
/opt/airflow/dags/dag_customer_rfm_dinda_c.py    249  0.00s             1           0  0.12s           2026-09-18T13:06:10
================================================================================
[2026-09-18T13:07:08.506+0000] {manager.py:737} INFO - Searching for files in /opt/airflow/dags
[2026-09-18T13:07:08.523+0000] {manager.py:740} INFO - There are 1 files in /opt/airflow/dags
[2026-09-18T13:07:10.549+0000] {manager.py:878} INFO - 
================================================================================
DAG File Processing Stats

File Path                                        PID  Runtime      # DAGs    # Errors  Last Runtime    Last Run
---------------------------------------------  -----  ---------  --------  ----------  --------------  -------------------
/opt/airflow/dags/dag_customer_rfm_dinda_c.py    254  0.00s             1           0  0.10s           2026-09-18T13:06:40
================================================================================
[2026-09-18T13:07:40.686+0000] {manager.py:878} INFO - 
================================================================================
DAG File Processing Stats

File Path                                        PID  Runtime      # DAGs    # Errors  Last Runtime    Last Run
---------------------------------------------  -----  ---------  --------  ----------  --------------  -------------------
/opt/airflow/dags/dag_customer_rfm_dinda_c.py    259  0.00s             1           0  0.10s           2026-09-18T13:07:10
================================================================================
[2026-09-18T13:08:10.904+0000] {manager.py:878} INFO - 
================================================================================
DAG File Processing Stats

File Path                                        PID  Runtime      # DAGs    # Errors  Last Runtime    Last Run
---------------------------------------------  -----  ---------  --------  ----------  --------------  -------------------
/opt/airflow/dags/dag_customer_rfm_dinda_c.py    264  0.00s             1           0  0.10s           2026-09-18T13:07:40
================================================================================
[2026-09-18T13:08:41.054+0000] {manager.py:878} INFO - 
================================================================================
DAG File Processing Stats

File Path                                        PID  Runtime      # DAGs    # Errors  Last Runtime    Last Run
---------------------------------------------  -----  ---------  --------  ----------  --------------  -------------------
/opt/airflow/dags/dag_customer_rfm_dinda_c.py    269  0.00s             1           0  0.09s           2026-09-18T13:08:10
================================================================================
[2026-09-18T13:09:11.312+0000] {manager.py:878} INFO - 
================================================================================
DAG File Processing Stats

File Path                                        PID  Runtime      # DAGs    # Errors  Last Runtime    Last Run
---------------------------------------------  -----  ---------  --------  ----------  --------------  -------------------
/opt/airflow/dags/dag_customer_rfm_dinda_c.py    274  0.00s             1           0  0.09s           2026-09-18T13:08:41
================================================================================
[2026-09-18T13:09:41.460+0000] {manager.py:878} INFO - 
================================================================================
DAG File Processing Stats

File Path                                        PID  Runtime      # DAGs    # Errors  Last Runtime    Last Run
---------------------------------------------  -----  ---------  --------  ----------  --------------  -------------------
/opt/airflow/dags/dag_customer_rfm_dinda_c.py    279  0.00s             1           0  0.11s           2026-09-18T13:09:11
================================================================================
[2026-09-18T13:10:11.739+0000] {manager.py:878} INFO - 
================================================================================
DAG File Processing Stats

File Path                                        PID  Runtime      # DAGs    # Errors  Last Runtime    Last Run
---------------------------------------------  -----  ---------  --------  ----------  --------------  -------------------
/opt/airflow/dags/dag_customer_rfm_dinda_c.py    284  0.00s             1           0  0.09s           2026-09-18T13:09:41
================================================================================
[2026-09-18T13:10:41.907+0000] {manager.py:878} INFO - 
================================================================================
DAG File Processing Stats

File Path                                        PID  Runtime      # DAGs    # Errors  Last Runtime    Last Run
---------------------------------------------  -----  ---------  --------  ----------  --------------  -------------------
/opt/airflow/dags/dag_customer_rfm_dinda_c.py    289  0.00s             1           0  0.09s           2026-09-18T13:10:11
================================================================================
[2026-09-18T13:11:12.191+0000] {manager.py:878} INFO - 
================================================================================
DAG File Processing Stats

File Path                                      PID    Runtime      # DAGs    # Errors  Last Runtime    Last Run
---------------------------------------------  -----  ---------  --------  ----------  --------------  -------------------
/opt/airflow/dags/dag_customer_rfm_dinda_c.py                           1           0  0.10s           2026-09-18T13:10:59
================================================================================
[2026-09-18T13:11:42.397+0000] {manager.py:878} INFO - 
================================================================================
DAG File Processing Stats

File Path                                      PID    Runtime      # DAGs    # Errors  Last Runtime    Last Run
---------------------------------------------  -----  ---------  --------  ----------  --------------  -------------------
/opt/airflow/dags/dag_customer_rfm_dinda_c.py                           1           0  0.09s           2026-09-18T13:11:29
================================================================================
[2026-09-18T13:12:08.597+0000] {manager.py:737} INFO - Searching for files in /opt/airflow/dags
[2026-09-18T13:12:08.619+0000] {manager.py:740} INFO - There are 1 files in /opt/airflow/dags
[2026-09-18T13:12:12.654+0000] {manager.py:878} INFO - 
================================================================================
DAG File Processing Stats

File Path                                      PID    Runtime      # DAGs    # Errors  Last Runtime    Last Run
---------------------------------------------  -----  ---------  --------  ----------  --------------  -------------------
/opt/airflow/dags/dag_customer_rfm_dinda_c.py                           1           0  0.13s           2026-09-18T13:11:59
================================================================================
[2026-09-18T13:12:42.879+0000] {manager.py:878} INFO - 
================================================================================
DAG File Processing Stats

File Path                                      PID    Runtime      # DAGs    # Errors  Last Runtime    Last Run
---------------------------------------------  -----  ---------  --------  ----------  --------------  -------------------
/opt/airflow/dags/dag_customer_rfm_dinda_c.py                           1           0  0.10s           2026-09-18T13:12:34
================================================================================
[2026-09-18T13:13:13.072+0000] {manager.py:878} INFO - 
================================================================================
DAG File Processing Stats

File Path                                      PID    Runtime      # DAGs    # Errors  Last Runtime    Last Run
---------------------------------------------  -----  ---------  --------  ----------  --------------  -------------------
/opt/airflow/dags/dag_customer_rfm_dinda_c.py                           1           0  0.10s           2026-09-18T13:13:05
================================================================================
[2026-09-18T13:13:43.232+0000] {manager.py:878} INFO - 
================================================================================
DAG File Processing Stats

File Path                                      PID    Runtime      # DAGs    # Errors  Last Runtime    Last Run
---------------------------------------------  -----  ---------  --------  ----------  --------------  -------------------
/opt/airflow/dags/dag_customer_rfm_dinda_c.py                           1           0  0.09s           2026-09-18T13:13:35
================================================================================
[2026-09-18T13:14:13.434+0000] {manager.py:878} INFO - 
================================================================================
DAG File Processing Stats

File Path                                      PID    Runtime      # DAGs    # Errors  Last Runtime    Last Run
---------------------------------------------  -----  ---------  --------  ----------  --------------  -------------------
/opt/airflow/dags/dag_customer_rfm_dinda_c.py                           1           0  0.09s           2026-09-18T13:14:05
================================================================================
[2026-09-18T13:14:43.598+0000] {manager.py:878} INFO - 
================================================================================
DAG File Processing Stats

File Path                                      PID    Runtime      # DAGs    # Errors  Last Runtime    Last Run
---------------------------------------------  -----  ---------  --------  ----------  --------------  -------------------
/opt/airflow/dags/dag_customer_rfm_dinda_c.py                           1           0  0.08s           2026-09-18T13:14:35
================================================================================
[2026-09-18T13:15:13.809+0000] {manager.py:878} INFO - 
================================================================================
DAG File Processing Stats

File Path                                      PID    Runtime      # DAGs    # Errors  Last Runtime    Last Run
---------------------------------------------  -----  ---------  --------  ----------  --------------  -------------------
/opt/airflow/dags/dag_customer_rfm_dinda_c.py                           1           0  0.10s           2026-09-18T13:15:05
================================================================================
[2026-09-18T13:15:43.990+0000] {manager.py:878} INFO - 
================================================================================
DAG File Processing Stats

File Path                                      PID    Runtime      # DAGs    # Errors  Last Runtime    Last Run
---------------------------------------------  -----  ---------  --------  ----------  --------------  -------------------
/opt/airflow/dags/dag_customer_rfm_dinda_c.py                           1           0  0.11s           2026-09-18T13:15:36
================================================================================
[2026-09-18T13:16:14.216+0000] {manager.py:878} INFO - 
================================================================================
DAG File Processing Stats

File Path                                      PID    Runtime      # DAGs    # Errors  Last Runtime    Last Run
---------------------------------------------  -----  ---------  --------  ----------  --------------  -------------------
/opt/airflow/dags/dag_customer_rfm_dinda_c.py                           1           0  0.10s           2026-09-18T13:16:06
================================================================================
[2026-09-18T13:16:44.365+0000] {manager.py:878} INFO - 
================================================================================
DAG File Processing Stats

File Path                                      PID    Runtime      # DAGs    # Errors  Last Runtime    Last Run
---------------------------------------------  -----  ---------  --------  ----------  --------------  -------------------
/opt/airflow/dags/dag_customer_rfm_dinda_c.py                           1           0  0.10s           2026-09-18T13:16:36
================================================================================
[2026-09-18T13:17:08.658+0000] {manager.py:737} INFO - Searching for files in /opt/airflow/dags
[2026-09-18T13:17:08.717+0000] {manager.py:740} INFO - There are 1 files in /opt/airflow/dags
[2026-09-18T13:17:14.599+0000] {manager.py:878} INFO - 
================================================================================
DAG File Processing Stats

File Path                                      PID    Runtime      # DAGs    # Errors  Last Runtime    Last Run
---------------------------------------------  -----  ---------  --------  ----------  --------------  -------------------
/opt/airflow/dags/dag_customer_rfm_dinda_c.py                           1           0  0.14s           2026-09-18T13:17:06
================================================================================
[2026-09-18T13:17:44.891+0000] {manager.py:878} INFO - 
================================================================================
DAG File Processing Stats

File Path                                      PID    Runtime      # DAGs    # Errors  Last Runtime    Last Run
---------------------------------------------  -----  ---------  --------  ----------  --------------  -------------------
/opt/airflow/dags/dag_customer_rfm_dinda_c.py                           1           0  0.16s           2026-09-18T13:17:36
================================================================================
[2026-09-18T13:18:15.088+0000] {manager.py:878} INFO - 
================================================================================
DAG File Processing Stats

File Path                                      PID    Runtime      # DAGs    # Errors  Last Runtime    Last Run
---------------------------------------------  -----  ---------  --------  ----------  --------------  -------------------
/opt/airflow/dags/dag_customer_rfm_dinda_c.py                           1           0  0.10s           2026-09-18T13:18:07
================================================================================
[2026-09-18T13:18:45.266+0000] {manager.py:878} INFO - 
================================================================================
DAG File Processing Stats

File Path                                      PID    Runtime      # DAGs    # Errors  Last Runtime    Last Run
---------------------------------------------  -----  ---------  --------  ----------  --------------  -------------------
/opt/airflow/dags/dag_customer_rfm_dinda_c.py                           1           0  0.09s           2026-09-18T13:18:37
================================================================================
[2026-09-18T13:19:15.452+0000] {manager.py:878} INFO - 
================================================================================
DAG File Processing Stats

File Path                                      PID    Runtime      # DAGs    # Errors  Last Runtime    Last Run
---------------------------------------------  -----  ---------  --------  ----------  --------------  -------------------
/opt/airflow/dags/dag_customer_rfm_dinda_c.py                           1           0  0.10s           2026-09-18T13:19:07
================================================================================
[2026-09-18T13:19:45.623+0000] {manager.py:878} INFO - 
================================================================================
DAG File Processing Stats

File Path                                      PID    Runtime      # DAGs    # Errors  Last Runtime    Last Run
---------------------------------------------  -----  ---------  --------  ----------  --------------  -------------------
/opt/airflow/dags/dag_customer_rfm_dinda_c.py                           1           0  0.08s           2026-09-18T13:19:37
================================================================================
[2026-09-18T13:20:15.796+0000] {manager.py:878} INFO - 
================================================================================
DAG File Processing Stats

File Path                                      PID    Runtime      # DAGs    # Errors  Last Runtime    Last Run
---------------------------------------------  -----  ---------  --------  ----------  --------------  -------------------
/opt/airflow/dags/dag_customer_rfm_dinda_c.py                           1           0  0.08s           2026-09-18T13:20:07
================================================================================
[2026-09-18T13:20:45.976+0000] {manager.py:878} INFO - 
================================================================================
DAG File Processing Stats

File Path                                      PID    Runtime      # DAGs    # Errors  Last Runtime    Last Run
---------------------------------------------  -----  ---------  --------  ----------  --------------  -------------------
/opt/airflow/dags/dag_customer_rfm_dinda_c.py                           1           0  0.09s           2026-09-18T13:20:38
================================================================================
[2026-09-18T13:21:16.178+0000] {manager.py:878} INFO - 
================================================================================
DAG File Processing Stats

File Path                                      PID    Runtime      # DAGs    # Errors  Last Runtime    Last Run
---------------------------------------------  -----  ---------  --------  ----------  --------------  -------------------
/opt/airflow/dags/dag_customer_rfm_dinda_c.py                           1           0  0.10s           2026-09-18T13:21:08
================================================================================
[2026-09-18T13:21:46.350+0000] {manager.py:878} INFO - 
================================================================================
DAG File Processing Stats

File Path                                      PID    Runtime      # DAGs    # Errors  Last Runtime    Last Run
---------------------------------------------  -----  ---------  --------  ----------  --------------  -------------------
/opt/airflow/dags/dag_customer_rfm_dinda_c.py                           1           0  0.08s           2026-09-18T13:21:38
================================================================================
[2026-09-18T13:22:09.524+0000] {manager.py:737} INFO - Searching for files in /opt/airflow/dags
[2026-09-18T13:22:09.532+0000] {manager.py:740} INFO - There are 1 files in /opt/airflow/dags
[2026-09-18T13:22:16.576+0000] {manager.py:878} INFO - 
================================================================================
DAG File Processing Stats

File Path                                      PID    Runtime      # DAGs    # Errors  Last Runtime    Last Run
---------------------------------------------  -----  ---------  --------  ----------  --------------  -------------------
/opt/airflow/dags/dag_customer_rfm_dinda_c.py                           1           0  0.11s           2026-09-18T13:22:08
================================================================================
[2026-09-18T13:22:46.793+0000] {manager.py:878} INFO - 
================================================================================
DAG File Processing Stats

File Path                                      PID    Runtime      # DAGs    # Errors  Last Runtime    Last Run
---------------------------------------------  -----  ---------  --------  ----------  --------------  -------------------
/opt/airflow/dags/dag_customer_rfm_dinda_c.py                           1           0  0.09s           2026-09-18T13:22:38
================================================================================
[2026-09-18T13:23:17.046+0000] {manager.py:878} INFO - 
================================================================================
DAG File Processing Stats

File Path                                      PID    Runtime      # DAGs    # Errors  Last Runtime    Last Run
---------------------------------------------  -----  ---------  --------  ----------  --------------  -------------------
/opt/airflow/dags/dag_customer_rfm_dinda_c.py                           1           0  0.10s           2026-09-18T13:23:09
================================================================================
[2026-09-18T13:23:47.267+0000] {manager.py:878} INFO - 
================================================================================
DAG File Processing Stats

File Path                                      PID    Runtime      # DAGs    # Errors  Last Runtime    Last Run
---------------------------------------------  -----  ---------  --------  ----------  --------------  -------------------
/opt/airflow/dags/dag_customer_rfm_dinda_c.py                           1           0  0.08s           2026-09-18T13:23:39
================================================================================
[2026-09-18T13:24:17.457+0000] {manager.py:878} INFO - 
================================================================================
DAG File Processing Stats

File Path                                      PID    Runtime      # DAGs    # Errors  Last Runtime    Last Run
---------------------------------------------  -----  ---------  --------  ----------  --------------  -------------------
/opt/airflow/dags/dag_customer_rfm_dinda_c.py                           1           0  0.10s           2026-09-18T13:24:09
================================================================================
[2026-09-18T13:24:47.702+0000] {manager.py:878} INFO - 
================================================================================
DAG File Processing Stats

File Path                                      PID    Runtime      # DAGs    # Errors  Last Runtime    Last Run
---------------------------------------------  -----  ---------  --------  ----------  --------------  -------------------
/opt/airflow/dags/dag_customer_rfm_dinda_c.py                           1           0  0.14s           2026-09-18T13:24:39
================================================================================
[2026-09-18T13:25:17.957+0000] {manager.py:878} INFO - 
================================================================================
DAG File Processing Stats

File Path                                      PID    Runtime      # DAGs    # Errors  Last Runtime    Last Run
---------------------------------------------  -----  ---------  --------  ----------  --------------  -------------------
/opt/airflow/dags/dag_customer_rfm_dinda_c.py                           1           0  0.11s           2026-09-18T13:25:09
================================================================================
[2026-09-18T13:25:48.126+0000] {manager.py:878} INFO - 
================================================================================
DAG File Processing Stats

File Path                                      PID    Runtime      # DAGs    # Errors  Last Runtime    Last Run
---------------------------------------------  -----  ---------  --------  ----------  --------------  -------------------
/opt/airflow/dags/dag_customer_rfm_dinda_c.py                           1           0  0.08s           2026-09-18T13:25:40
================================================================================
[2026-09-18T13:26:18.335+0000] {manager.py:878} INFO - 
================================================================================
DAG File Processing Stats

File Path                                      PID    Runtime      # DAGs    # Errors  Last Runtime    Last Run
---------------------------------------------  -----  ---------  --------  ----------  --------------  -------------------
/opt/airflow/dags/dag_customer_rfm_dinda_c.py                           1           0  0.09s           2026-09-18T13:26:10
================================================================================
[2026-09-18T13:26:48.529+0000] {manager.py:878} INFO - 
================================================================================
DAG File Processing Stats

File Path                                      PID    Runtime      # DAGs    # Errors  Last Runtime    Last Run
---------------------------------------------  -----  ---------  --------  ----------  --------------  -------------------
/opt/airflow/dags/dag_customer_rfm_dinda_c.py                           1           0  0.11s           2026-09-18T13:26:40
================================================================================
[2026-09-18T13:27:09.646+0000] {manager.py:737} INFO - Searching for files in /opt/airflow/dags
[2026-09-18T13:27:09.656+0000] {manager.py:740} INFO - There are 1 files in /opt/airflow/dags
[2026-09-18T13:27:18.776+0000] {manager.py:878} INFO - 
================================================================================
DAG File Processing Stats

File Path                                      PID    Runtime      # DAGs    # Errors  Last Runtime    Last Run
---------------------------------------------  -----  ---------  --------  ----------  --------------  -------------------
/opt/airflow/dags/dag_customer_rfm_dinda_c.py                           1           0  0.10s           2026-09-18T13:27:10
================================================================================
[2026-09-18T13:27:48.952+0000] {manager.py:878} INFO - 
================================================================================
DAG File Processing Stats

File Path                                      PID    Runtime      # DAGs    # Errors  Last Runtime    Last Run
---------------------------------------------  -----  ---------  --------  ----------  --------------  -------------------
/opt/airflow/dags/dag_customer_rfm_dinda_c.py                           1           0  0.09s           2026-09-18T13:27:40
================================================================================
[2026-09-18T13:28:19.167+0000] {manager.py:878} INFO - 
================================================================================
DAG File Processing Stats

File Path                                      PID    Runtime      # DAGs    # Errors  Last Runtime    Last Run
---------------------------------------------  -----  ---------  --------  ----------  --------------  -------------------
/opt/airflow/dags/dag_customer_rfm_dinda_c.py                           1           0  0.09s           2026-09-18T13:28:11
================================================================================
[2026-09-18T13:28:49.347+0000] {manager.py:878} INFO - 
================================================================================
DAG File Processing Stats

File Path                                      PID    Runtime      # DAGs    # Errors  Last Runtime    Last Run
---------------------------------------------  -----  ---------  --------  ----------  --------------  -------------------
/opt/airflow/dags/dag_customer_rfm_dinda_c.py                           1           0  0.09s           2026-09-18T13:28:41
================================================================================
[2026-09-18T13:29:19.564+0000] {manager.py:878} INFO - 
================================================================================
DAG File Processing Stats

File Path                                      PID    Runtime      # DAGs    # Errors  Last Runtime    Last Run
---------------------------------------------  -----  ---------  --------  ----------  --------------  -------------------
/opt/airflow/dags/dag_customer_rfm_dinda_c.py                           1           0  0.12s           2026-09-18T13:29:11
================================================================================
[2026-09-18T13:29:49.749+0000] {manager.py:878} INFO - 
================================================================================
DAG File Processing Stats

File Path                                      PID    Runtime      # DAGs    # Errors  Last Runtime    Last Run
---------------------------------------------  -----  ---------  --------  ----------  --------------  -------------------
/opt/airflow/dags/dag_customer_rfm_dinda_c.py                           1           0  0.09s           2026-09-18T13:29:41
================================================================================
[2026-09-18T13:30:19.950+0000] {manager.py:878} INFO - 
================================================================================
DAG File Processing Stats

File Path                                      PID    Runtime      # DAGs    # Errors  Last Runtime    Last Run
---------------------------------------------  -----  ---------  --------  ----------  --------------  -------------------
/opt/airflow/dags/dag_customer_rfm_dinda_c.py                           1           0  0.10s           2026-09-18T13:30:11
================================================================================
[2026-09-18T13:30:50.131+0000] {manager.py:878} INFO - 
================================================================================
DAG File Processing Stats

File Path                                      PID    Runtime      # DAGs    # Errors  Last Runtime    Last Run
---------------------------------------------  -----  ---------  --------  ----------  --------------  -------------------
/opt/airflow/dags/dag_customer_rfm_dinda_c.py                           1           0  0.10s           2026-09-18T13:30:42
================================================================================
[2026-09-18T13:31:20.342+0000] {manager.py:878} INFO - 
================================================================================
DAG File Processing Stats

File Path                                      PID    Runtime      # DAGs    # Errors  Last Runtime    Last Run
---------------------------------------------  -----  ---------  --------  ----------  --------------  -------------------
/opt/airflow/dags/dag_customer_rfm_dinda_c.py                           1           0  0.09s           2026-09-18T13:31:12
================================================================================
[2026-09-18T13:31:50.561+0000] {manager.py:878} INFO - 
================================================================================
DAG File Processing Stats

File Path                                      PID    Runtime      # DAGs    # Errors  Last Runtime    Last Run
---------------------------------------------  -----  ---------  --------  ----------  --------------  -------------------
/opt/airflow/dags/dag_customer_rfm_dinda_c.py                           1           0  0.10s           2026-09-18T13:31:42
================================================================================
[2026-09-18T13:32:09.662+0000] {manager.py:737} INFO - Searching for files in /opt/airflow/dags
[2026-09-18T13:32:09.670+0000] {manager.py:740} INFO - There are 1 files in /opt/airflow/dags
[2026-09-18T13:32:20.793+0000] {manager.py:878} INFO - 
================================================================================
DAG File Processing Stats

File Path                                      PID    Runtime      # DAGs    # Errors  Last Runtime    Last Run
---------------------------------------------  -----  ---------  --------  ----------  --------------  -------------------
/opt/airflow/dags/dag_customer_rfm_dinda_c.py                           1           0  0.09s           2026-09-18T13:32:12
================================================================================
[2026-09-18T13:32:50.960+0000] {manager.py:878} INFO - 
================================================================================
DAG File Processing Stats

File Path                                      PID    Runtime      # DAGs    # Errors  Last Runtime    Last Run
---------------------------------------------  -----  ---------  --------  ----------  --------------  -------------------
/opt/airflow/dags/dag_customer_rfm_dinda_c.py                           1           0  0.09s           2026-09-18T13:32:43
================================================================================
[2026-09-18T13:33:21.186+0000] {manager.py:878} INFO - 
================================================================================
DAG File Processing Stats

File Path                                      PID    Runtime      # DAGs    # Errors  Last Runtime    Last Run
---------------------------------------------  -----  ---------  --------  ----------  --------------  -------------------
/opt/airflow/dags/dag_customer_rfm_dinda_c.py                           1           0  0.09s           2026-09-18T13:33:13
================================================================================
[2026-09-18T13:33:51.348+0000] {manager.py:878} INFO - 
================================================================================
DAG File Processing Stats

File Path                                      PID    Runtime      # DAGs    # Errors  Last Runtime    Last Run
---------------------------------------------  -----  ---------  --------  ----------  --------------  -------------------
/opt/airflow/dags/dag_customer_rfm_dinda_c.py                           1           0  0.11s           2026-09-18T13:33:43
================================================================================
[2026-09-18T13:34:21.602+0000] {manager.py:878} INFO - 
================================================================================
DAG File Processing Stats

File Path                                      PID    Runtime      # DAGs    # Errors  Last Runtime    Last Run
---------------------------------------------  -----  ---------  --------  ----------  --------------  -------------------
/opt/airflow/dags/dag_customer_rfm_dinda_c.py                           1           0  0.09s           2026-09-18T13:34:13
================================================================================
[2026-09-18T13:34:51.767+0000] {manager.py:878} INFO - 
================================================================================
DAG File Processing Stats

File Path                                      PID    Runtime      # DAGs    # Errors  Last Runtime    Last Run
---------------------------------------------  -----  ---------  --------  ----------  --------------  -------------------
/opt/airflow/dags/dag_customer_rfm_dinda_c.py                           1           0  0.09s           2026-09-18T13:34:43
================================================================================
[2026-09-18T13:35:21.993+0000] {manager.py:878} INFO - 
================================================================================
DAG File Processing Stats

File Path                                      PID    Runtime      # DAGs    # Errors  Last Runtime    Last Run
---------------------------------------------  -----  ---------  --------  ----------  --------------  -------------------
/opt/airflow/dags/dag_customer_rfm_dinda_c.py                           1           0  0.10s           2026-09-18T13:35:13
================================================================================
[2026-09-18T13:35:52.171+0000] {manager.py:878} INFO - 
================================================================================
DAG File Processing Stats

File Path                                      PID    Runtime      # DAGs    # Errors  Last Runtime    Last Run
---------------------------------------------  -----  ---------  --------  ----------  --------------  -------------------
/opt/airflow/dags/dag_customer_rfm_dinda_c.py                           1           0  0.09s           2026-09-18T13:35:44
================================================================================
[2026-09-18T13:36:22.394+0000] {manager.py:878} INFO - 
================================================================================
DAG File Processing Stats

File Path                                      PID    Runtime      # DAGs    # Errors  Last Runtime    Last Run
---------------------------------------------  -----  ---------  --------  ----------  --------------  -------------------
/opt/airflow/dags/dag_customer_rfm_dinda_c.py                           1           0  0.10s           2026-09-18T13:36:14
================================================================================
[2026-09-18T13:36:52.554+0000] {manager.py:878} INFO - 
================================================================================
DAG File Processing Stats

File Path                                      PID    Runtime      # DAGs    # Errors  Last Runtime    Last Run
---------------------------------------------  -----  ---------  --------  ----------  --------------  -------------------
/opt/airflow/dags/dag_customer_rfm_dinda_c.py                           1           0  0.08s           2026-09-18T13:36:44
================================================================================
[2026-09-18T13:37:09.699+0000] {manager.py:737} INFO - Searching for files in /opt/airflow/dags
[2026-09-18T13:37:09.709+0000] {manager.py:740} INFO - There are 1 files in /opt/airflow/dags
[2026-09-18T13:37:22.774+0000] {manager.py:878} INFO - 
================================================================================
DAG File Processing Stats

File Path                                      PID    Runtime      # DAGs    # Errors  Last Runtime    Last Run
---------------------------------------------  -----  ---------  --------  ----------  --------------  -------------------
/opt/airflow/dags/dag_customer_rfm_dinda_c.py                           1           0  0.08s           2026-09-18T13:37:14
================================================================================
[2026-09-18T13:37:52.949+0000] {manager.py:878} INFO - 
================================================================================
DAG File Processing Stats

File Path                                      PID    Runtime      # DAGs    # Errors  Last Runtime    Last Run
---------------------------------------------  -----  ---------  --------  ----------  --------------  -------------------
/opt/airflow/dags/dag_customer_rfm_dinda_c.py                           1           0  0.09s           2026-09-18T13:37:44
================================================================================
[2026-09-18T13:38:23.246+0000] {manager.py:878} INFO - 
================================================================================
DAG File Processing Stats

File Path                                      PID    Runtime      # DAGs    # Errors  Last Runtime    Last Run
---------------------------------------------  -----  ---------  --------  ----------  --------------  -------------------
/opt/airflow/dags/dag_customer_rfm_dinda_c.py                           1           0  0.20s           2026-09-18T13:38:19
================================================================================
[2026-09-18T13:38:53.411+0000] {manager.py:878} INFO - 
================================================================================
DAG File Processing Stats

File Path                                      PID    Runtime      # DAGs    # Errors  Last Runtime    Last Run
---------------------------------------------  -----  ---------  --------  ----------  --------------  -------------------
/opt/airflow/dags/dag_customer_rfm_dinda_c.py                           1           0  0.09s           2026-09-18T13:38:49
================================================================================
[2026-09-18T13:39:23.639+0000] {manager.py:878} INFO - 
================================================================================
DAG File Processing Stats

File Path                                      PID    Runtime      # DAGs    # Errors  Last Runtime    Last Run
---------------------------------------------  -----  ---------  --------  ----------  --------------  -------------------
/opt/airflow/dags/dag_customer_rfm_dinda_c.py                           1           0  0.13s           2026-09-18T13:39:10
================================================================================
[2026-09-18T13:39:53.832+0000] {manager.py:878} INFO - 
================================================================================
DAG File Processing Stats

File Path                                      PID    Runtime      # DAGs    # Errors  Last Runtime    Last Run
---------------------------------------------  -----  ---------  --------  ----------  --------------  -------------------
/opt/airflow/dags/dag_customer_rfm_dinda_c.py                           1           0  0.10s           2026-09-18T13:39:40
================================================================================
[2026-09-18T13:40:23.982+0000] {manager.py:878} INFO - 
================================================================================
DAG File Processing Stats

File Path                                      PID    Runtime      # DAGs    # Errors  Last Runtime    Last Run
---------------------------------------------  -----  ---------  --------  ----------  --------------  -------------------
/opt/airflow/dags/dag_customer_rfm_dinda_c.py                           1           0  0.09s           2026-09-18T13:40:11
================================================================================
[2026-09-18T13:40:54.226+0000] {manager.py:878} INFO - 
================================================================================
DAG File Processing Stats

File Path                                      PID    Runtime      # DAGs    # Errors  Last Runtime    Last Run
---------------------------------------------  -----  ---------  --------  ----------  --------------  -------------------
/opt/airflow/dags/dag_customer_rfm_dinda_c.py                           1           0  0.08s           2026-09-18T13:40:41
================================================================================
[2026-09-18T13:41:24.384+0000] {manager.py:878} INFO - 
================================================================================
DAG File Processing Stats

File Path                                      PID    Runtime      # DAGs    # Errors  Last Runtime    Last Run
---------------------------------------------  -----  ---------  --------  ----------  --------------  -------------------
/opt/airflow/dags/dag_customer_rfm_dinda_c.py                           1           0  0.11s           2026-09-18T13:41:11
================================================================================
[2026-09-18T13:41:54.613+0000] {manager.py:878} INFO - 
================================================================================
DAG File Processing Stats

File Path                                      PID    Runtime      # DAGs    # Errors  Last Runtime    Last Run
---------------------------------------------  -----  ---------  --------  ----------  --------------  -------------------
/opt/airflow/dags/dag_customer_rfm_dinda_c.py                           1           0  0.09s           2026-09-18T13:41:41
================================================================================
[2026-09-18T13:42:09.700+0000] {manager.py:737} INFO - Searching for files in /opt/airflow/dags
[2026-09-18T13:42:09.708+0000] {manager.py:740} INFO - There are 1 files in /opt/airflow/dags
[2026-09-18T13:42:24.783+0000] {manager.py:878} INFO - 
================================================================================
DAG File Processing Stats

File Path                                      PID    Runtime      # DAGs    # Errors  Last Runtime    Last Run
---------------------------------------------  -----  ---------  --------  ----------  --------------  -------------------
/opt/airflow/dags/dag_customer_rfm_dinda_c.py                           1           0  0.10s           2026-09-18T13:42:11
================================================================================
[2026-09-18T13:42:55.007+0000] {manager.py:878} INFO - 
================================================================================
DAG File Processing Stats

File Path                                      PID    Runtime      # DAGs    # Errors  Last Runtime    Last Run
---------------------------------------------  -----  ---------  --------  ----------  --------------  -------------------
/opt/airflow/dags/dag_customer_rfm_dinda_c.py                           1           0  0.09s           2026-09-18T13:42:41
================================================================================
[2026-09-18T13:43:25.177+0000] {manager.py:878} INFO - 
================================================================================
DAG File Processing Stats

File Path                                      PID    Runtime      # DAGs    # Errors  Last Runtime    Last Run
---------------------------------------------  -----  ---------  --------  ----------  --------------  -------------------
/opt/airflow/dags/dag_customer_rfm_dinda_c.py                           1           0  0.11s           2026-09-18T13:43:12
================================================================================
[2026-09-18T13:43:55.415+0000] {manager.py:878} INFO - 
================================================================================
DAG File Processing Stats

File Path                                      PID    Runtime      # DAGs    # Errors  Last Runtime    Last Run
---------------------------------------------  -----  ---------  --------  ----------  --------------  -------------------
/opt/airflow/dags/dag_customer_rfm_dinda_c.py                           1           0  0.09s           2026-09-18T13:43:42
================================================================================
[2026-09-18T13:44:25.584+0000] {manager.py:878} INFO - 
================================================================================
DAG File Processing Stats

File Path                                      PID    Runtime      # DAGs    # Errors  Last Runtime    Last Run
---------------------------------------------  -----  ---------  --------  ----------  --------------  -------------------
/opt/airflow/dags/dag_customer_rfm_dinda_c.py                           1           0  0.10s           2026-09-18T13:44:12
================================================================================
[2026-09-18T13:44:55.791+0000] {manager.py:878} INFO - 
================================================================================
DAG File Processing Stats

File Path                                      PID    Runtime      # DAGs    # Errors  Last Runtime    Last Run
---------------------------------------------  -----  ---------  --------  ----------  --------------  -------------------
/opt/airflow/dags/dag_customer_rfm_dinda_c.py                           1           0  0.09s           2026-09-18T13:44:42
================================================================================
[2026-09-18T13:45:25.962+0000] {manager.py:878} INFO - 
================================================================================
DAG File Processing Stats

File Path                                      PID    Runtime      # DAGs    # Errors  Last Runtime    Last Run
---------------------------------------------  -----  ---------  --------  ----------  --------------  -------------------
/opt/airflow/dags/dag_customer_rfm_dinda_c.py                           1           0  0.09s           2026-09-18T13:45:12
================================================================================
[2026-09-18T13:45:56.163+0000] {manager.py:878} INFO - 
================================================================================
DAG File Processing Stats

File Path                                      PID    Runtime      # DAGs    # Errors  Last Runtime    Last Run
---------------------------------------------  -----  ---------  --------  ----------  --------------  -------------------
/opt/airflow/dags/dag_customer_rfm_dinda_c.py                           1           0  0.11s           2026-09-18T13:45:43
================================================================================
[2026-09-18T13:46:26.354+0000] {manager.py:878} INFO - 
================================================================================
DAG File Processing Stats

File Path                                      PID    Runtime      # DAGs    # Errors  Last Runtime    Last Run
---------------------------------------------  -----  ---------  --------  ----------  --------------  -------------------
/opt/airflow/dags/dag_customer_rfm_dinda_c.py                           1           0  0.10s           2026-09-18T13:46:13
================================================================================
[2026-09-18T13:46:56.550+0000] {manager.py:878} INFO - 
================================================================================
DAG File Processing Stats

File Path                                      PID    Runtime      # DAGs    # Errors  Last Runtime    Last Run
---------------------------------------------  -----  ---------  --------  ----------  --------------  -------------------
/opt/airflow/dags/dag_customer_rfm_dinda_c.py                           1           0  0.08s           2026-09-18T13:46:43
================================================================================
[2026-09-18T13:47:10.606+0000] {manager.py:737} INFO - Searching for files in /opt/airflow/dags
[2026-09-18T13:47:10.614+0000] {manager.py:740} INFO - There are 1 files in /opt/airflow/dags
[2026-09-18T13:47:26.722+0000] {manager.py:878} INFO - 
================================================================================
DAG File Processing Stats

File Path                                      PID    Runtime      # DAGs    # Errors  Last Runtime    Last Run
---------------------------------------------  -----  ---------  --------  ----------  --------------  -------------------
/opt/airflow/dags/dag_customer_rfm_dinda_c.py                           1           0  0.10s           2026-09-18T13:47:13
================================================================================
[2026-09-18T13:47:56.915+0000] {manager.py:878} INFO - 
================================================================================
DAG File Processing Stats

File Path                                      PID    Runtime      # DAGs    # Errors  Last Runtime    Last Run
---------------------------------------------  -----  ---------  --------  ----------  --------------  -------------------
/opt/airflow/dags/dag_customer_rfm_dinda_c.py                           1           0  0.09s           2026-09-18T13:47:43
================================================================================
[2026-09-18T13:48:27.085+0000] {manager.py:878} INFO - 
================================================================================
DAG File Processing Stats

File Path                                      PID    Runtime      # DAGs    # Errors  Last Runtime    Last Run
---------------------------------------------  -----  ---------  --------  ----------  --------------  -------------------
/opt/airflow/dags/dag_customer_rfm_dinda_c.py                           1           0  0.09s           2026-09-18T13:48:14
================================================================================
[2026-09-18T13:48:57.274+0000] {manager.py:878} INFO - 
================================================================================
DAG File Processing Stats

File Path                                      PID    Runtime      # DAGs    # Errors  Last Runtime    Last Run
---------------------------------------------  -----  ---------  --------  ----------  --------------  -------------------
/opt/airflow/dags/dag_customer_rfm_dinda_c.py                           1           0  0.09s           2026-09-18T13:48:44
================================================================================
[2026-09-18T13:49:27.455+0000] {manager.py:878} INFO - 
================================================================================
DAG File Processing Stats

File Path                                      PID    Runtime      # DAGs    # Errors  Last Runtime    Last Run
---------------------------------------------  -----  ---------  --------  ----------  --------------  -------------------
/opt/airflow/dags/dag_customer_rfm_dinda_c.py                           1           0  0.14s           2026-09-18T13:49:14
================================================================================
[2026-09-18T13:49:57.617+0000] {manager.py:878} INFO - 
================================================================================
DAG File Processing Stats

File Path                                      PID    Runtime      # DAGs    # Errors  Last Runtime    Last Run
---------------------------------------------  -----  ---------  --------  ----------  --------------  -------------------
/opt/airflow/dags/dag_customer_rfm_dinda_c.py                           1           0  0.10s           2026-09-18T13:49:44
================================================================================
[2026-09-18T13:50:27.831+0000] {manager.py:878} INFO - 
================================================================================
DAG File Processing Stats

File Path                                      PID    Runtime      # DAGs    # Errors  Last Runtime    Last Run
---------------------------------------------  -----  ---------  --------  ----------  --------------  -------------------
/opt/airflow/dags/dag_customer_rfm_dinda_c.py                           1           0  0.10s           2026-09-18T13:50:14
================================================================================
[2026-09-18T13:50:58.058+0000] {manager.py:878} INFO - 
================================================================================
DAG File Processing Stats

File Path                                      PID    Runtime      # DAGs    # Errors  Last Runtime    Last Run
---------------------------------------------  -----  ---------  --------  ----------  --------------  -------------------
/opt/airflow/dags/dag_customer_rfm_dinda_c.py                           1           0  0.10s           2026-09-18T13:50:45
================================================================================
[2026-09-18T13:51:28.259+0000] {manager.py:878} INFO - 
================================================================================
DAG File Processing Stats

File Path                                      PID    Runtime      # DAGs    # Errors  Last Runtime    Last Run
---------------------------------------------  -----  ---------  --------  ----------  --------------  -------------------
/opt/airflow/dags/dag_customer_rfm_dinda_c.py                           1           0  0.10s           2026-09-18T13:51:15
================================================================================
[2026-09-18T13:51:58.429+0000] {manager.py:878} INFO - 
================================================================================
DAG File Processing Stats

File Path                                      PID    Runtime      # DAGs    # Errors  Last Runtime    Last Run
---------------------------------------------  -----  ---------  --------  ----------  --------------  -------------------
/opt/airflow/dags/dag_customer_rfm_dinda_c.py                           1           0  0.09s           2026-09-18T13:51:45
================================================================================
[2026-09-18T13:52:11.490+0000] {manager.py:737} INFO - Searching for files in /opt/airflow/dags
[2026-09-18T13:52:11.499+0000] {manager.py:740} INFO - There are 1 files in /opt/airflow/dags
[2026-09-18T13:52:28.639+0000] {manager.py:878} INFO - 
================================================================================
DAG File Processing Stats

File Path                                      PID    Runtime      # DAGs    # Errors  Last Runtime    Last Run
---------------------------------------------  -----  ---------  --------  ----------  --------------  -------------------
/opt/airflow/dags/dag_customer_rfm_dinda_c.py                           1           0  0.09s           2026-09-18T13:52:15
================================================================================
[2026-09-18T13:52:58.821+0000] {manager.py:878} INFO - 
================================================================================
DAG File Processing Stats

File Path                                      PID    Runtime      # DAGs    # Errors  Last Runtime    Last Run
---------------------------------------------  -----  ---------  --------  ----------  --------------  -------------------
/opt/airflow/dags/dag_customer_rfm_dinda_c.py                           1           0  0.10s           2026-09-18T13:52:45
================================================================================
[2026-09-18T13:53:29.033+0000] {manager.py:878} INFO - 
================================================================================
DAG File Processing Stats

File Path                                      PID    Runtime      # DAGs    # Errors  Last Runtime    Last Run
---------------------------------------------  -----  ---------  --------  ----------  --------------  -------------------
/opt/airflow/dags/dag_customer_rfm_dinda_c.py                           1           0  0.09s           2026-09-18T13:53:15
================================================================================
[2026-09-18T13:53:59.198+0000] {manager.py:878} INFO - 
================================================================================
DAG File Processing Stats

File Path                                      PID    Runtime      # DAGs    # Errors  Last Runtime    Last Run
---------------------------------------------  -----  ---------  --------  ----------  --------------  -------------------
/opt/airflow/dags/dag_customer_rfm_dinda_c.py                           1           0  0.09s           2026-09-18T13:53:46
================================================================================
[2026-09-18T13:54:29.418+0000] {manager.py:878} INFO - 
================================================================================
DAG File Processing Stats

File Path                                      PID    Runtime      # DAGs    # Errors  Last Runtime    Last Run
---------------------------------------------  -----  ---------  --------  ----------  --------------  -------------------
/opt/airflow/dags/dag_customer_rfm_dinda_c.py                           1           0  0.09s           2026-09-18T13:54:16
================================================================================
[2026-09-18T13:54:59.579+0000] {manager.py:878} INFO - 
================================================================================
DAG File Processing Stats

File Path                                      PID    Runtime      # DAGs    # Errors  Last Runtime    Last Run
---------------------------------------------  -----  ---------  --------  ----------  --------------  -------------------
/opt/airflow/dags/dag_customer_rfm_dinda_c.py                           1           0  0.10s           2026-09-18T13:54:46
================================================================================
[2026-09-18T13:55:29.799+0000] {manager.py:878} INFO - 
================================================================================
DAG File Processing Stats

File Path                                      PID    Runtime      # DAGs    # Errors  Last Runtime    Last Run
---------------------------------------------  -----  ---------  --------  ----------  --------------  -------------------
/opt/airflow/dags/dag_customer_rfm_dinda_c.py                           1           0  0.09s           2026-09-18T13:55:16
================================================================================
[2026-09-18T13:56:00.024+0000] {manager.py:878} INFO - 
================================================================================
DAG File Processing Stats

File Path                                      PID    Runtime      # DAGs    # Errors  Last Runtime    Last Run
---------------------------------------------  -----  ---------  --------  ----------  --------------  -------------------
/opt/airflow/dags/dag_customer_rfm_dinda_c.py                           1           0  0.09s           2026-09-18T13:55:46
================================================================================
[2026-09-18T13:56:30.247+0000] {manager.py:878} INFO - 
================================================================================
DAG File Processing Stats

File Path                                      PID    Runtime      # DAGs    # Errors  Last Runtime    Last Run
---------------------------------------------  -----  ---------  --------  ----------  --------------  -------------------
/opt/airflow/dags/dag_customer_rfm_dinda_c.py                           1           0  0.09s           2026-09-18T13:56:17
================================================================================
[2026-09-18T13:57:00.430+0000] {manager.py:878} INFO - 
================================================================================
DAG File Processing Stats

File Path                                      PID    Runtime      # DAGs    # Errors  Last Runtime    Last Run
---------------------------------------------  -----  ---------  --------  ----------  --------------  -------------------
/opt/airflow/dags/dag_customer_rfm_dinda_c.py                           1           0  0.09s           2026-09-18T13:56:47
================================================================================
[2026-09-18T13:57:11.554+0000] {manager.py:737} INFO - Searching for files in /opt/airflow/dags
[2026-09-18T13:57:11.597+0000] {manager.py:740} INFO - There are 1 files in /opt/airflow/dags
[2026-09-18T13:57:30.621+0000] {manager.py:878} INFO - 
================================================================================
DAG File Processing Stats

File Path                                      PID    Runtime      # DAGs    # Errors  Last Runtime    Last Run
---------------------------------------------  -----  ---------  --------  ----------  --------------  -------------------
/opt/airflow/dags/dag_customer_rfm_dinda_c.py                           1           0  0.09s           2026-09-18T13:57:17
================================================================================
[2026-09-18T13:58:00.830+0000] {manager.py:878} INFO - 
================================================================================
DAG File Processing Stats

File Path                                      PID    Runtime      # DAGs    # Errors  Last Runtime    Last Run
---------------------------------------------  -----  ---------  --------  ----------  --------------  -------------------
/opt/airflow/dags/dag_customer_rfm_dinda_c.py                           1           0  0.10s           2026-09-18T13:57:47
================================================================================
[2026-09-18T13:58:31.048+0000] {manager.py:878} INFO - 
================================================================================
DAG File Processing Stats

File Path                                      PID    Runtime      # DAGs    # Errors  Last Runtime    Last Run
---------------------------------------------  -----  ---------  --------  ----------  --------------  -------------------
/opt/airflow/dags/dag_customer_rfm_dinda_c.py                           1           0  0.09s           2026-09-18T13:58:18
================================================================================
[2026-09-18T13:59:01.228+0000] {manager.py:878} INFO - 
================================================================================
DAG File Processing Stats

File Path                                      PID    Runtime      # DAGs    # Errors  Last Runtime    Last Run
---------------------------------------------  -----  ---------  --------  ----------  --------------  -------------------
/opt/airflow/dags/dag_customer_rfm_dinda_c.py                           1           0  0.10s           2026-09-18T13:58:48
================================================================================
[2026-09-18T13:59:31.480+0000] {manager.py:878} INFO - 
================================================================================
DAG File Processing Stats

File Path                                      PID    Runtime      # DAGs    # Errors  Last Runtime    Last Run
---------------------------------------------  -----  ---------  --------  ----------  --------------  -------------------
/opt/airflow/dags/dag_customer_rfm_dinda_c.py                           1           0  0.39s           2026-09-18T13:59:18
================================================================================
[2026-09-18T14:00:01.931+0000] {manager.py:878} INFO - 
================================================================================
DAG File Processing Stats

File Path                                      PID    Runtime      # DAGs    # Errors  Last Runtime    Last Run
---------------------------------------------  -----  ---------  --------  ----------  --------------  -------------------
/opt/airflow/dags/dag_customer_rfm_dinda_c.py                           1           0  0.10s           2026-09-18T13:59:48
================================================================================
[2026-09-18T14:00:32.148+0000] {manager.py:878} INFO - 
================================================================================
DAG File Processing Stats

File Path                                      PID    Runtime      # DAGs    # Errors  Last Runtime    Last Run
---------------------------------------------  -----  ---------  --------  ----------  --------------  -------------------
/opt/airflow/dags/dag_customer_rfm_dinda_c.py                           1           0  0.10s           2026-09-18T14:00:19
================================================================================
[2026-09-18T14:01:02.329+0000] {manager.py:878} INFO - 
================================================================================
DAG File Processing Stats

File Path                                      PID    Runtime      # DAGs    # Errors  Last Runtime    Last Run
---------------------------------------------  -----  ---------  --------  ----------  --------------  -------------------
/opt/airflow/dags/dag_customer_rfm_dinda_c.py                           1           0  0.09s           2026-09-18T14:00:49
================================================================================
[2026-09-18T14:01:32.527+0000] {manager.py:878} INFO - 
================================================================================
DAG File Processing Stats

File Path                                      PID    Runtime      # DAGs    # Errors  Last Runtime    Last Run
---------------------------------------------  -----  ---------  --------  ----------  --------------  -------------------
/opt/airflow/dags/dag_customer_rfm_dinda_c.py                           1           0  0.22s           2026-09-18T14:01:19
================================================================================
[2026-09-18T14:02:02.800+0000] {manager.py:878} INFO - 
================================================================================
DAG File Processing Stats

File Path                                      PID    Runtime      # DAGs    # Errors  Last Runtime    Last Run
---------------------------------------------  -----  ---------  --------  ----------  --------------  -------------------
/opt/airflow/dags/dag_customer_rfm_dinda_c.py                           1           0  0.10s           2026-09-18T14:01:49
================================================================================
[2026-09-18T14:02:11.845+0000] {manager.py:737} INFO - Searching for files in /opt/airflow/dags
[2026-09-18T14:02:11.853+0000] {manager.py:740} INFO - There are 1 files in /opt/airflow/dags
[2026-09-18T14:02:33.090+0000] {manager.py:878} INFO - 
================================================================================
DAG File Processing Stats

File Path                                      PID    Runtime      # DAGs    # Errors  Last Runtime    Last Run
---------------------------------------------  -----  ---------  --------  ----------  --------------  -------------------
/opt/airflow/dags/dag_customer_rfm_dinda_c.py                           1           0  0.09s           2026-09-18T14:02:19
================================================================================
[2026-09-18T14:03:03.243+0000] {manager.py:878} INFO - 
================================================================================
DAG File Processing Stats

File Path                                      PID    Runtime      # DAGs    # Errors  Last Runtime    Last Run
---------------------------------------------  -----  ---------  --------  ----------  --------------  -------------------
/opt/airflow/dags/dag_customer_rfm_dinda_c.py                           1           0  0.09s           2026-09-18T14:02:50
================================================================================
[2026-09-18T14:03:33.455+0000] {manager.py:878} INFO - 
================================================================================
DAG File Processing Stats

File Path                                      PID    Runtime      # DAGs    # Errors  Last Runtime    Last Run
---------------------------------------------  -----  ---------  --------  ----------  --------------  -------------------
/opt/airflow/dags/dag_customer_rfm_dinda_c.py                           1           0  0.10s           2026-09-18T14:03:20
================================================================================
[2026-09-18T14:04:03.614+0000] {manager.py:878} INFO - 
================================================================================
DAG File Processing Stats

File Path                                      PID    Runtime      # DAGs    # Errors  Last Runtime    Last Run
---------------------------------------------  -----  ---------  --------  ----------  --------------  -------------------
/opt/airflow/dags/dag_customer_rfm_dinda_c.py                           1           0  0.10s           2026-09-18T14:03:50
================================================================================
[2026-09-18T14:04:33.818+0000] {manager.py:878} INFO - 
================================================================================
DAG File Processing Stats

File Path                                      PID    Runtime      # DAGs    # Errors  Last Runtime    Last Run
---------------------------------------------  -----  ---------  --------  ----------  --------------  -------------------
/opt/airflow/dags/dag_customer_rfm_dinda_c.py                           1           0  0.09s           2026-09-18T14:04:20
================================================================================
[2026-09-18T14:05:03.987+0000] {manager.py:878} INFO - 
================================================================================
DAG File Processing Stats

File Path                                      PID    Runtime      # DAGs    # Errors  Last Runtime    Last Run
---------------------------------------------  -----  ---------  --------  ----------  --------------  -------------------
/opt/airflow/dags/dag_customer_rfm_dinda_c.py                           1           0  0.09s           2026-09-18T14:04:51
================================================================================
[2026-09-18T14:05:34.182+0000] {manager.py:878} INFO - 
================================================================================
DAG File Processing Stats

File Path                                      PID    Runtime      # DAGs    # Errors  Last Runtime    Last Run
---------------------------------------------  -----  ---------  --------  ----------  --------------  -------------------
/opt/airflow/dags/dag_customer_rfm_dinda_c.py                           1           0  0.09s           2026-09-18T14:05:21
================================================================================
[2026-09-18T14:06:04.263+0000] {manager.py:878} INFO - 
================================================================================
DAG File Processing Stats

File Path                                      PID    Runtime      # DAGs    # Errors  Last Runtime    Last Run
---------------------------------------------  -----  ---------  --------  ----------  --------------  -------------------
/opt/airflow/dags/dag_customer_rfm_dinda_c.py                           1           0  0.21s           2026-09-18T14:05:51
================================================================================
[2026-09-18T14:06:34.612+0000] {manager.py:878} INFO - 
================================================================================
DAG File Processing Stats

File Path                                      PID    Runtime      # DAGs    # Errors  Last Runtime    Last Run
---------------------------------------------  -----  ---------  --------  ----------  --------------  -------------------
/opt/airflow/dags/dag_customer_rfm_dinda_c.py                           1           0  0.10s           2026-09-18T14:06:21
================================================================================
[2026-09-18T14:07:04.825+0000] {manager.py:878} INFO - 
================================================================================
DAG File Processing Stats

File Path                                      PID    Runtime      # DAGs    # Errors  Last Runtime    Last Run
---------------------------------------------  -----  ---------  --------  ----------  --------------  -------------------
/opt/airflow/dags/dag_customer_rfm_dinda_c.py                           1           0  0.10s           2026-09-18T14:06:51
================================================================================
[2026-09-18T14:07:11.854+0000] {manager.py:737} INFO - Searching for files in /opt/airflow/dags
[2026-09-18T14:07:11.885+0000] {manager.py:740} INFO - There are 1 files in /opt/airflow/dags
[2026-09-18T14:07:35.016+0000] {manager.py:878} INFO - 
================================================================================
DAG File Processing Stats

File Path                                      PID    Runtime      # DAGs    # Errors  Last Runtime    Last Run
---------------------------------------------  -----  ---------  --------  ----------  --------------  -------------------
/opt/airflow/dags/dag_customer_rfm_dinda_c.py                           1           0  0.09s           2026-09-18T14:07:22
================================================================================
[2026-09-18T14:08:05.227+0000] {manager.py:878} INFO - 
================================================================================
DAG File Processing Stats

File Path                                      PID    Runtime      # DAGs    # Errors  Last Runtime    Last Run
---------------------------------------------  -----  ---------  --------  ----------  --------------  -------------------
/opt/airflow/dags/dag_customer_rfm_dinda_c.py                           1           0  0.22s           2026-09-18T14:07:52
================================================================================
[2026-09-18T14:08:35.523+0000] {manager.py:878} INFO - 
================================================================================
DAG File Processing Stats

File Path                                      PID    Runtime      # DAGs    # Errors  Last Runtime    Last Run
---------------------------------------------  -----  ---------  --------  ----------  --------------  -------------------
/opt/airflow/dags/dag_customer_rfm_dinda_c.py                           1           0  0.10s           2026-09-18T14:08:22
================================================================================
